ID,SKU,name,description,current_price,current_stock,status,creation_date,last_update
28,PROD-00008,"Hisense Smart TV 85"" 8K Master",Pantalla premium de máxima resolución con inteligencia artificial - Modelo 2023,2959.45,39,INACTIVE,2026-05-07 03:20:25,2026-06-08 02:46:24
29,PROD-00009,"Sony Smart TV 85"" 8K Master",Pantalla premium de máxima resolución con inteligencia artificial - Modelo 2024,2801.57,48,ACTIVE,2025-12-14 04:33:10,2025-12-17 08:48:32
30,PROD-00010,"Samsung Smart TV 40"" Full HD",Pantalla plana Full HD con puertos HDMI y USB multimedia - Modelo 2025,344.42,78,ACTIVE,2025-07-19 14:23:33,2025-08-15 03:16:10
31,PROD-00011,"Hisense Smart TV 85"" 8K Master",Pantalla premium de máxima resolución con inteligencia artificial - Modelo 2026,2598.92,96,INACTIVE,2025-10-22 19:33:00,2025-12-06 10:26:16
32,PROD-00012,"TCL Smart TV 55"" 4K QLED",Televisor QLED con tecnología Quantum Dot y diseño ultra fino - Modelo 2023,590.68,47,ACTIVE,2025-06-08 07:15:22,2025-06-20 14:13:15
33,PROD-00013,"TCL Smart TV 55"" 4K QLED",Televisor QLED con tecnología Quantum Dot y diseño ultra fino - Modelo 2024,618.22,14,INACTIVE,2025-07-03 07:25:23,2025-07-17 14:41:20
34,PROD-00014,"Philips Smart TV 55"" 4K QLED",Televisor QLED con tecnología Quantum Dot y diseño ultra fino - Modelo 2025,588.28,99,ACTIVE,2025-01-12 23:17:07,2025-02-15 11:20:36
35,PROD-00015,"Xiaomi Smart TV 43"" 4K UHD",Televisor inteligente con HDR10+ y sistema operativo webOS - Modelo 2026,377.63,61,INACTIVE,2026-07-08 20:53:40,2026-08-18 09:03:03
36,PROD-00016,"Samsung Smart TV 50"" 4K Crystal",Pantalla UHD con procesador Crystal 4K y PurColor - Modelo 2023,474.04,139,INACTIVE,2026-06-12 23:30:15,2026-07-29 11:32:16
37,PROD-00017,"Samsung Smart TV 32"" HD LED",Televisor LED HD con Roku integrado y sonido Dolby Audio - Modelo 2024,298.22,61,ACTIVE,2026-06-08 11:56:38,2026-07-28 14:22:38
38,PROD-00018,"Panasonic Smart TV 65"" 4K UHD",Pantalla grande con Dolby Vision Atmos y control por voz - Modelo 2025,814.23,126,ACTIVE,2026-02-11 14:22:38,2026-02-23 05:35:35
39,PROD-00019,"Sony Smart TV 65"" 4K UHD",Pantalla grande con Dolby Vision Atmos y control por voz - Modelo 2026,899.03,51,INACTIVE,2025-10-14 23:54:14,2025-10-30 08:03:51
40,PROD-00020,"TCL Smart TV 65"" 4K UHD",Pantalla grande con Dolby Vision Atmos y control por voz - Modelo 2023,889.56,24,ACTIVE,2025-06-30 19:23:11,2025-08-13 20:07:11
41,PROD-00021,"Sony Smart TV 50"" 4K Crystal",Pantalla UHD con procesador Crystal 4K y PurColor - Modelo 2024,487.29,88,ACTIVE,2026-02-13 04:32:08,2026-03-11 21:02:20
42,PROD-00022,"Philips Smart TV 40"" Full HD",Pantalla plana Full HD con puertos HDMI y USB multimedia - Modelo 2025,360.88,121,ACTIVE,2025-11-06 20:12:45,2025-11-12 08:04:44
43,PROD-00023,"Panasonic Smart TV 32"" HD LED",Televisor LED HD con Roku integrado y sonido Dolby Audio - Modelo 2026,270.52,25,ACTIVE,2025-07-26 15:40:14,2025-09-12 17:43:11
44,PROD-00024,"Philips Smart TV 65"" 4K UHD",Pantalla grande con Dolby Vision Atmos y control por voz - Modelo 2023,947.98,95,ACTIVE,2025-04-30 08:27:51,2025-06-05 21:24:35
45,PROD-00025,"Xiaomi Smart TV 65"" 4K UHD",Pantalla grande con Dolby Vision Atmos y control por voz - Modelo 2024,865.26,46,ACTIVE,2025-06-05 03:43:16,2025-07-25 12:02:02
46,PROD-00026,"Xiaomi Smart TV 75"" 4K Frameless",Televisor sin bordes de gran formato con panel LED avanzado - Modelo 2025,1206.95,79,ACTIVE,2025-07-31 02:34:43,2025-08-31 12:43:22
47,PROD-00027,"Sony Smart TV 85"" 8K Master",Pantalla premium de máxima resolución con inteligencia artificial - Modelo 2026,2944.29,31,ACTIVE,2026-01-01 23:21:13,2026-01-26 16:43:48
48,PROD-00028,"Hisense Smart TV 40"" Full HD",Pantalla plana Full HD con puertos HDMI y USB multimedia - Modelo 2023,333.72,149,ACTIVE,2025-10-07 12:07:24,2025-11-02 22:52:50
49,PROD-00029,"Xiaomi Smart TV 40"" Full HD",Pantalla plana Full HD con puertos HDMI y USB multimedia - Modelo 2024,265.63,94,ACTIVE,2025-02-01 09:05:29,2025-03-22 00:33:11
50,PROD-00030,"Panasonic Smart TV 85"" 8K Master",Pantalla premium de máxima resolución con inteligencia artificial - Modelo 2025,2805.17,43,ACTIVE,2026-03-28 08:30:18,2026-04-01 16:11:07
51,PROD-00031,"Philips Smart TV 85"" 8K Master",Pantalla premium de máxima resolución con inteligencia artificial - Modelo 2026,2933.44,82,DISCONTINUED,2025-10-29 15:06:18,2025-11-30 23:05:48
52,PROD-00032,"Sony Smart TV 50"" 4K Crystal",Pantalla UHD con procesador Crystal 4K y PurColor - Modelo 2023,496.73,91,ACTIVE,2026-08-23 12:48:19,2026-10-02 13:14:53
53,PROD-00033,"Hisense Smart TV 55"" 4K QLED",Televisor QLED con tecnología Quantum Dot y diseño ultra fino - Modelo 2024,703.77,21,ACTIVE,2025-08-24 08:30:59,2025-09-26 16:02:51
54,PROD-00034,"LG Smart TV 55"" 4K QLED",Televisor QLED con tecnología Quantum Dot y diseño ultra fino - Modelo 2025,594.53,93,ACTIVE,2025-06-10 19:18:55,2025-06-19 15:51:54
55,PROD-00035,"Philips Smart TV 55"" 4K QLED",Televisor QLED con tecnología Quantum Dot y diseño ultra fino - Modelo 2026,666.79,128,ACTIVE,2025-03-28 04:49:13,2025-04-04 09:52:29
56,PROD-00036,"Panasonic Smart TV 43"" 4K UHD",Televisor inteligente con HDR10+ y sistema operativo webOS - Modelo 2023,433.54,136,DISCONTINUED,2026-04-11 05:02:36,2026-05-28 20:01:40
57,PROD-00037,"LG Smart TV 55"" 4K QLED",Televisor QLED con tecnología Quantum Dot y diseño ultra fino - Modelo 2024,728.09,15,ACTIVE,2025-09-01 19:32:32,2025-09-03 10:03:52
58,PROD-00038,"Panasonic Smart TV 50"" 4K Crystal",Pantalla UHD con procesador Crystal 4K y PurColor - Modelo 2025,478.17,14,ACTIVE,2025-10-16 13:42:22,2025-11-22 20:06:28
59,PROD-00039,"TCL Smart TV 55"" 4K QLED",Televisor QLED con tecnología Quantum Dot y diseño ultra fino - Modelo 2026,610.86,32,DISCONTINUED,2025-03-13 10:55:04,2025-04-13 00:16:04
60,PROD-00040,"Philips Smart TV 75"" 4K Frameless",Televisor sin bordes de gran formato con panel LED avanzado - Modelo 2023,1213.1,107,INACTIVE,2025-03-15 01:57:35,2025-03-27 04:20:42
61,PROD-00041,"Hisense Smart TV 85"" 8K Master",Pantalla premium de máxima resolución con inteligencia artificial - Modelo 2024,2708.28,45,ACTIVE,2025-06-25 12:50:48,2025-07-15 00:55:40
62,PROD-00042,"Samsung Smart TV 75"" 4K Frameless",Televisor sin bordes de gran formato con panel LED avanzado - Modelo 2025,1255.62,99,DISCONTINUED,2026-05-27 20:11:38,2026-07-07 14:27:19
63,PROD-00043,"Panasonic Smart TV 32"" HD LED",Televisor LED HD con Roku integrado y sonido Dolby Audio - Modelo 2026,211.31,0,DISCONTINUED,2025-01-21 17:08:36,2025-03-10 12:28:47
64,PROD-00044,"Philips Smart TV 43"" 4K UHD",Televisor inteligente con HDR10+ y sistema operativo webOS - Modelo 2023,385.87,146,ACTIVE,2026-05-14 22:44:34,2026-05-28 13:01:29
65,PROD-00045,"Xiaomi Smart TV 75"" 4K Frameless",Televisor sin bordes de gran formato con panel LED avanzado - Modelo 2024,1209.35,47,INACTIVE,2025-02-26 20:17:21,2025-03-16 05:18:31
66,PROD-00046,"Panasonic Smart TV 65"" 4K UHD",Pantalla grande con Dolby Vision Atmos y control por voz - Modelo 2025,858.29,140,DISCONTINUED,2026-03-10 08:38:34,2026-03-14 12:30:59
67,PROD-00047,"Sony Smart TV 65"" 4K UHD",Pantalla grande con Dolby Vision Atmos y control por voz - Modelo 2026,848.59,83,DISCONTINUED,2026-05-13 08:38:53,2026-05-18 01:17:52
68,PROD-00048,"Sony Smart TV 65"" 4K UHD",Pantalla grande con Dolby Vision Atmos y control por voz - Modelo 2023,767.39,25,ACTIVE,2025-07-11 03:28:27,2025-07-13 03:40:49
69,PROD-00049,"Panasonic Smart TV 32"" HD LED",Televisor LED HD con Roku integrado y sonido Dolby Audio - Modelo 2024,248.77,16,ACTIVE,2025-08-02 07:06:36,2025-08-17 12:49:31
70,PROD-00050,"LG Smart TV 75"" 4K Frameless",Televisor sin bordes de gran formato con panel LED avanzado - Modelo 2025,1250.25,36,ACTIVE,2025-03-15 23:09:47,2025-04-21 02:01:50
71,PROD-00051,"Philips Smart TV 40"" Full HD",Pantalla plana Full HD con puertos HDMI y USB multimedia - Modelo 2026,346.46,50,ACTIVE,2025-10-13 20:58:11,2025-10-18 19:30:53
72,PROD-00052,"Xiaomi Smart TV 85"" 8K Master",Pantalla premium de máxima resolución con inteligencia artificial - Modelo 2023,2884.64,70,ACTIVE,2025-03-05 07:28:07,2025-04-06 04:48:07
73,PROD-00053,"Xiaomi Smart TV 55"" 4K QLED",Televisor QLED con tecnología Quantum Dot y diseño ultra fino - Modelo 2024,621.41,100,INACTIVE,2025-08-21 04:18:03,2025-09-08 22:45:37
74,PROD-00054,"TCL Smart TV 85"" 8K Master",Pantalla premium de máxima resolución con inteligencia artificial - Modelo 2025,2683.33,110,INACTIVE,2025-01-10 08:52:09,2025-02-10 21:20:01
75,PROD-00055,"LG Smart TV 55"" 4K QLED",Televisor QLED con tecnología Quantum Dot y diseño ultra fino - Modelo 2026,709.47,115,INACTIVE,2025-11-10 20:08:45,2025-12-04 05:28:08
76,PROD-00056,"Panasonic Smart TV 75"" 4K Frameless",Televisor sin bordes de gran formato con panel LED avanzado - Modelo 2023,1291.8,46,DISCONTINUED,2026-05-06 07:09:42,2026-05-28 19:00:38
77,PROD-00057,"TCL Smart TV 50"" 4K Crystal",Pantalla UHD con procesador Crystal 4K y PurColor - Modelo 2024,540.34,80,DISCONTINUED,2025-05-17 09:16:36,2025-07-03 02:16:58
78,PROD-00058,"LG Smart TV 55"" 4K QLED",Televisor QLED con tecnología Quantum Dot y diseño ultra fino - Modelo 2025,582.92,65,ACTIVE,2025-03-31 05:05:40,2025-04-25 17:03:54
79,PROD-00059,"Xiaomi Smart TV 43"" 4K UHD",Televisor inteligente con HDR10+ y sistema operativo webOS - Modelo 2026,441.58,143,ACTIVE,2026-07-11 02:20:29,2026-07-18 01:26:42
80,PROD-00060,"Hisense Smart TV 32"" HD LED",Televisor LED HD con Roku integrado y sonido Dolby Audio - Modelo 2023,231.84,139,ACTIVE,2025-05-25 04:12:17,2025-07-02 16:37:04
81,PROD-00061,"Philips Smart TV 40"" Full HD",Pantalla plana Full HD con puertos HDMI y USB multimedia - Modelo 2024,336.92,80,ACTIVE,2026-08-09 00:02:41,2026-09-12 06:04:56
82,PROD-00062,"Xiaomi Smart TV 55"" 4K QLED",Televisor QLED con tecnología Quantum Dot y diseño ultra fino - Modelo 2025,632.15,89,INACTIVE,2025-07-28 16:05:15,2025-08-05 08:18:57
83,PROD-00063,"LG Smart TV 43"" 4K UHD",Televisor inteligente con HDR10+ y sistema operativo webOS - Modelo 2026,412.74,114,ACTIVE,2026-07-18 11:20:06,2026-08-31 04:47:29
84,PROD-00064,"TCL Smart TV 75"" 4K Frameless",Televisor sin bordes de gran formato con panel LED avanzado - Modelo 2023,1291.76,105,INACTIVE,2026-02-26 14:07:00,2026-03-09 02:01:02
85,PROD-00065,"Philips Smart TV 85"" 8K Master",Pantalla premium de máxima resolución con inteligencia artificial - Modelo 2024,3004.84,31,INACTIVE,2025-04-26 00:51:50,2025-06-12 04:22:52
86,PROD-00066,"Samsung Smart TV 65"" 4K UHD",Pantalla grande con Dolby Vision Atmos y control por voz - Modelo 2025,836.08,119,DISCONTINUED,2025-02-28 18:08:05,2025-04-08 21:40:27
87,PROD-00067,"Panasonic Smart TV 43"" 4K UHD",Televisor inteligente con HDR10+ y sistema operativo webOS - Modelo 2026,408.36,126,ACTIVE,2025-06-16 14:21:04,2025-08-05 05:16:59
88,PROD-00068,"TCL Smart TV 40"" Full HD",Pantalla plana Full HD con puertos HDMI y USB multimedia - Modelo 2023,267.31,117,ACTIVE,2026-01-11 01:14:49,2026-02-26 20:50:00
89,PROD-00069,"Hisense Smart TV 50"" 4K Crystal",Pantalla UHD con procesador Crystal 4K y PurColor - Modelo 2024,521.98,127,DISCONTINUED,2025-03-09 05:35:31,2025-04-01 09:39:56
90,PROD-00070,"Sony Smart TV 85"" 8K Master",Pantalla premium de máxima resolución con inteligencia artificial - Modelo 2025,2598.98,5,ACTIVE,2026-06-15 18:47:08,2026-07-28 13:35:29
91,PROD-00071,"Philips Smart TV 50"" 4K Crystal",Pantalla UHD con procesador Crystal 4K y PurColor - Modelo 2026,509.78,148,ACTIVE,2025-10-28 23:14:06,2025-10-29 18:00:29
92,PROD-00072,"Samsung Smart TV 55"" 4K QLED",Televisor QLED con tecnología Quantum Dot y diseño ultra fino - Modelo 2023,664.4,76,ACTIVE,2025-06-07 02:49:49,2025-06-15 13:01:58
93,PROD-00073,"Sony Smart TV 40"" Full HD",Pantalla plana Full HD con puertos HDMI y USB multimedia - Modelo 2024,307.85,28,ACTIVE,2025-08-28 21:51:23,2025-09-14 08:32:04
94,PROD-00074,"Sony Smart TV 75"" 4K Frameless",Televisor sin bordes de gran formato con panel LED avanzado - Modelo 2025,1200.27,88,ACTIVE,2025-11-03 17:37:55,2025-11-12 18:01:15
95,PROD-00075,"Samsung Smart TV 85"" 8K Master",Pantalla premium de máxima resolución con inteligencia artificial - Modelo 2026,2881.54,46,ACTIVE,2026-08-13 22:50:22,2026-09-27 01:57:01
96,PROD-00076,"Samsung Smart TV 50"" 4K Crystal",Pantalla UHD con procesador Crystal 4K y PurColor - Modelo 2023,552.03,9,INACTIVE,2025-02-07 04:52:52,2025-03-29 18:38:40
97,PROD-00077,"Samsung Smart TV 32"" HD LED",Televisor LED HD con Roku integrado y sonido Dolby Audio - Modelo 2024,259.17,49,INACTIVE,2025-12-09 15:42:05,2026-01-23 17:00:38
98,PROD-00078,"TCL Smart TV 85"" 8K Master",Pantalla premium de máxima resolución con inteligencia artificial - Modelo 2025,2704.45,102,ACTIVE,2025-05-12 22:33:14,2025-06-16 14:43:48
99,PROD-00079,"Panasonic Smart TV 85"" 8K Master",Pantalla premium de máxima resolución con inteligencia artificial - Modelo 2026,2749.21,48,ACTIVE,2026-01-30 02:51:26,2026-03-16 17:10:32
100,PROD-00080,"Xiaomi Smart TV 43"" 4K UHD",Televisor inteligente con HDR10+ y sistema operativo webOS - Modelo 2023,429.65,17,ACTIVE,2026-05-06 23:04:24,2026-06-06 15:27:28
101,PROD-00081,"Hisense Smart TV 43"" 4K UHD",Televisor inteligente con HDR10+ y sistema operativo webOS - Modelo 2024,373.25,129,INACTIVE,2025-11-18 15:34:10,2026-01-02 20:05:22
102,PROD-00082,"Xiaomi Smart TV 50"" 4K Crystal",Pantalla UHD con procesador Crystal 4K y PurColor - Modelo 2025,478.58,16,ACTIVE,2026-08-16 05:33:37,2026-09-10 20:56:30
103,PROD-00083,"Sony Smart TV 55"" 4K QLED",Televisor QLED con tecnología Quantum Dot y diseño ultra fino - Modelo 2026,634.82,43,ACTIVE,2026-04-07 05:48:02,2026-05-14 07:23:13
104,PROD-00084,"Xiaomi Smart TV 50"" 4K Crystal",Pantalla UHD con procesador Crystal 4K y PurColor - Modelo 2023,551.74,48,DISCONTINUED,2026-02-17 10:15:08,2026-03-23 09:03:33
105,PROD-00085,"Hisense Smart TV 50"" 4K Crystal",Pantalla UHD con procesador Crystal 4K y PurColor - Modelo 2024,548.46,85,INACTIVE,2025-01-20 13:45:22,2025-02-09 01:03:12
106,PROD-00086,"Xiaomi Smart TV 43"" 4K UHD",Televisor inteligente con HDR10+ y sistema operativo webOS - Modelo 2025,435.97,78,DISCONTINUED,2025-08-12 08:46:28,2025-09-01 13:23:08
107,PROD-00087,"TCL Smart TV 75"" 4K Frameless",Televisor sin bordes de gran formato con panel LED avanzado - Modelo 2026,1213.19,51,ACTIVE,2025-07-02 10:06:58,2025-08-13 19:15:38
108,PROD-00088,"Panasonic Smart TV 85"" 8K Master",Pantalla premium de máxima resolución con inteligencia artificial - Modelo 2023,2603.94,119,DISCONTINUED,2026-03-21 05:23:58,2026-04-03 08:31:31
109,PROD-00089,"Xiaomi Smart TV 40"" Full HD",Pantalla plana Full HD con puertos HDMI y USB multimedia - Modelo 2024,365.18,77,DISCONTINUED,2025-11-23 15:32:10,2025-12-07 06:25:08
110,PROD-00090,"Sony Smart TV 50"" 4K Crystal",Pantalla UHD con procesador Crystal 4K y PurColor - Modelo 2025,502.79,150,ACTIVE,2026-02-22 06:59:34,2026-03-15 12:47:47
111,PROD-00091,"Panasonic Smart TV 50"" 4K Crystal",Pantalla UHD con procesador Crystal 4K y PurColor - Modelo 2026,569.79,78,INACTIVE,2026-04-16 12:36:53,2026-04-20 13:13:06
112,PROD-00092,"Panasonic Smart TV 55"" 4K QLED",Televisor QLED con tecnología Quantum Dot y diseño ultra fino - Modelo 2023,688.53,88,ACTIVE,2026-05-08 03:15:56,2026-05-30 12:03:41
113,PROD-00093,"Panasonic Smart TV 75"" 4K Frameless",Televisor sin bordes de gran formato con panel LED avanzado - Modelo 2024,1360.45,23,DISCONTINUED,2025-04-01 01:30:12,2025-05-08 15:25:31
114,PROD-00094,"Philips Smart TV 40"" Full HD",Pantalla plana Full HD con puertos HDMI y USB multimedia - Modelo 2025,368.28,47,DISCONTINUED,2026-07-30 08:28:09,2026-08-06 06:30:08
115,PROD-00095,"Panasonic Smart TV 85"" 8K Master",Pantalla premium de máxima resolución con inteligencia artificial - Modelo 2026,2528.46,88,ACTIVE,2025-08-16 06:39:37,2025-09-30 16:44:20
116,PROD-00096,"Sony Smart TV 32"" HD LED",Televisor LED HD con Roku integrado y sonido Dolby Audio - Modelo 2023,238.85,2,ACTIVE,2025-02-11 08:48:21,2025-03-05 22:55:13
117,PROD-00097,"LG Smart TV 43"" 4K UHD",Televisor inteligente con HDR10+ y sistema operativo webOS - Modelo 2024,366.91,105,ACTIVE,2025-03-14 13:38:29,2025-03-29 07:32:02
118,PROD-00098,"Philips Smart TV 43"" 4K UHD",Televisor inteligente con HDR10+ y sistema operativo webOS - Modelo 2025,454.85,50,ACTIVE,2025-01-28 08:46:57,2025-02-15 04:23:40
119,PROD-00099,"Philips Smart TV 50"" 4K Crystal",Pantalla UHD con procesador Crystal 4K y PurColor - Modelo 2026,508.27,112,ACTIVE,2026-04-06 22:49:16,2026-05-21 17:03:15
120,PROD-00100,"Hisense Smart TV 40"" Full HD",Pantalla plana Full HD con puertos HDMI y USB multimedia - Modelo 2023,313.48,121,ACTIVE,2025-05-27 12:52:05,2025-07-13 21:35:02
121,PROD-00101,"LG Smart TV 43"" 4K UHD",Televisor inteligente con HDR10+ y sistema operativo webOS - Modelo 2024,445.22,104,ACTIVE,2026-04-04 12:53:05,2026-04-29 00:29:30
122,PROD-00102,"LG Smart TV 55"" 4K QLED",Televisor QLED con tecnología Quantum Dot y diseño ultra fino - Modelo 2025,629.16,46,ACTIVE,2026-05-16 17:51:46,2026-05-17 07:50:34
123,PROD-00103,"LG Smart TV 55"" 4K QLED",Televisor QLED con tecnología Quantum Dot y diseño ultra fino - Modelo 2026,600.87,20,DISCONTINUED,2025-12-30 05:30:24,2026-02-11 08:21:16
124,PROD-00104,"Hisense Smart TV 65"" 4K UHD",Pantalla grande con Dolby Vision Atmos y control por voz - Modelo 2023,908.54,95,INACTIVE,2025-10-08 01:35:07,2025-10-21 10:14:53
125,PROD-00105,"Samsung Smart TV 55"" 4K QLED",Televisor QLED con tecnología Quantum Dot y diseño ultra fino - Modelo 2024,635.23,45,INACTIVE,2026-02-10 20:11:07,2026-02-25 12:04:34
126,PROD-00106,"LG Smart TV 43"" 4K UHD",Televisor inteligente con HDR10+ y sistema operativo webOS - Modelo 2025,402.32,53,ACTIVE,2025-03-09 15:32:19,2025-04-29 08:29:55
127,PROD-00107,"Sony Smart TV 32"" HD LED",Televisor LED HD con Roku integrado y sonido Dolby Audio - Modelo 2026,232.36,136,ACTIVE,2025-09-19 18:59:51,2025-10-31 10:33:47
128,PROD-00108,"LG Smart TV 55"" 4K QLED",Televisor QLED con tecnología Quantum Dot y diseño ultra fino - Modelo 2023,592.49,52,INACTIVE,2026-05-05 13:06:57,2026-06-18 20:15:39
129,PROD-00109,"LG Smart TV 65"" 4K UHD",Pantalla grande con Dolby Vision Atmos y control por voz - Modelo 2024,808.48,99,INACTIVE,2025-03-25 22:55:52,2025-05-02 18:02:41
130,PROD-00110,"Sony Smart TV 65"" 4K UHD",Pantalla grande con Dolby Vision Atmos y control por voz - Modelo 2025,908.31,46,ACTIVE,2025-01-05 15:38:30,2025-02-02 06:12:19
131,PROD-00111,"Xiaomi Smart TV 65"" 4K UHD",Pantalla grande con Dolby Vision Atmos y control por voz - Modelo 2026,784.07,132,DISCONTINUED,2025-03-20 08:22:38,2025-04-15 13:01:13
132,PROD-00112,"Hisense Smart TV 50"" 4K Crystal",Pantalla UHD con procesador Crystal 4K y PurColor - Modelo 2023,451.81,0,DISCONTINUED,2026-02-09 01:13:23,2026-02-11 22:38:49
133,PROD-00113,"Xiaomi Smart TV 32"" HD LED",Televisor LED HD con Roku integrado y sonido Dolby Audio - Modelo 2024,279.89,148,ACTIVE,2025-12-17 21:12:27,2026-01-12 17:00:57
134,PROD-00114,"LG Smart TV 85"" 8K Master",Pantalla premium de máxima resolución con inteligencia artificial - Modelo 2025,2621.58,71,ACTIVE,2025-07-29 21:21:37,2025-08-31 02:31:00
135,PROD-00115,"Xiaomi Smart TV 85"" 8K Master",Pantalla premium de máxima resolución con inteligencia artificial - Modelo 2026,2561.11,40,DISCONTINUED,2026-01-12 02:31:57,2026-01-27 00:52:33
136,PROD-00116,"Xiaomi Smart TV 65"" 4K UHD",Pantalla grande con Dolby Vision Atmos y control por voz - Modelo 2023,806.89,131,INACTIVE,2025-08-20 00:05:37,2025-09-07 15:57:37
137,PROD-00117,"LG Smart TV 40"" Full HD",Pantalla plana Full HD con puertos HDMI y USB multimedia - Modelo 2024,284.6,125,ACTIVE,2025-10-15 05:41:42,2025-10-29 05:00:43
138,PROD-00118,"Hisense Smart TV 43"" 4K UHD",Televisor inteligente con HDR10+ y sistema operativo webOS - Modelo 2025,411.9,3,ACTIVE,2026-05-17 00:56:21,2026-06-25 12:01:57
139,PROD-00119,"LG Smart TV 32"" HD LED",Televisor LED HD con Roku integrado y sonido Dolby Audio - Modelo 2026,284.03,121,INACTIVE,2026-05-02 19:43:40,2026-06-16 18:08:43
140,PROD-00120,"Sony Smart TV 75"" 4K Frameless",Televisor sin bordes de gran formato con panel LED avanzado - Modelo 2023,1320.28,70,ACTIVE,2026-02-18 10:16:41,2026-03-24 23:37:27
141,PROD-00121,"Samsung Smart TV 65"" 4K UHD",Pantalla grande con Dolby Vision Atmos y control por voz - Modelo 2024,817.84,33,INACTIVE,2025-09-11 16:56:01,2025-09-19 09:00:47
142,PROD-00122,"Samsung Smart TV 43"" 4K UHD",Televisor inteligente con HDR10+ y sistema operativo webOS - Modelo 2025,411.17,130,INACTIVE,2025-11-02 22:11:00,2025-12-06 13:01:54
143,PROD-00123,"LG Smart TV 85"" 8K Master",Pantalla premium de máxima resolución con inteligencia artificial - Modelo 2026,2664.78,50,INACTIVE,2025-04-13 17:24:48,2025-04-28 04:06:47
144,PROD-00124,"LG Smart TV 32"" HD LED",Televisor LED HD con Roku integrado y sonido Dolby Audio - Modelo 2023,223.96,93,ACTIVE,2025-08-14 16:52:05,2025-09-30 09:53:40
145,PROD-00125,"Xiaomi Smart TV 65"" 4K UHD",Pantalla grande con Dolby Vision Atmos y control por voz - Modelo 2024,866.66,82,ACTIVE,2025-01-24 15:40:55,2025-03-03 09:02:50
146,PROD-00126,"Panasonic Smart TV 32"" HD LED",Televisor LED HD con Roku integrado y sonido Dolby Audio - Modelo 2025,245.26,74,DISCONTINUED,2025-04-16 01:46:33,2025-05-02 19:50:42
147,PROD-00127,"Sony Smart TV 65"" 4K UHD",Pantalla grande con Dolby Vision Atmos y control por voz - Modelo 2026,894.57,123,INACTIVE,2025-12-29 18:30:10,2026-01-05 05:04:21
148,PROD-00128,"TCL Smart TV 55"" 4K QLED",Televisor QLED con tecnología Quantum Dot y diseño ultra fino - Modelo 2023,692.3,64,ACTIVE,2025-07-04 12:29:54,2025-08-21 10:02:06
149,PROD-00129,"Hisense Smart TV 32"" HD LED",Televisor LED HD con Roku integrado y sonido Dolby Audio - Modelo 2024,217.46,7,ACTIVE,2025-01-01 18:23:09,2025-01-22 20:13:10
150,PROD-00130,"Hisense Smart TV 55"" 4K QLED",Televisor QLED con tecnología Quantum Dot y diseño ultra fino - Modelo 2025,665.75,141,ACTIVE,2025-08-30 14:46:52,2025-10-05 14:15:39
151,PROD-00131,"TCL Smart TV 32"" HD LED",Televisor LED HD con Roku integrado y sonido Dolby Audio - Modelo 2026,244.19,66,ACTIVE,2026-02-27 17:10:36,2026-03-10 23:32:13
152,PROD-00132,"LG Smart TV 32"" HD LED",Televisor LED HD con Roku integrado y sonido Dolby Audio - Modelo 2023,271.78,23,DISCONTINUED,2025-03-12 19:26:24,2025-04-25 17:26:14
153,PROD-00133,"Hisense Smart TV 85"" 8K Master",Pantalla premium de máxima resolución con inteligencia artificial - Modelo 2024,2830.7,52,INACTIVE,2025-09-23 11:14:34,2025-10-27 21:21:12
154,PROD-00134,"Hisense Smart TV 40"" Full HD",Pantalla plana Full HD con puertos HDMI y USB multimedia - Modelo 2025,307.66,17,ACTIVE,2025-11-30 19:24:16,2026-01-06 16:47:54
155,PROD-00135,"Philips Smart TV 65"" 4K UHD",Pantalla grande con Dolby Vision Atmos y control por voz - Modelo 2026,852.46,80,ACTIVE,2026-04-26 14:36:25,2026-05-08 08:30:16
156,PROD-00136,"LG Smart TV 32"" HD LED",Televisor LED HD con Roku integrado y sonido Dolby Audio - Modelo 2023,221.38,68,DISCONTINUED,2025-12-18 06:15:38,2026-01-15 14:34:42
157,PROD-00137,"TCL Smart TV 32"" HD LED",Televisor LED HD con Roku integrado y sonido Dolby Audio - Modelo 2024,246.16,57,ACTIVE,2026-05-12 08:36:19,2026-05-24 01:38:30
158,PROD-00138,"Xiaomi Smart TV 65"" 4K UHD",Pantalla grande con Dolby Vision Atmos y control por voz - Modelo 2025,852.38,18,DISCONTINUED,2026-04-07 12:55:08,2026-04-25 10:32:56
159,PROD-00139,"TCL Smart TV 85"" 8K Master",Pantalla premium de máxima resolución con inteligencia artificial - Modelo 2026,2782.12,143,ACTIVE,2025-11-11 18:56:15,2025-12-28 02:46:48
160,PROD-00140,"Philips Smart TV 40"" Full HD",Pantalla plana Full HD con puertos HDMI y USB multimedia - Modelo 2023,347.26,81,INACTIVE,2026-07-20 19:43:40,2026-07-29 21:09:59
161,PROD-00141,"Philips Smart TV 65"" 4K UHD",Pantalla grande con Dolby Vision Atmos y control por voz - Modelo 2024,852.61,110,ACTIVE,2026-08-20 22:04:18,2026-08-23 12:30:35
162,PROD-00142,"Philips Smart TV 50"" 4K Crystal",Pantalla UHD con procesador Crystal 4K y PurColor - Modelo 2025,479.32,96,DISCONTINUED,2025-07-03 11:52:51,2025-07-24 06:17:15
163,PROD-00143,"Sony Smart TV 32"" HD LED",Televisor LED HD con Roku integrado y sonido Dolby Audio - Modelo 2026,238.92,33,ACTIVE,2025-04-06 23:40:34,2025-05-01 09:40:20
164,PROD-00144,"Sony Smart TV 75"" 4K Frameless",Televisor sin bordes de gran formato con panel LED avanzado - Modelo 2023,1313.23,136,ACTIVE,2026-05-01 18:08:02,2026-05-06 22:06:39
165,PROD-00145,"Sony Smart TV 75"" 4K Frameless",Televisor sin bordes de gran formato con panel LED avanzado - Modelo 2024,1176.32,5,ACTIVE,2025-11-02 10:18:42,2025-12-22 03:56:15
166,PROD-00146,"Philips Smart TV 50"" 4K Crystal",Pantalla UHD con procesador Crystal 4K y PurColor - Modelo 2025,461.86,110,ACTIVE,2026-01-04 14:50:44,2026-01-31 12:37:25
167,PROD-00147,"Hisense Smart TV 65"" 4K UHD",Pantalla grande con Dolby Vision Atmos y control por voz - Modelo 2026,955.42,57,INACTIVE,2025-02-23 22:22:15,2025-03-31 21:01:00
168,PROD-00148,"Xiaomi Smart TV 50"" 4K Crystal",Pantalla UHD con procesador Crystal 4K y PurColor - Modelo 2023,487.87,98,DISCONTINUED,2025-12-14 14:07:23,2026-01-09 22:58:21
169,PROD-00149,"Sony Smart TV 65"" 4K UHD",Pantalla grande con Dolby Vision Atmos y control por voz - Modelo 2024,890.77,101,ACTIVE,2025-05-28 06:33:35,2025-06-07 04:35:13
170,PROD-00150,"Panasonic Smart TV 43"" 4K UHD",Televisor inteligente con HDR10+ y sistema operativo webOS - Modelo 2025,438.4,102,DISCONTINUED,2026-06-25 13:21:43,2026-07-24 14:20:12
171,PROD-00151,"Hisense Smart TV 75"" 4K Frameless",Televisor sin bordes de gran formato con panel LED avanzado - Modelo 2026,1146.83,32,DISCONTINUED,2026-08-16 22:55:13,2026-08-27 06:54:46
172,PROD-00152,"Sony Smart TV 65"" 4K UHD",Pantalla grande con Dolby Vision Atmos y control por voz - Modelo 2023,842.97,130,ACTIVE,2025-05-14 05:57:42,2025-06-06 02:54:39
173,PROD-00153,"Xiaomi Smart TV 85"" 8K Master",Pantalla premium de máxima resolución con inteligencia artificial - Modelo 2024,2747.5,129,INACTIVE,2026-05-31 00:33:11,2026-07-19 03:08:38
174,PROD-00154,"LG Smart TV 32"" HD LED",Televisor LED HD con Roku integrado y sonido Dolby Audio - Modelo 2025,280.22,28,ACTIVE,2026-08-10 03:19:25,2026-09-06 07:52:53
175,PROD-00155,"Sony Smart TV 32"" HD LED",Televisor LED HD con Roku integrado y sonido Dolby Audio - Modelo 2026,249.72,140,ACTIVE,2026-04-24 18:13:38,2026-05-08 10:02:23
176,PROD-00156,"Sony Smart TV 75"" 4K Frameless",Televisor sin bordes de gran formato con panel LED avanzado - Modelo 2023,1213.4,148,ACTIVE,2025-04-19 20:36:55,2025-05-31 02:10:04
177,PROD-00157,"Hisense Smart TV 65"" 4K UHD",Pantalla grande con Dolby Vision Atmos y control por voz - Modelo 2024,865.52,31,ACTIVE,2026-06-16 21:02:42,2026-07-12 17:26:51
178,PROD-00158,"Sony Smart TV 55"" 4K QLED",Televisor QLED con tecnología Quantum Dot y diseño ultra fino - Modelo 2025,612.07,73,ACTIVE,2026-04-23 13:20:12,2026-05-02 20:39:16
179,PROD-00159,"Panasonic Smart TV 65"" 4K UHD",Pantalla grande con Dolby Vision Atmos y control por voz - Modelo 2026,768.58,126,DISCONTINUED,2025-03-22 21:14:09,2025-04-27 06:47:10
180,PROD-00160,"Sony Smart TV 32"" HD LED",Televisor LED HD con Roku integrado y sonido Dolby Audio - Modelo 2023,210.34,19,INACTIVE,2026-04-03 14:33:04,2026-04-11 16:45:40
181,PROD-00161,"Sony Smart TV 50"" 4K Crystal",Pantalla UHD con procesador Crystal 4K y PurColor - Modelo 2024,444.72,68,ACTIVE,2026-07-03 09:27:13,2026-07-17 20:15:35
182,PROD-00162,"TCL Smart TV 85"" 8K Master",Pantalla premium de máxima resolución con inteligencia artificial - Modelo 2025,2853.04,3,INACTIVE,2026-05-29 23:06:53,2026-07-19 22:18:37
183,PROD-00163,"Philips Smart TV 40"" Full HD",Pantalla plana Full HD con puertos HDMI y USB multimedia - Modelo 2026,288.68,5,ACTIVE,2025-03-24 08:48:47,2025-05-10 09:54:35
184,PROD-00164,"Samsung Smart TV 55"" 4K QLED",Televisor QLED con tecnología Quantum Dot y diseño ultra fino - Modelo 2023,694.49,10,ACTIVE,2025-05-08 12:38:16,2025-06-14 16:56:17
185,PROD-00165,"LG Smart TV 40"" Full HD",Pantalla plana Full HD con puertos HDMI y USB multimedia - Modelo 2024,338.31,38,DISCONTINUED,2025-05-10 07:25:15,2025-05-15 22:53:16
186,PROD-00166,"TCL Smart TV 85"" 8K Master",Pantalla premium de máxima resolución con inteligencia artificial - Modelo 2025,2830.0,111,INACTIVE,2026-01-30 17:40:24,2026-03-09 11:57:19
187,PROD-00167,"Hisense Smart TV 43"" 4K UHD",Televisor inteligente con HDR10+ y sistema operativo webOS - Modelo 2026,409.48,69,INACTIVE,2025-03-07 03:39:38,2025-03-27 01:48:54
188,PROD-00168,"Panasonic Smart TV 40"" Full HD",Pantalla plana Full HD con puertos HDMI y USB multimedia - Modelo 2023,296.43,29,ACTIVE,2025-10-28 03:40:40,2025-12-04 02:52:07
189,PROD-00169,"Samsung Smart TV 55"" 4K QLED",Televisor QLED con tecnología Quantum Dot y diseño ultra fino - Modelo 2024,601.29,91,ACTIVE,2025-07-16 02:05:17,2025-08-24 00:40:34
190,PROD-00170,"Sony Smart TV 43"" 4K UHD",Televisor inteligente con HDR10+ y sistema operativo webOS - Modelo 2025,363.42,67,DISCONTINUED,2026-01-12 18:56:26,2026-01-18 15:52:53
191,PROD-00171,"Panasonic Smart TV 32"" HD LED",Televisor LED HD con Roku integrado y sonido Dolby Audio - Modelo 2026,272.17,7,INACTIVE,2026-04-30 05:41:51,2026-05-30 14:52:02
192,PROD-00172,"Panasonic Smart TV 75"" 4K Frameless",Televisor sin bordes de gran formato con panel LED avanzado - Modelo 2023,1317.35,149,ACTIVE,2025-02-16 02:08:44,2025-04-02 12:02:29
193,PROD-00173,"TCL Smart TV 75"" 4K Frameless",Televisor sin bordes de gran formato con panel LED avanzado - Modelo 2024,1362.02,44,ACTIVE,2026-03-12 14:46:10,2026-04-25 05:19:33
194,PROD-00174,"Xiaomi Smart TV 32"" HD LED",Televisor LED HD con Roku integrado y sonido Dolby Audio - Modelo 2025,236.09,49,ACTIVE,2025-05-22 18:51:57,2025-06-27 03:47:06
195,PROD-00175,"Xiaomi Smart TV 65"" 4K UHD",Pantalla grande con Dolby Vision Atmos y control por voz - Modelo 2026,889.42,85,DISCONTINUED,2025-05-15 18:58:10,2025-05-30 16:42:16
196,PROD-00176,"Panasonic Smart TV 43"" 4K UHD",Televisor inteligente con HDR10+ y sistema operativo webOS - Modelo 2023,398.81,69,INACTIVE,2025-04-15 08:49:56,2025-04-28 04:24:17
197,PROD-00177,"Xiaomi Smart TV 55"" 4K QLED",Televisor QLED con tecnología Quantum Dot y diseño ultra fino - Modelo 2024,563.76,146,ACTIVE,2025-02-20 15:07:10,2025-03-16 23:46:13
198,PROD-00178,"Samsung Smart TV 43"" 4K UHD",Televisor inteligente con HDR10+ y sistema operativo webOS - Modelo 2025,411.27,61,ACTIVE,2025-09-20 22:37:44,2025-11-04 20:05:16
199,PROD-00179,"Sony Smart TV 40"" Full HD",Pantalla plana Full HD con puertos HDMI y USB multimedia - Modelo 2026,322.2,35,INACTIVE,2025-02-12 13:13:59,2025-02-26 06:56:32
200,PROD-00180,"Hisense Smart TV 65"" 4K UHD",Pantalla grande con Dolby Vision Atmos y control por voz - Modelo 2023,801.69,100,INACTIVE,2025-01-15 00:21:14,2025-02-06 01:15:38
201,PROD-00181,"Sony Smart TV 32"" HD LED",Televisor LED HD con Roku integrado y sonido Dolby Audio - Modelo 2024,264.82,43,ACTIVE,2025-06-26 09:29:22,2025-07-03 08:30:50
202,PROD-00182,"Philips Smart TV 32"" HD LED",Televisor LED HD con Roku integrado y sonido Dolby Audio - Modelo 2025,219.61,83,INACTIVE,2025-11-29 21:33:30,2025-12-26 02:29:52
203,PROD-00183,"Samsung Smart TV 32"" HD LED",Televisor LED HD con Roku integrado y sonido Dolby Audio - Modelo 2026,266.6,38,ACTIVE,2025-09-22 13:12:38,2025-10-19 20:32:33
204,PROD-00184,"LG Smart TV 55"" 4K QLED",Televisor QLED con tecnología Quantum Dot y diseño ultra fino - Modelo 2023,628.35,83,ACTIVE,2026-04-22 19:35:45,2026-05-22 05:08:13
205,PROD-00185,"LG Smart TV 75"" 4K Frameless",Televisor sin bordes de gran formato con panel LED avanzado - Modelo 2024,1351.94,125,INACTIVE,2026-04-16 02:07:19,2026-05-07 11:46:20
206,PROD-00186,"Philips Smart TV 50"" 4K Crystal",Pantalla UHD con procesador Crystal 4K y PurColor - Modelo 2025,443.71,90,ACTIVE,2025-03-21 13:31:32,2025-04-02 22:45:46
207,PROD-00187,"Samsung Smart TV 65"" 4K UHD",Pantalla grande con Dolby Vision Atmos y control por voz - Modelo 2026,794.06,117,ACTIVE,2025-04-15 11:03:41,2025-04-28 14:37:56
208,PROD-00188,"LG Smart TV 55"" 4K QLED",Televisor QLED con tecnología Quantum Dot y diseño ultra fino - Modelo 2023,592.26,0,ACTIVE,2025-02-05 12:33:44,2025-02-27 23:09:46
209,PROD-00189,"Hisense Smart TV 40"" Full HD",Pantalla plana Full HD con puertos HDMI y USB multimedia - Modelo 2024,287.54,28,ACTIVE,2025-12-12 06:48:58,2026-01-26 19:36:35
210,PROD-00190,"Hisense Smart TV 32"" HD LED",Televisor LED HD con Roku integrado y sonido Dolby Audio - Modelo 2025,250.23,63,ACTIVE,2025-07-14 11:42:53,2025-08-21 02:42:00
211,PROD-00191,"Philips Smart TV 55"" 4K QLED",Televisor QLED con tecnología Quantum Dot y diseño ultra fino - Modelo 2026,622.46,53,ACTIVE,2025-06-09 15:16:49,2025-07-26 07:44:12
212,PROD-00192,"Panasonic Smart TV 43"" 4K UHD",Televisor inteligente con HDR10+ y sistema operativo webOS - Modelo 2023,378.67,70,ACTIVE,2025-04-10 05:13:10,2025-05-04 22:28:59
213,PROD-00193,"LG Smart TV 50"" 4K Crystal",Pantalla UHD con procesador Crystal 4K y PurColor - Modelo 2024,501.15,11,ACTIVE,2025-10-23 19:29:07,2025-11-17 06:54:36
214,PROD-00194,"Hisense Smart TV 40"" Full HD",Pantalla plana Full HD con puertos HDMI y USB multimedia - Modelo 2025,317.76,69,ACTIVE,2026-06-14 22:59:53,2026-06-22 02:32:00
215,PROD-00195,"Panasonic Smart TV 65"" 4K UHD",Pantalla grande con Dolby Vision Atmos y control por voz - Modelo 2026,844.32,128,ACTIVE,2025-02-07 17:48:51,2025-03-07 03:42:21
216,PROD-00196,"TCL Smart TV 75"" 4K Frameless",Televisor sin bordes de gran formato con panel LED avanzado - Modelo 2023,1152.99,106,ACTIVE,2025-11-18 05:01:02,2026-01-03 10:24:08
217,PROD-00197,"TCL Smart TV 43"" 4K UHD",Televisor inteligente con HDR10+ y sistema operativo webOS - Modelo 2024,403.95,135,DISCONTINUED,2025-03-19 02:50:21,2025-05-02 19:14:52
218,PROD-00198,"LG Smart TV 65"" 4K UHD",Pantalla grande con Dolby Vision Atmos y control por voz - Modelo 2025,831.66,95,ACTIVE,2026-04-19 20:07:57,2026-05-23 02:37:51
219,PROD-00199,"Samsung Smart TV 43"" 4K UHD",Televisor inteligente con HDR10+ y sistema operativo webOS - Modelo 2026,387.89,80,ACTIVE,2026-03-08 12:29:59,2026-04-20 14:38:36
220,PROD-00200,"LG Smart TV 50"" 4K Crystal",Pantalla UHD con procesador Crystal 4K y PurColor - Modelo 2023,485.07,127,ACTIVE,2025-05-06 07:38:33,2025-05-22 05:18:14
221,PROD-00201,"Xiaomi Smart TV 65"" 4K UHD",Pantalla grande con Dolby Vision Atmos y control por voz - Modelo 2024,832.07,92,INACTIVE,2025-01-07 14:20:10,2025-01-14 22:48:54
222,PROD-00202,"Philips Smart TV 75"" 4K Frameless",Televisor sin bordes de gran formato con panel LED avanzado - Modelo 2025,1250.47,97,INACTIVE,2025-05-05 05:32:53,2025-05-15 14:18:11
223,PROD-00203,"Philips Smart TV 50"" 4K Crystal",Pantalla UHD con procesador Crystal 4K y PurColor - Modelo 2026,497.29,105,ACTIVE,2025-01-31 20:12:00,2025-03-19 22:33:13
224,PROD-00204,"TCL Smart TV 85"" 8K Master",Pantalla premium de máxima resolución con inteligencia artificial - Modelo 2023,2825.5,149,INACTIVE,2026-05-04 03:48:05,2026-05-14 14:05:01
225,PROD-00205,"LG Smart TV 85"" 8K Master",Pantalla premium de máxima resolución con inteligencia artificial - Modelo 2024,2862.51,59,ACTIVE,2026-05-12 14:36:28,2026-05-19 15:50:41
226,PROD-00206,"Philips Smart TV 50"" 4K Crystal",Pantalla UHD con procesador Crystal 4K y PurColor - Modelo 2025,491.8,125,ACTIVE,2026-06-16 22:12:17,2026-06-30 10:27:41
227,PROD-00207,"Xiaomi Smart TV 43"" 4K UHD",Televisor inteligente con HDR10+ y sistema operativo webOS - Modelo 2026,482.3,13,ACTIVE,2026-08-11 06:24:31,2026-09-25 06:28:36
228,PROD-00208,"LG Smart TV 85"" 8K Master",Pantalla premium de máxima resolución con inteligencia artificial - Modelo 2023,2724.0,100,ACTIVE,2026-02-25 03:36:57,2026-03-03 18:12:22
229,PROD-00209,"Samsung Smart TV 75"" 4K Frameless",Televisor sin bordes de gran formato con panel LED avanzado - Modelo 2024,1265.05,68,INACTIVE,2026-08-04 07:12:10,2026-09-09 16:40:27
230,PROD-00210,"Xiaomi Smart TV 75"" 4K Frameless",Televisor sin bordes de gran formato con panel LED avanzado - Modelo 2025,1239.23,44,ACTIVE,2025-12-29 15:26:56,2026-01-03 13:53:01
231,PROD-00211,"TCL Smart TV 55"" 4K QLED",Televisor QLED con tecnología Quantum Dot y diseño ultra fino - Modelo 2026,590.36,118,ACTIVE,2025-08-16 11:06:10,2025-09-21 09:29:36
232,PROD-00212,"LG Smart TV 65"" 4K UHD",Pantalla grande con Dolby Vision Atmos y control por voz - Modelo 2023,919.93,28,ACTIVE,2025-12-04 13:56:52,2025-12-15 21:51:20
233,PROD-00213,"Samsung Smart TV 55"" 4K QLED",Televisor QLED con tecnología Quantum Dot y diseño ultra fino - Modelo 2024,613.46,101,DISCONTINUED,2026-04-09 14:36:48,2026-04-30 18:55:07
234,PROD-00214,"Panasonic Smart TV 43"" 4K UHD",Televisor inteligente con HDR10+ y sistema operativo webOS - Modelo 2025,449.73,138,DISCONTINUED,2026-03-20 02:36:25,2026-03-24 04:01:48
235,PROD-00215,"Sony Smart TV 50"" 4K Crystal",Pantalla UHD con procesador Crystal 4K y PurColor - Modelo 2026,453.21,51,INACTIVE,2025-11-06 08:09:27,2025-11-16 17:55:03
236,PROD-00216,"LG Smart TV 50"" 4K Crystal",Pantalla UHD con procesador Crystal 4K y PurColor - Modelo 2023,536.97,91,ACTIVE,2025-04-05 00:56:19,2025-05-21 17:49:45
237,PROD-00217,"Panasonic Smart TV 75"" 4K Frameless",Televisor sin bordes de gran formato con panel LED avanzado - Modelo 2024,1154.7,39,ACTIVE,2025-09-06 03:22:13,2025-10-02 22:57:50
238,PROD-00218,"Xiaomi Smart TV 55"" 4K QLED",Televisor QLED con tecnología Quantum Dot y diseño ultra fino - Modelo 2025,653.41,69,DISCONTINUED,2026-08-14 22:34:45,2026-08-21 10:21:01
239,PROD-00219,"LG Smart TV 75"" 4K Frameless",Televisor sin bordes de gran formato con panel LED avanzado - Modelo 2026,1296.05,31,ACTIVE,2026-04-22 10:45:41,2026-06-06 15:33:06
240,PROD-00220,"Sony Smart TV 55"" 4K QLED",Televisor QLED con tecnología Quantum Dot y diseño ultra fino - Modelo 2023,684.98,130,DISCONTINUED,2026-01-07 11:14:48,2026-02-21 04:47:20
241,PROD-00221,"TCL Smart TV 85"" 8K Master",Pantalla premium de máxima resolución con inteligencia artificial - Modelo 2024,2877.1,51,DISCONTINUED,2026-04-11 19:30:03,2026-04-15 04:04:39
242,PROD-00222,"TCL Smart TV 55"" 4K QLED",Televisor QLED con tecnología Quantum Dot y diseño ultra fino - Modelo 2025,603.61,141,INACTIVE,2025-09-16 23:14:13,2025-09-22 08:06:25
243,PROD-00223,"Sony Smart TV 85"" 8K Master",Pantalla premium de máxima resolución con inteligencia artificial - Modelo 2026,2596.54,68,INACTIVE,2025-06-28 12:25:56,2025-08-16 00:16:50
244,PROD-00224,"Samsung Smart TV 43"" 4K UHD",Televisor inteligente con HDR10+ y sistema operativo webOS - Modelo 2023,366.04,141,ACTIVE,2025-03-12 01:24:39,2025-04-27 05:12:07
245,PROD-00225,"Hisense Smart TV 43"" 4K UHD",Televisor inteligente con HDR10+ y sistema operativo webOS - Modelo 2024,409.23,86,ACTIVE,2026-02-20 22:40:55,2026-02-23 09:46:09
246,PROD-00226,"Philips Smart TV 55"" 4K QLED",Televisor QLED con tecnología Quantum Dot y diseño ultra fino - Modelo 2025,642.04,87,ACTIVE,2025-04-12 22:38:45,2025-04-17 20:47:16
247,PROD-00227,"LG Smart TV 55"" 4K QLED",Televisor QLED con tecnología Quantum Dot y diseño ultra fino - Modelo 2026,633.66,51,ACTIVE,2025-08-07 02:53:09,2025-09-25 10:48:40
248,PROD-00228,"Hisense Smart TV 85"" 8K Master",Pantalla premium de máxima resolución con inteligencia artificial - Modelo 2023,2905.08,51,INACTIVE,2026-08-03 02:16:34,2026-08-20 05:11:21
249,PROD-00229,"Panasonic Smart TV 85"" 8K Master",Pantalla premium de máxima resolución con inteligencia artificial - Modelo 2024,2549.44,107,ACTIVE,2026-08-12 05:22:44,2026-08-16 11:52:59
250,PROD-00230,"TCL Smart TV 32"" HD LED",Televisor LED HD con Roku integrado y sonido Dolby Audio - Modelo 2025,244.71,147,ACTIVE,2025-09-18 07:46:37,2025-09-24 14:50:04
251,PROD-00231,"Sony Smart TV 85"" 8K Master",Pantalla premium de máxima resolución con inteligencia artificial - Modelo 2026,2516.58,71,ACTIVE,2025-05-30 14:13:49,2025-06-16 00:23:27
252,PROD-00232,"Samsung Smart TV 75"" 4K Frameless",Televisor sin bordes de gran formato con panel LED avanzado - Modelo 2023,1278.09,140,DISCONTINUED,2025-11-15 08:06:15,2025-12-17 19:08:56
253,PROD-00233,"Panasonic Smart TV 85"" 8K Master",Pantalla premium de máxima resolución con inteligencia artificial - Modelo 2024,2815.33,121,ACTIVE,2025-07-27 16:03:54,2025-08-07 22:28:28
254,PROD-00234,"Hisense Smart TV 32"" HD LED",Televisor LED HD con Roku integrado y sonido Dolby Audio - Modelo 2025,274.72,113,ACTIVE,2025-01-05 06:41:37,2025-01-30 21:55:37
255,PROD-00235,"Philips Smart TV 55"" 4K QLED",Televisor QLED con tecnología Quantum Dot y diseño ultra fino - Modelo 2026,620.1,47,ACTIVE,2026-05-25 08:38:32,2026-07-05 01:35:46
256,PROD-00236,"Samsung Smart TV 85"" 8K Master",Pantalla premium de máxima resolución con inteligencia artificial - Modelo 2023,2994.13,42,DISCONTINUED,2026-05-03 18:42:22,2026-05-12 17:53:43
257,PROD-00237,"Hisense Smart TV 40"" Full HD",Pantalla plana Full HD con puertos HDMI y USB multimedia - Modelo 2024,367.97,103,DISCONTINUED,2025-08-13 09:45:59,2025-09-03 10:11:46
258,PROD-00238,"Xiaomi Smart TV 40"" Full HD",Pantalla plana Full HD con puertos HDMI y USB multimedia - Modelo 2025,383.39,99,DISCONTINUED,2026-02-27 13:17:03,2026-03-02 08:10:02
259,PROD-00239,"Samsung Smart TV 65"" 4K UHD",Pantalla grande con Dolby Vision Atmos y control por voz - Modelo 2026,896.23,45,ACTIVE,2025-06-12 03:14:21,2025-07-25 19:54:48
260,PROD-00240,"Sony Smart TV 75"" 4K Frameless",Televisor sin bordes de gran formato con panel LED avanzado - Modelo 2023,1165.48,84,ACTIVE,2025-04-08 13:31:05,2025-04-20 14:32:34
261,PROD-00241,"Hisense Smart TV 40"" Full HD",Pantalla plana Full HD con puertos HDMI y USB multimedia - Modelo 2024,333.63,67,ACTIVE,2025-07-26 08:54:46,2025-08-27 17:51:42
262,PROD-00242,"Xiaomi Smart TV 40"" Full HD",Pantalla plana Full HD con puertos HDMI y USB multimedia - Modelo 2025,291.06,72,DISCONTINUED,2025-11-16 19:45:30,2025-11-29 05:35:43
263,PROD-00243,"TCL Smart TV 55"" 4K QLED",Televisor QLED con tecnología Quantum Dot y diseño ultra fino - Modelo 2026,578.24,140,ACTIVE,2026-04-13 14:19:39,2026-05-13 13:32:01
264,PROD-00244,"Hisense Smart TV 43"" 4K UHD",Televisor inteligente con HDR10+ y sistema operativo webOS - Modelo 2023,462.52,77,DISCONTINUED,2026-06-22 20:32:19,2026-07-27 08:10:32
265,PROD-00245,"Panasonic Smart TV 65"" 4K UHD",Pantalla grande con Dolby Vision Atmos y control por voz - Modelo 2024,905.94,106,ACTIVE,2026-01-19 16:09:59,2026-02-28 20:14:55
266,PROD-00246,"TCL Smart TV 75"" 4K Frameless",Televisor sin bordes de gran formato con panel LED avanzado - Modelo 2025,1267.0,107,ACTIVE,2026-01-10 07:30:50,2026-01-26 16:37:42
267,PROD-00247,"Samsung Smart TV 75"" 4K Frameless",Televisor sin bordes de gran formato con panel LED avanzado - Modelo 2026,1173.43,0,INACTIVE,2026-01-20 00:37:10,2026-02-16 00:45:06
268,PROD-00248,"Hisense Smart TV 50"" 4K Crystal",Pantalla UHD con procesador Crystal 4K y PurColor - Modelo 2023,523.71,18,INACTIVE,2025-05-21 14:42:43,2025-06-27 10:34:05
269,PROD-00249,"Hisense Smart TV 50"" 4K Crystal",Pantalla UHD con procesador Crystal 4K y PurColor - Modelo 2024,495.92,25,ACTIVE,2026-06-12 12:20:01,2026-07-03 22:03:10
270,PROD-00250,"Hisense Smart TV 75"" 4K Frameless",Televisor sin bordes de gran formato con panel LED avanzado - Modelo 2025,1141.77,57,DISCONTINUED,2026-08-17 20:25:02,2026-09-01 00:09:07
271,PROD-00251,"LG Smart TV 55"" 4K QLED",Televisor QLED con tecnología Quantum Dot y diseño ultra fino - Modelo 2026,642.76,42,ACTIVE,2025-07-09 12:48:09,2025-07-24 00:31:00
272,PROD-00252,"Sony Smart TV 50"" 4K Crystal",Pantalla UHD con procesador Crystal 4K y PurColor - Modelo 2023,498.84,34,INACTIVE,2026-08-23 16:04:47,2026-08-25 20:45:27
273,PROD-00253,"Xiaomi Smart TV 43"" 4K UHD",Televisor inteligente con HDR10+ y sistema operativo webOS - Modelo 2024,407.96,143,ACTIVE,2026-06-28 17:04:22,2026-07-08 09:19:33
274,PROD-00254,"Sony Smart TV 65"" 4K UHD",Pantalla grande con Dolby Vision Atmos y control por voz - Modelo 2025,887.26,43,DISCONTINUED,2025-08-12 12:51:03,2025-08-23 20:12:16
275,PROD-00255,"Sony Smart TV 40"" Full HD",Pantalla plana Full HD con puertos HDMI y USB multimedia - Modelo 2026,336.86,25,DISCONTINUED,2025-05-27 11:30:26,2025-06-03 19:41:23
276,PROD-00256,"Hisense Smart TV 32"" HD LED",Televisor LED HD con Roku integrado y sonido Dolby Audio - Modelo 2023,235.13,86,DISCONTINUED,2025-01-23 10:37:32,2025-01-24 12:01:38
277,PROD-00257,"Samsung Smart TV 43"" 4K UHD",Televisor inteligente con HDR10+ y sistema operativo webOS - Modelo 2024,422.14,18,DISCONTINUED,2025-05-07 06:11:21,2025-06-10 10:29:55
278,PROD-00258,"LG Smart TV 50"" 4K Crystal",Pantalla UHD con procesador Crystal 4K y PurColor - Modelo 2025,432.72,0,ACTIVE,2025-07-02 09:31:12,2025-08-09 02:24:30
279,PROD-00259,"Hisense Smart TV 55"" 4K QLED",Televisor QLED con tecnología Quantum Dot y diseño ultra fino - Modelo 2026,639.49,133,ACTIVE,2026-03-28 03:33:39,2026-04-15 05:16:59
280,PROD-00260,"LG Smart TV 75"" 4K Frameless",Televisor sin bordes de gran formato con panel LED avanzado - Modelo 2023,1302.38,55,ACTIVE,2025-07-27 18:28:12,2025-09-02 17:05:33
281,PROD-00261,"LG Smart TV 75"" 4K Frameless",Televisor sin bordes de gran formato con panel LED avanzado - Modelo 2024,1178.09,22,ACTIVE,2025-09-17 12:22:21,2025-10-26 17:35:15
282,PROD-00262,"Samsung Smart TV 65"" 4K UHD",Pantalla grande con Dolby Vision Atmos y control por voz - Modelo 2025,853.88,5,DISCONTINUED,2025-11-17 01:19:36,2025-12-03 19:14:50
283,PROD-00263,"Samsung Smart TV 55"" 4K QLED",Televisor QLED con tecnología Quantum Dot y diseño ultra fino - Modelo 2026,702.63,113,ACTIVE,2026-07-31 17:24:05,2026-08-09 10:11:06
284,PROD-00264,"LG Smart TV 43"" 4K UHD",Televisor inteligente con HDR10+ y sistema operativo webOS - Modelo 2023,386.82,48,ACTIVE,2026-06-16 02:08:24,2026-08-01 14:24:50
285,PROD-00265,"Sony Smart TV 43"" 4K UHD",Televisor inteligente con HDR10+ y sistema operativo webOS - Modelo 2024,357.72,93,INACTIVE,2025-10-20 17:12:57,2025-10-25 01:15:39
286,PROD-00266,"TCL Smart TV 55"" 4K QLED",Televisor QLED con tecnología Quantum Dot y diseño ultra fino - Modelo 2025,657.78,102,ACTIVE,2025-10-27 05:57:09,2025-12-03 02:14:47
287,PROD-00267,"LG Smart TV 32"" HD LED",Televisor LED HD con Roku integrado y sonido Dolby Audio - Modelo 2026,289.44,31,DISCONTINUED,2026-01-06 18:50:37,2026-02-04 09:22:36
288,PROD-00268,"Sony Smart TV 75"" 4K Frameless",Televisor sin bordes de gran formato con panel LED avanzado - Modelo 2023,1265.28,48,INACTIVE,2026-03-16 21:02:52,2026-03-24 10:59:23
289,PROD-00269,"Panasonic Smart TV 65"" 4K UHD",Pantalla grande con Dolby Vision Atmos y control por voz - Modelo 2024,885.49,88,DISCONTINUED,2026-08-12 16:06:55,2026-09-06 01:08:10
290,PROD-00270,"Samsung Smart TV 40"" Full HD",Pantalla plana Full HD con puertos HDMI y USB multimedia - Modelo 2025,334.19,78,DISCONTINUED,2025-01-11 06:00:15,2025-01-18 05:37:46
291,PROD-00271,"TCL Smart TV 50"" 4K Crystal",Pantalla UHD con procesador Crystal 4K y PurColor - Modelo 2026,459.26,149,INACTIVE,2025-01-20 03:52:14,2025-03-08 15:27:11
292,PROD-00272,"Xiaomi Smart TV 65"" 4K UHD",Pantalla grande con Dolby Vision Atmos y control por voz - Modelo 2023,849.02,145,ACTIVE,2026-08-10 18:48:49,2026-08-28 01:46:17
293,PROD-00273,"TCL Smart TV 65"" 4K UHD",Pantalla grande con Dolby Vision Atmos y control por voz - Modelo 2024,879.97,22,DISCONTINUED,2025-11-29 19:55:57,2025-12-15 11:54:08
294,PROD-00274,"Sony Smart TV 55"" 4K QLED",Televisor QLED con tecnología Quantum Dot y diseño ultra fino - Modelo 2025,634.75,6,ACTIVE,2026-06-08 08:06:39,2026-07-08 08:17:48
295,PROD-00275,"Sony Smart TV 75"" 4K Frameless",Televisor sin bordes de gran formato con panel LED avanzado - Modelo 2026,1204.68,33,INACTIVE,2026-02-03 12:50:09,2026-02-25 03:52:02
296,PROD-00276,"Samsung Smart TV 50"" 4K Crystal",Pantalla UHD con procesador Crystal 4K y PurColor - Modelo 2023,489.85,99,ACTIVE,2025-06-20 06:44:05,2025-07-21 15:55:54
297,PROD-00277,"Samsung Smart TV 65"" 4K UHD",Pantalla grande con Dolby Vision Atmos y control por voz - Modelo 2024,815.55,8,ACTIVE,2026-04-21 23:56:06,2026-04-26 00:44:58
298,PROD-00278,"Xiaomi Smart TV 85"" 8K Master",Pantalla premium de máxima resolución con inteligencia artificial - Modelo 2025,2541.64,39,ACTIVE,2026-05-15 08:19:09,2026-06-28 02:21:50
299,PROD-00279,"Philips Smart TV 85"" 8K Master",Pantalla premium de máxima resolución con inteligencia artificial - Modelo 2026,2568.54,120,INACTIVE,2025-11-03 07:08:20,2025-12-23 09:36:38
300,PROD-00280,"Sony Smart TV 85"" 8K Master",Pantalla premium de máxima resolución con inteligencia artificial - Modelo 2023,2917.97,77,ACTIVE,2026-04-21 07:53:12,2026-06-01 23:07:35
301,PROD-00281,"LG Smart TV 65"" 4K UHD",Pantalla grande con Dolby Vision Atmos y control por voz - Modelo 2024,888.5,80,ACTIVE,2026-02-08 05:33:43,2026-03-11 09:52:54
302,PROD-00282,"Panasonic Smart TV 43"" 4K UHD",Televisor inteligente con HDR10+ y sistema operativo webOS - Modelo 2025,385.55,132,ACTIVE,2026-08-18 00:16:06,2026-10-07 03:09:39
303,PROD-00283,"Hisense Smart TV 32"" HD LED",Televisor LED HD con Roku integrado y sonido Dolby Audio - Modelo 2026,219.3,6,ACTIVE,2025-10-28 21:50:29,2025-11-13 00:26:04
304,PROD-00284,"Xiaomi Smart TV 55"" 4K QLED",Televisor QLED con tecnología Quantum Dot y diseño ultra fino - Modelo 2023,648.27,97,DISCONTINUED,2026-04-16 03:38:40,2026-04-26 09:30:32
305,PROD-00285,"Sony Smart TV 75"" 4K Frameless",Televisor sin bordes de gran formato con panel LED avanzado - Modelo 2024,1240.97,91,INACTIVE,2025-02-03 08:55:56,2025-02-11 11:51:47
306,PROD-00286,"Samsung Smart TV 85"" 8K Master",Pantalla premium de máxima resolución con inteligencia artificial - Modelo 2025,2669.93,36,ACTIVE,2026-08-04 15:35:32,2026-08-23 16:17:33
307,PROD-00287,"Philips Smart TV 55"" 4K QLED",Televisor QLED con tecnología Quantum Dot y diseño ultra fino - Modelo 2026,640.72,77,ACTIVE,2025-02-25 07:43:19,2025-03-16 06:24:40
308,PROD-00288,"Philips Smart TV 55"" 4K QLED",Televisor QLED con tecnología Quantum Dot y diseño ultra fino - Modelo 2023,615.43,148,ACTIVE,2026-01-03 02:27:28,2026-01-13 07:04:04
309,PROD-00289,"LG Smart TV 50"" 4K Crystal",Pantalla UHD con procesador Crystal 4K y PurColor - Modelo 2024,534.05,131,ACTIVE,2026-06-17 23:02:05,2026-07-03 05:55:31
310,PROD-00290,"TCL Smart TV 55"" 4K QLED",Televisor QLED con tecnología Quantum Dot y diseño ultra fino - Modelo 2025,670.92,66,INACTIVE,2026-07-09 00:09:02,2026-07-14 07:34:41
311,PROD-00291,"LG Smart TV 55"" 4K QLED",Televisor QLED con tecnología Quantum Dot y diseño ultra fino - Modelo 2026,662.92,17,ACTIVE,2025-08-15 23:39:47,2025-09-24 22:46:44
312,PROD-00292,"Xiaomi Smart TV 40"" Full HD",Pantalla plana Full HD con puertos HDMI y USB multimedia - Modelo 2023,272.25,32,ACTIVE,2025-03-22 21:36:15,2025-03-30 07:09:42
313,PROD-00293,"Philips Smart TV 32"" HD LED",Televisor LED HD con Roku integrado y sonido Dolby Audio - Modelo 2024,214.61,61,INACTIVE,2026-06-22 01:59:54,2026-07-17 04:33:39
314,PROD-00294,"Hisense Smart TV 65"" 4K UHD",Pantalla grande con Dolby Vision Atmos y control por voz - Modelo 2025,847.28,89,ACTIVE,2025-02-17 12:51:08,2025-03-19 19:04:08
315,PROD-00295,"LG Smart TV 75"" 4K Frameless",Televisor sin bordes de gran formato con panel LED avanzado - Modelo 2026,1190.51,102,DISCONTINUED,2025-02-13 04:28:53,2025-03-15 23:04:28
316,PROD-00296,"Hisense Smart TV 40"" Full HD",Pantalla plana Full HD con puertos HDMI y USB multimedia - Modelo 2023,338.42,52,DISCONTINUED,2025-06-22 21:48:36,2025-07-04 12:13:14
317,PROD-00297,"Xiaomi Smart TV 43"" 4K UHD",Televisor inteligente con HDR10+ y sistema operativo webOS - Modelo 2024,418.43,71,ACTIVE,2025-09-26 14:38:20,2025-09-28 23:34:51
318,PROD-00298,"Xiaomi Smart TV 50"" 4K Crystal",Pantalla UHD con procesador Crystal 4K y PurColor - Modelo 2025,480.69,86,ACTIVE,2026-01-21 09:52:05,2026-02-26 19:56:42
319,PROD-00299,"Hisense Smart TV 32"" HD LED",Televisor LED HD con Roku integrado y sonido Dolby Audio - Modelo 2026,236.89,29,INACTIVE,2025-12-08 06:14:16,2026-01-28 01:13:05
320,PROD-00300,"LG Smart TV 75"" 4K Frameless",Televisor sin bordes de gran formato con panel LED avanzado - Modelo 2023,1194.12,82,ACTIVE,2026-04-04 03:01:23,2026-05-11 17:00:56
321,PROD-00301,"Xiaomi Smart TV 32"" HD LED",Televisor LED HD con Roku integrado y sonido Dolby Audio - Modelo 2024,287.6,60,DISCONTINUED,2026-01-07 15:06:04,2026-01-16 23:29:18
322,PROD-00302,"Samsung Smart TV 40"" Full HD",Pantalla plana Full HD con puertos HDMI y USB multimedia - Modelo 2025,369.44,112,ACTIVE,2025-01-27 07:29:39,2025-03-09 06:30:25
323,PROD-00303,"LG Smart TV 43"" 4K UHD",Televisor inteligente con HDR10+ y sistema operativo webOS - Modelo 2026,411.33,36,ACTIVE,2026-06-06 19:13:24,2026-07-20 20:00:08
324,PROD-00304,"Hisense Smart TV 85"" 8K Master",Pantalla premium de máxima resolución con inteligencia artificial - Modelo 2023,2920.85,63,INACTIVE,2025-11-30 13:20:29,2025-12-03 03:19:56
325,PROD-00305,"Philips Smart TV 65"" 4K UHD",Pantalla grande con Dolby Vision Atmos y control por voz - Modelo 2024,935.07,35,ACTIVE,2025-11-12 23:59:34,2025-12-30 15:29:51
326,PROD-00306,"TCL Smart TV 43"" 4K UHD",Televisor inteligente con HDR10+ y sistema operativo webOS - Modelo 2025,406.54,30,INACTIVE,2025-06-20 03:39:59,2025-07-21 04:53:22
327,PROD-00307,"Samsung Smart TV 75"" 4K Frameless",Televisor sin bordes de gran formato con panel LED avanzado - Modelo 2026,1207.81,106,DISCONTINUED,2025-08-24 11:00:53,2025-09-28 18:04:21
328,PROD-00308,"LG Smart TV 50"" 4K Crystal",Pantalla UHD con procesador Crystal 4K y PurColor - Modelo 2023,475.29,134,DISCONTINUED,2025-07-22 09:26:41,2025-08-31 09:24:17
329,PROD-00309,"LG Smart TV 65"" 4K UHD",Pantalla grande con Dolby Vision Atmos y control por voz - Modelo 2024,871.72,92,DISCONTINUED,2025-10-03 22:27:52,2025-10-10 16:08:29
330,PROD-00310,"TCL Smart TV 65"" 4K UHD",Pantalla grande con Dolby Vision Atmos y control por voz - Modelo 2025,909.3,109,INACTIVE,2026-07-17 17:14:10,2026-08-12 02:11:17
331,PROD-00311,"Panasonic Smart TV 65"" 4K UHD",Pantalla grande con Dolby Vision Atmos y control por voz - Modelo 2026,944.21,60,ACTIVE,2025-12-14 23:27:10,2026-01-27 06:28:52
332,PROD-00312,"Sony Smart TV 85"" 8K Master",Pantalla premium de máxima resolución con inteligencia artificial - Modelo 2023,2924.1,64,DISCONTINUED,2026-07-14 02:51:41,2026-08-24 12:55:30
333,PROD-00313,"Hisense Smart TV 32"" HD LED",Televisor LED HD con Roku integrado y sonido Dolby Audio - Modelo 2024,280.45,23,ACTIVE,2026-05-17 14:22:24,2026-05-28 07:55:42
334,PROD-00314,"LG Smart TV 50"" 4K Crystal",Pantalla UHD con procesador Crystal 4K y PurColor - Modelo 2025,511.53,95,ACTIVE,2025-10-25 07:30:11,2025-12-07 01:27:51
335,PROD-00315,"Xiaomi Smart TV 55"" 4K QLED",Televisor QLED con tecnología Quantum Dot y diseño ultra fino - Modelo 2026,581.64,99,ACTIVE,2025-08-23 02:26:42,2025-10-08 09:03:51
336,PROD-00316,"Hisense Smart TV 32"" HD LED",Televisor LED HD con Roku integrado y sonido Dolby Audio - Modelo 2023,254.57,95,ACTIVE,2025-11-20 13:34:50,2025-12-10 21:50:32
337,PROD-00317,"Sony Smart TV 50"" 4K Crystal",Pantalla UHD con procesador Crystal 4K y PurColor - Modelo 2024,480.81,134,ACTIVE,2026-05-08 11:24:31,2026-05-13 17:16:08
338,PROD-00318,"Xiaomi Smart TV 75"" 4K Frameless",Televisor sin bordes de gran formato con panel LED avanzado - Modelo 2025,1297.92,9,ACTIVE,2025-02-16 10:17:06,2025-04-05 06:52:13
339,PROD-00319,"TCL Smart TV 43"" 4K UHD",Televisor inteligente con HDR10+ y sistema operativo webOS - Modelo 2026,345.09,137,ACTIVE,2025-09-28 03:23:34,2025-10-24 08:59:15
340,PROD-00320,"LG Smart TV 55"" 4K QLED",Televisor QLED con tecnología Quantum Dot y diseño ultra fino - Modelo 2023,646.44,89,DISCONTINUED,2025-11-02 03:49:40,2025-12-15 21:13:01
341,PROD-00321,"Panasonic Smart TV 43"" 4K UHD",Televisor inteligente con HDR10+ y sistema operativo webOS - Modelo 2024,393.64,21,ACTIVE,2026-02-22 17:47:34,2026-03-07 00:26:15
342,PROD-00322,"LG Smart TV 43"" 4K UHD",Televisor inteligente con HDR10+ y sistema operativo webOS - Modelo 2025,382.05,57,ACTIVE,2025-04-04 16:32:09,2025-05-09 15:13:24
343,PROD-00323,"Panasonic Smart TV 75"" 4K Frameless",Televisor sin bordes de gran formato con panel LED avanzado - Modelo 2026,1318.7,100,ACTIVE,2025-10-15 12:35:16,2025-11-19 01:58:50
344,PROD-00324,"Sony Smart TV 32"" HD LED",Televisor LED HD con Roku integrado y sonido Dolby Audio - Modelo 2023,235.8,77,INACTIVE,2025-01-23 21:05:27,2025-01-30 20:44:13
345,PROD-00325,"Xiaomi Smart TV 40"" Full HD",Pantalla plana Full HD con puertos HDMI y USB multimedia - Modelo 2024,349.49,141,ACTIVE,2025-02-15 16:54:58,2025-03-01 18:45:35
346,PROD-00326,"Hisense Smart TV 40"" Full HD",Pantalla plana Full HD con puertos HDMI y USB multimedia - Modelo 2025,344.23,47,DISCONTINUED,2025-01-14 22:11:32,2025-01-18 21:35:37
347,PROD-00327,"TCL Smart TV 85"" 8K Master",Pantalla premium de máxima resolución con inteligencia artificial - Modelo 2026,2762.61,69,ACTIVE,2025-08-19 06:18:40,2025-08-21 22:25:12
348,PROD-00328,"Xiaomi Smart TV 50"" 4K Crystal",Pantalla UHD con procesador Crystal 4K y PurColor - Modelo 2023,443.29,75,INACTIVE,2025-07-20 02:12:44,2025-08-05 18:06:22
349,PROD-00329,"Xiaomi Smart TV 65"" 4K UHD",Pantalla grande con Dolby Vision Atmos y control por voz - Modelo 2024,783.91,23,INACTIVE,2025-07-18 21:29:47,2025-07-21 11:02:36
350,PROD-00330,"Philips Smart TV 43"" 4K UHD",Televisor inteligente con HDR10+ y sistema operativo webOS - Modelo 2025,373.74,12,ACTIVE,2026-04-24 22:44:29,2026-05-28 13:46:31
351,PROD-00331,"Panasonic Smart TV 85"" 8K Master",Pantalla premium de máxima resolución con inteligencia artificial - Modelo 2026,2678.95,71,ACTIVE,2025-05-09 20:03:01,2025-06-04 19:41:46
352,PROD-00332,"Philips Smart TV 65"" 4K UHD",Pantalla grande con Dolby Vision Atmos y control por voz - Modelo 2023,882.21,26,ACTIVE,2025-01-30 16:29:59,2025-02-22 19:31:36
353,PROD-00333,"Sony Smart TV 75"" 4K Frameless",Televisor sin bordes de gran formato con panel LED avanzado - Modelo 2024,1292.69,103,ACTIVE,2026-07-26 01:35:40,2026-09-11 22:09:12
354,PROD-00334,"Philips Smart TV 65"" 4K UHD",Pantalla grande con Dolby Vision Atmos y control por voz - Modelo 2025,875.8,119,ACTIVE,2026-03-22 07:44:16,2026-05-09 09:39:42
355,PROD-00335,"LG Smart TV 50"" 4K Crystal",Pantalla UHD con procesador Crystal 4K y PurColor - Modelo 2026,434.04,35,INACTIVE,2025-10-01 12:49:23,2025-11-13 22:16:24
356,PROD-00336,"Xiaomi Smart TV 55"" 4K QLED",Televisor QLED con tecnología Quantum Dot y diseño ultra fino - Modelo 2023,582.29,133,INACTIVE,2025-03-20 00:41:40,2025-03-20 16:34:57
357,PROD-00337,"TCL Smart TV 65"" 4K UHD",Pantalla grande con Dolby Vision Atmos y control por voz - Modelo 2024,774.82,24,DISCONTINUED,2026-04-12 06:57:06,2026-04-21 16:05:13
358,PROD-00338,"Hisense Smart TV 40"" Full HD",Pantalla plana Full HD con puertos HDMI y USB multimedia - Modelo 2025,355.56,145,INACTIVE,2025-02-03 02:21:06,2025-03-14 16:17:09
359,PROD-00339,"Sony Smart TV 40"" Full HD",Pantalla plana Full HD con puertos HDMI y USB multimedia - Modelo 2026,339.09,98,ACTIVE,2025-02-18 23:10:09,2025-03-15 06:23:49
360,PROD-00340,"Hisense Smart TV 65"" 4K UHD",Pantalla grande con Dolby Vision Atmos y control por voz - Modelo 2023,907.39,0,ACTIVE,2025-06-10 11:44:48,2025-07-30 03:27:04
361,PROD-00341,"LG Smart TV 85"" 8K Master",Pantalla premium de máxima resolución con inteligencia artificial - Modelo 2024,2792.06,40,DISCONTINUED,2025-02-21 21:53:23,2025-02-25 19:42:25
362,PROD-00342,"Hisense Smart TV 50"" 4K Crystal",Pantalla UHD con procesador Crystal 4K y PurColor - Modelo 2025,514.19,38,ACTIVE,2025-07-22 08:02:11,2025-08-18 14:40:36
363,PROD-00343,"Philips Smart TV 85"" 8K Master",Pantalla premium de máxima resolución con inteligencia artificial - Modelo 2026,2910.78,80,DISCONTINUED,2025-02-09 07:20:48,2025-03-05 09:17:06
364,PROD-00344,"TCL Smart TV 32"" HD LED",Televisor LED HD con Roku integrado y sonido Dolby Audio - Modelo 2023,266.3,119,DISCONTINUED,2026-06-23 21:35:14,2026-07-01 22:45:10
365,PROD-00345,"LG Smart TV 65"" 4K UHD",Pantalla grande con Dolby Vision Atmos y control por voz - Modelo 2024,882.93,5,DISCONTINUED,2025-04-03 20:21:46,2025-04-17 02:16:35
366,PROD-00346,"Hisense Smart TV 55"" 4K QLED",Televisor QLED con tecnología Quantum Dot y diseño ultra fino - Modelo 2025,603.55,74,ACTIVE,2025-10-02 05:42:30,2025-10-09 13:49:17
367,PROD-00347,"Panasonic Smart TV 85"" 8K Master",Pantalla premium de máxima resolución con inteligencia artificial - Modelo 2026,2691.06,112,ACTIVE,2025-06-17 13:34:00,2025-06-25 04:54:15
368,PROD-00348,"Xiaomi Smart TV 55"" 4K QLED",Televisor QLED con tecnología Quantum Dot y diseño ultra fino - Modelo 2023,657.9,59,DISCONTINUED,2025-01-25 17:00:11,2025-02-28 18:11:27
369,PROD-00349,"Hisense Smart TV 43"" 4K UHD",Televisor inteligente con HDR10+ y sistema operativo webOS - Modelo 2024,436.94,84,ACTIVE,2025-11-12 22:23:57,2025-11-25 15:54:44
370,PROD-00350,"LG Smart TV 32"" HD LED",Televisor LED HD con Roku integrado y sonido Dolby Audio - Modelo 2025,277.3,91,ACTIVE,2025-08-17 09:31:34,2025-08-17 13:41:07
371,PROD-00351,"LG Smart TV 65"" 4K UHD",Pantalla grande con Dolby Vision Atmos y control por voz - Modelo 2026,848.78,10,ACTIVE,2025-11-16 17:30:58,2026-01-04 23:26:16
372,PROD-00352,"Philips Smart TV 40"" Full HD",Pantalla plana Full HD con puertos HDMI y USB multimedia - Modelo 2023,323.88,6,INACTIVE,2026-03-23 16:31:26,2026-04-05 23:28:11
373,PROD-00353,"Hisense Smart TV 50"" 4K Crystal",Pantalla UHD con procesador Crystal 4K y PurColor - Modelo 2024,423.14,118,ACTIVE,2025-12-10 20:42:19,2025-12-20 07:20:00
374,PROD-00354,"TCL Smart TV 40"" Full HD",Pantalla plana Full HD con puertos HDMI y USB multimedia - Modelo 2025,270.55,42,ACTIVE,2026-08-23 03:50:07,2026-09-13 14:44:07
375,PROD-00355,"Philips Smart TV 55"" 4K QLED",Televisor QLED con tecnología Quantum Dot y diseño ultra fino - Modelo 2026,637.13,52,ACTIVE,2025-08-13 08:04:08,2025-09-25 02:16:39
376,PROD-00356,"Panasonic Smart TV 40"" Full HD",Pantalla plana Full HD con puertos HDMI y USB multimedia - Modelo 2023,348.77,44,ACTIVE,2025-08-25 04:54:01,2025-09-15 16:59:30
377,PROD-00357,"Hisense Smart TV 85"" 8K Master",Pantalla premium de máxima resolución con inteligencia artificial - Modelo 2024,2925.72,116,ACTIVE,2026-08-23 07:03:39,2026-09-22 20:28:08
378,PROD-00358,"Philips Smart TV 40"" Full HD",Pantalla plana Full HD con puertos HDMI y USB multimedia - Modelo 2025,311.62,2,DISCONTINUED,2025-02-21 11:43:58,2025-03-31 10:07:14
379,PROD-00359,"LG Smart TV 50"" 4K Crystal",Pantalla UHD con procesador Crystal 4K y PurColor - Modelo 2026,466.78,73,ACTIVE,2026-01-06 12:51:35,2026-02-08 23:43:43
380,PROD-00360,"Samsung Smart TV 50"" 4K Crystal",Pantalla UHD con procesador Crystal 4K y PurColor - Modelo 2023,472.28,68,ACTIVE,2026-05-03 11:07:31,2026-06-13 23:50:27
381,PROD-00361,"Panasonic Smart TV 55"" 4K QLED",Televisor QLED con tecnología Quantum Dot y diseño ultra fino - Modelo 2024,640.03,144,ACTIVE,2026-05-07 04:10:06,2026-06-21 05:12:00
382,PROD-00362,"TCL Smart TV 43"" 4K UHD",Televisor inteligente con HDR10+ y sistema operativo webOS - Modelo 2025,387.09,72,DISCONTINUED,2026-01-07 23:32:15,2026-02-26 18:04:40
383,PROD-00363,"Philips Smart TV 32"" HD LED",Televisor LED HD con Roku integrado y sonido Dolby Audio - Modelo 2026,268.17,68,ACTIVE,2026-01-01 06:30:43,2026-01-29 05:10:06
384,PROD-00364,"Samsung Smart TV 75"" 4K Frameless",Televisor sin bordes de gran formato con panel LED avanzado - Modelo 2023,1192.96,95,ACTIVE,2025-07-02 00:01:58,2025-08-08 08:44:16
385,PROD-00365,"TCL Smart TV 85"" 8K Master",Pantalla premium de máxima resolución con inteligencia artificial - Modelo 2024,2898.8,121,INACTIVE,2026-03-15 22:55:50,2026-03-18 03:10:45
386,PROD-00366,"Philips Smart TV 65"" 4K UHD",Pantalla grande con Dolby Vision Atmos y control por voz - Modelo 2025,840.99,126,ACTIVE,2025-10-20 15:57:29,2025-11-27 06:41:28
387,PROD-00367,"LG Smart TV 32"" HD LED",Televisor LED HD con Roku integrado y sonido Dolby Audio - Modelo 2026,273.62,77,DISCONTINUED,2025-11-12 21:42:07,2025-11-13 13:01:23
388,PROD-00368,"Sony Smart TV 40"" Full HD",Pantalla plana Full HD con puertos HDMI y USB multimedia - Modelo 2023,350.48,63,ACTIVE,2025-09-01 05:02:53,2025-10-17 11:34:59
389,PROD-00369,"TCL Smart TV 43"" 4K UHD",Televisor inteligente con HDR10+ y sistema operativo webOS - Modelo 2024,460.46,18,DISCONTINUED,2025-10-02 17:02:37,2025-10-12 04:42:51
390,PROD-00370,"LG Smart TV 32"" HD LED",Televisor LED HD con Roku integrado y sonido Dolby Audio - Modelo 2025,246.53,139,ACTIVE,2025-12-06 22:19:45,2026-01-21 18:59:29
391,PROD-00371,"Philips Smart TV 55"" 4K QLED",Televisor QLED con tecnología Quantum Dot y diseño ultra fino - Modelo 2026,602.56,71,DISCONTINUED,2025-04-27 13:05:57,2025-06-08 15:45:38
392,PROD-00372,"LG Smart TV 40"" Full HD",Pantalla plana Full HD con puertos HDMI y USB multimedia - Modelo 2023,286.84,81,ACTIVE,2025-01-09 15:14:37,2025-01-15 02:50:46
393,PROD-00373,"Hisense Smart TV 85"" 8K Master",Pantalla premium de máxima resolución con inteligencia artificial - Modelo 2024,2664.74,74,ACTIVE,2026-08-01 10:02:58,2026-09-08 20:45:34
394,PROD-00374,"Sony Smart TV 40"" Full HD",Pantalla plana Full HD con puertos HDMI y USB multimedia - Modelo 2025,318.82,65,ACTIVE,2025-08-13 21:51:51,2025-08-14 13:57:42
395,PROD-00375,"Sony Smart TV 43"" 4K UHD",Televisor inteligente con HDR10+ y sistema operativo webOS - Modelo 2026,415.85,74,ACTIVE,2026-08-07 04:09:55,2026-08-16 23:47:45
396,PROD-00376,"Xiaomi Smart TV 85"" 8K Master",Pantalla premium de máxima resolución con inteligencia artificial - Modelo 2023,2546.38,131,ACTIVE,2025-06-26 15:58:03,2025-08-07 22:58:06
397,PROD-00377,"Philips Smart TV 75"" 4K Frameless",Televisor sin bordes de gran formato con panel LED avanzado - Modelo 2024,1259.99,104,ACTIVE,2025-05-19 02:21:55,2025-05-30 06:14:22
398,PROD-00378,"LG Smart TV 65"" 4K UHD",Pantalla grande con Dolby Vision Atmos y control por voz - Modelo 2025,790.43,41,ACTIVE,2025-08-06 16:05:42,2025-09-10 09:01:24
399,PROD-00379,"TCL Smart TV 40"" Full HD",Pantalla plana Full HD con puertos HDMI y USB multimedia - Modelo 2026,349.64,11,ACTIVE,2026-02-22 18:56:29,2026-03-06 10:49:34
400,PROD-00380,"LG Smart TV 75"" 4K Frameless",Televisor sin bordes de gran formato con panel LED avanzado - Modelo 2023,1270.11,85,ACTIVE,2026-01-13 09:05:16,2026-02-16 21:46:30
401,PROD-00381,"Philips Smart TV 55"" 4K QLED",Televisor QLED con tecnología Quantum Dot y diseño ultra fino - Modelo 2024,672.27,58,ACTIVE,2025-06-22 00:50:24,2025-07-03 10:11:48
402,PROD-00382,"Samsung Smart TV 43"" 4K UHD",Televisor inteligente con HDR10+ y sistema operativo webOS - Modelo 2025,406.67,91,ACTIVE,2026-07-12 21:55:49,2026-09-01 20:04:30
403,PROD-00383,"Panasonic Smart TV 50"" 4K Crystal",Pantalla UHD con procesador Crystal 4K y PurColor - Modelo 2026,455.58,85,DISCONTINUED,2025-06-05 05:14:29,2025-06-09 10:27:34
404,PROD-00384,"LG Smart TV 40"" Full HD",Pantalla plana Full HD con puertos HDMI y USB multimedia - Modelo 2023,323.92,130,ACTIVE,2025-04-14 21:18:36,2025-04-28 01:23:20
405,PROD-00385,"Philips Smart TV 55"" 4K QLED",Televisor QLED con tecnología Quantum Dot y diseño ultra fino - Modelo 2024,655.35,67,DISCONTINUED,2026-07-09 23:42:40,2026-07-12 06:15:18
406,PROD-00386,"Philips Smart TV 50"" 4K Crystal",Pantalla UHD con procesador Crystal 4K y PurColor - Modelo 2025,434.92,99,INACTIVE,2025-03-11 06:53:58,2025-04-30 13:57:39
407,PROD-00387,"LG Smart TV 65"" 4K UHD",Pantalla grande con Dolby Vision Atmos y control por voz - Modelo 2026,837.67,140,ACTIVE,2025-09-30 22:16:41,2025-10-09 06:31:14
408,PROD-00388,"Philips Smart TV 32"" HD LED",Televisor LED HD con Roku integrado y sonido Dolby Audio - Modelo 2023,286.04,14,DISCONTINUED,2025-10-29 05:10:38,2025-10-30 00:51:51
409,PROD-00389,"LG Smart TV 65"" 4K UHD",Pantalla grande con Dolby Vision Atmos y control por voz - Modelo 2024,870.72,91,DISCONTINUED,2026-02-28 15:03:13,2026-04-03 02:57:41
410,PROD-00390,"Philips Smart TV 50"" 4K Crystal",Pantalla UHD con procesador Crystal 4K y PurColor - Modelo 2025,470.02,10,ACTIVE,2025-04-29 14:52:43,2025-05-02 02:48:14
411,PROD-00391,"Panasonic Smart TV 32"" HD LED",Televisor LED HD con Roku integrado y sonido Dolby Audio - Modelo 2026,204.56,129,ACTIVE,2026-05-16 09:00:52,2026-05-31 01:28:26
412,PROD-00392,"Hisense Smart TV 55"" 4K QLED",Televisor QLED con tecnología Quantum Dot y diseño ultra fino - Modelo 2023,663.1,141,ACTIVE,2025-05-13 22:17:23,2025-06-18 03:51:40
413,PROD-00393,"TCL Smart TV 40"" Full HD",Pantalla plana Full HD con puertos HDMI y USB multimedia - Modelo 2024,316.44,62,ACTIVE,2026-06-29 14:33:43,2026-08-03 17:54:05
414,PROD-00394,"Hisense Smart TV 55"" 4K QLED",Televisor QLED con tecnología Quantum Dot y diseño ultra fino - Modelo 2025,631.46,115,INACTIVE,2026-04-18 08:02:51,2026-04-22 23:20:38
415,PROD-00395,"Sony Smart TV 75"" 4K Frameless",Televisor sin bordes de gran formato con panel LED avanzado - Modelo 2026,1169.06,44,ACTIVE,2025-05-24 04:37:40,2025-07-03 01:45:48
416,PROD-00396,"Samsung Smart TV 65"" 4K UHD",Pantalla grande con Dolby Vision Atmos y control por voz - Modelo 2023,814.68,14,ACTIVE,2026-04-28 01:36:08,2026-06-04 13:49:14
417,PROD-00397,"Samsung Smart TV 50"" 4K Crystal",Pantalla UHD con procesador Crystal 4K y PurColor - Modelo 2024,435.87,63,DISCONTINUED,2025-02-01 07:30:10,2025-02-14 20:41:18
418,PROD-00398,"LG Smart TV 40"" Full HD",Pantalla plana Full HD con puertos HDMI y USB multimedia - Modelo 2025,325.58,69,ACTIVE,2025-08-10 08:17:54,2025-08-25 23:13:05
419,PROD-00399,"TCL Smart TV 43"" 4K UHD",Televisor inteligente con HDR10+ y sistema operativo webOS - Modelo 2026,415.51,47,ACTIVE,2025-10-13 04:08:55,2025-11-22 15:20:50
420,PROD-00400,"Philips Smart TV 40"" Full HD",Pantalla plana Full HD con puertos HDMI y USB multimedia - Modelo 2023,302.72,61,INACTIVE,2026-05-08 15:52:49,2026-06-22 01:03:56
421,PROD-00401,"Panasonic Smart TV 50"" 4K Crystal",Pantalla UHD con procesador Crystal 4K y PurColor - Modelo 2024,475.24,117,INACTIVE,2026-03-27 20:55:05,2026-04-09 10:17:41
422,PROD-00402,"LG Smart TV 50"" 4K Crystal",Pantalla UHD con procesador Crystal 4K y PurColor - Modelo 2025,508.46,15,INACTIVE,2025-04-06 14:06:29,2025-04-26 03:56:23
423,PROD-00403,"TCL Smart TV 43"" 4K UHD",Televisor inteligente con HDR10+ y sistema operativo webOS - Modelo 2026,451.93,114,ACTIVE,2025-09-29 10:57:03,2025-10-07 00:35:56
424,PROD-00404,"Sony Smart TV 43"" 4K UHD",Televisor inteligente con HDR10+ y sistema operativo webOS - Modelo 2023,389.87,0,ACTIVE,2025-03-14 01:42:17,2025-04-14 11:29:05
425,PROD-00405,"LG Smart TV 65"" 4K UHD",Pantalla grande con Dolby Vision Atmos y control por voz - Modelo 2024,818.27,12,INACTIVE,2025-02-14 22:33:50,2025-03-13 13:19:49
426,PROD-00406,"LG Smart TV 65"" 4K UHD",Pantalla grande con Dolby Vision Atmos y control por voz - Modelo 2025,796.75,126,DISCONTINUED,2026-05-18 13:11:15,2026-06-24 19:31:56
427,PROD-00407,"Sony Smart TV 65"" 4K UHD",Pantalla grande con Dolby Vision Atmos y control por voz - Modelo 2026,846.32,49,ACTIVE,2026-05-27 05:32:41,2026-06-21 22:03:37
428,PROD-00408,"Hisense Smart TV 43"" 4K UHD",Televisor inteligente con HDR10+ y sistema operativo webOS - Modelo 2023,370.55,42,INACTIVE,2025-02-05 01:25:23,2025-03-03 06:06:18
429,PROD-00409,"Xiaomi Smart TV 32"" HD LED",Televisor LED HD con Roku integrado y sonido Dolby Audio - Modelo 2024,219.03,145,ACTIVE,2025-12-23 00:43:33,2026-01-16 09:11:19
430,PROD-00410,"Panasonic Smart TV 85"" 8K Master",Pantalla premium de máxima resolución con inteligencia artificial - Modelo 2025,2605.47,112,ACTIVE,2025-02-28 20:49:25,2025-04-14 23:27:06
431,PROD-00411,"Philips Smart TV 43"" 4K UHD",Televisor inteligente con HDR10+ y sistema operativo webOS - Modelo 2026,440.09,76,DISCONTINUED,2026-07-01 00:36:28,2026-07-08 05:15:48
432,PROD-00412,"Samsung Smart TV 65"" 4K UHD",Pantalla grande con Dolby Vision Atmos y control por voz - Modelo 2023,886.99,43,ACTIVE,2025-10-15 13:10:28,2025-11-01 18:56:45
433,PROD-00413,"Samsung Smart TV 65"" 4K UHD",Pantalla grande con Dolby Vision Atmos y control por voz - Modelo 2024,920.49,128,ACTIVE,2025-11-10 21:05:20,2025-12-21 08:29:38
434,PROD-00414,"Philips Smart TV 40"" Full HD",Pantalla plana Full HD con puertos HDMI y USB multimedia - Modelo 2025,380.73,82,ACTIVE,2025-12-18 14:07:56,2025-12-30 09:06:27
435,PROD-00415,"Sony Smart TV 85"" 8K Master",Pantalla premium de máxima resolución con inteligencia artificial - Modelo 2026,2776.26,148,ACTIVE,2026-05-01 02:14:10,2026-06-13 19:53:52
436,PROD-00416,"TCL Smart TV 40"" Full HD",Pantalla plana Full HD con puertos HDMI y USB multimedia - Modelo 2023,332.23,24,ACTIVE,2025-09-10 08:53:33,2025-09-18 22:20:21
437,PROD-00417,"Xiaomi Smart TV 65"" 4K UHD",Pantalla grande con Dolby Vision Atmos y control por voz - Modelo 2024,902.69,0,ACTIVE,2026-02-26 23:29:02,2026-03-24 12:57:57
438,PROD-00418,"Panasonic Smart TV 40"" Full HD",Pantalla plana Full HD con puertos HDMI y USB multimedia - Modelo 2025,298.7,76,ACTIVE,2025-02-14 08:34:31,2025-04-01 13:49:17
439,PROD-00419,"LG Smart TV 65"" 4K UHD",Pantalla grande con Dolby Vision Atmos y control por voz - Modelo 2026,916.23,39,INACTIVE,2025-01-10 22:14:38,2025-01-15 14:18:59
440,PROD-00420,"Sony Smart TV 50"" 4K Crystal",Pantalla UHD con procesador Crystal 4K y PurColor - Modelo 2023,539.62,105,INACTIVE,2026-03-12 21:54:14,2026-03-19 18:58:04
441,PROD-00421,"LG Smart TV 43"" 4K UHD",Televisor inteligente con HDR10+ y sistema operativo webOS - Modelo 2024,409.21,60,ACTIVE,2026-05-28 01:57:56,2026-06-07 16:14:34
442,PROD-00422,"Sony Smart TV 50"" 4K Crystal",Pantalla UHD con procesador Crystal 4K y PurColor - Modelo 2025,449.32,97,ACTIVE,2026-06-30 23:14:23,2026-08-15 07:40:21
443,PROD-00423,"Samsung Smart TV 50"" 4K Crystal",Pantalla UHD con procesador Crystal 4K y PurColor - Modelo 2026,527.9,77,ACTIVE,2025-05-09 10:44:15,2025-05-17 02:08:18
444,PROD-00424,"Panasonic Smart TV 32"" HD LED",Televisor LED HD con Roku integrado y sonido Dolby Audio - Modelo 2023,237.17,0,DISCONTINUED,2025-03-06 02:54:35,2025-04-22 06:38:32
445,PROD-00425,"Philips Smart TV 55"" 4K QLED",Televisor QLED con tecnología Quantum Dot y diseño ultra fino - Modelo 2024,638.63,17,ACTIVE,2026-03-24 13:40:30,2026-05-01 05:14:38
446,PROD-00426,"Philips Smart TV 43"" 4K UHD",Televisor inteligente con HDR10+ y sistema operativo webOS - Modelo 2025,438.1,117,ACTIVE,2025-07-21 07:26:28,2025-07-26 08:35:07
447,PROD-00427,"Panasonic Smart TV 55"" 4K QLED",Televisor QLED con tecnología Quantum Dot y diseño ultra fino - Modelo 2026,609.76,75,ACTIVE,2026-02-15 04:38:34,2026-02-22 07:12:50
448,PROD-00428,"Sony Smart TV 65"" 4K UHD",Pantalla grande con Dolby Vision Atmos y control por voz - Modelo 2023,866.26,141,ACTIVE,2025-04-01 20:08:34,2025-05-01 19:15:10
449,PROD-00429,"Xiaomi Smart TV 32"" HD LED",Televisor LED HD con Roku integrado y sonido Dolby Audio - Modelo 2024,277.77,39,DISCONTINUED,2025-07-04 07:03:29,2025-08-22 10:47:12
450,PROD-00430,"Philips Smart TV 65"" 4K UHD",Pantalla grande con Dolby Vision Atmos y control por voz - Modelo 2025,772.3,105,INACTIVE,2026-07-10 08:50:42,2026-08-12 09:12:57
451,PROD-00431,"LG Smart TV 65"" 4K UHD",Pantalla grande con Dolby Vision Atmos y control por voz - Modelo 2026,879.64,30,DISCONTINUED,2026-01-26 10:47:11,2026-03-03 23:15:12
452,PROD-00432,"Philips Smart TV 50"" 4K Crystal",Pantalla UHD con procesador Crystal 4K y PurColor - Modelo 2023,492.19,54,ACTIVE,2025-06-05 00:13:48,2025-06-27 21:11:35
453,PROD-00433,"Panasonic Smart TV 50"" 4K Crystal",Pantalla UHD con procesador Crystal 4K y PurColor - Modelo 2024,501.3,29,DISCONTINUED,2025-06-30 09:24:22,2025-07-09 03:35:31
454,PROD-00434,"TCL Smart TV 32"" HD LED",Televisor LED HD con Roku integrado y sonido Dolby Audio - Modelo 2025,195.18,11,ACTIVE,2025-03-31 21:22:09,2025-04-27 07:09:41
455,PROD-00435,"Panasonic Smart TV 75"" 4K Frameless",Televisor sin bordes de gran formato con panel LED avanzado - Modelo 2026,1255.78,121,ACTIVE,2025-05-26 04:59:42,2025-07-04 17:57:20
456,PROD-00436,"TCL Smart TV 85"" 8K Master",Pantalla premium de máxima resolución con inteligencia artificial - Modelo 2023,2911.36,22,INACTIVE,2026-06-20 14:51:29,2026-06-25 02:35:33
457,PROD-00437,"Xiaomi Smart TV 32"" HD LED",Televisor LED HD con Roku integrado y sonido Dolby Audio - Modelo 2024,259.65,59,INACTIVE,2026-08-01 20:04:57,2026-09-01 23:57:35
458,PROD-00438,"TCL Smart TV 50"" 4K Crystal",Pantalla UHD con procesador Crystal 4K y PurColor - Modelo 2025,461.88,123,DISCONTINUED,2025-05-27 05:59:57,2025-06-28 04:41:05
459,PROD-00439,"Philips Smart TV 32"" HD LED",Televisor LED HD con Roku integrado y sonido Dolby Audio - Modelo 2026,219.34,7,ACTIVE,2025-05-26 19:31:26,2025-06-09 00:52:55
460,PROD-00440,"Philips Smart TV 55"" 4K QLED",Televisor QLED con tecnología Quantum Dot y diseño ultra fino - Modelo 2023,645.76,86,ACTIVE,2026-01-07 01:10:53,2026-01-20 02:37:45
461,PROD-00441,"Xiaomi Smart TV 65"" 4K UHD",Pantalla grande con Dolby Vision Atmos y control por voz - Modelo 2024,831.55,121,DISCONTINUED,2025-09-15 02:03:30,2025-10-20 00:32:37
462,PROD-00442,"Samsung Smart TV 65"" 4K UHD",Pantalla grande con Dolby Vision Atmos y control por voz - Modelo 2025,915.57,94,DISCONTINUED,2025-10-31 00:02:12,2025-11-27 13:15:35
463,PROD-00443,"Samsung Smart TV 32"" HD LED",Televisor LED HD con Roku integrado y sonido Dolby Audio - Modelo 2026,210.18,0,ACTIVE,2025-12-02 06:01:46,2025-12-11 14:48:00
464,PROD-00444,"Sony Smart TV 85"" 8K Master",Pantalla premium de máxima resolución con inteligencia artificial - Modelo 2023,2743.44,15,ACTIVE,2025-07-14 15:36:34,2025-08-02 03:24:01
465,PROD-00445,"Samsung Smart TV 75"" 4K Frameless",Televisor sin bordes de gran formato con panel LED avanzado - Modelo 2024,1241.9,10,ACTIVE,2025-04-28 13:14:44,2025-05-07 20:29:18
466,PROD-00446,"Philips Smart TV 75"" 4K Frameless",Televisor sin bordes de gran formato con panel LED avanzado - Modelo 2025,1307.54,120,ACTIVE,2025-07-24 00:11:26,2025-08-01 08:32:43
467,PROD-00447,"Panasonic Smart TV 40"" Full HD",Pantalla plana Full HD con puertos HDMI y USB multimedia - Modelo 2026,296.09,112,ACTIVE,2026-08-19 20:40:03,2026-10-08 19:51:29
468,PROD-00448,"Xiaomi Smart TV 43"" 4K UHD",Televisor inteligente con HDR10+ y sistema operativo webOS - Modelo 2023,414.16,57,ACTIVE,2025-05-16 04:51:17,2025-06-02 19:25:38
469,PROD-00449,"TCL Smart TV 85"" 8K Master",Pantalla premium de máxima resolución con inteligencia artificial - Modelo 2024,2586.24,117,ACTIVE,2026-05-24 00:23:42,2026-06-07 08:38:32
470,PROD-00450,"Hisense Smart TV 75"" 4K Frameless",Televisor sin bordes de gran formato con panel LED avanzado - Modelo 2025,1253.28,150,ACTIVE,2026-03-20 23:33:12,2026-05-10 16:31:52
471,PROD-00451,"TCL Smart TV 40"" Full HD",Pantalla plana Full HD con puertos HDMI y USB multimedia - Modelo 2026,288.6,127,ACTIVE,2025-03-08 08:23:00,2025-03-17 12:21:03
472,PROD-00452,"LG Smart TV 43"" 4K UHD",Televisor inteligente con HDR10+ y sistema operativo webOS - Modelo 2023,454.13,118,ACTIVE,2025-03-16 03:30:31,2025-04-17 04:18:24
473,PROD-00453,"Xiaomi Smart TV 43"" 4K UHD",Televisor inteligente con HDR10+ y sistema operativo webOS - Modelo 2024,479.1,58,INACTIVE,2025-09-27 05:45:28,2025-10-20 17:09:38
474,PROD-00454,"Samsung Smart TV 55"" 4K QLED",Televisor QLED con tecnología Quantum Dot y diseño ultra fino - Modelo 2025,601.6,141,INACTIVE,2026-08-05 09:57:31,2026-09-02 19:04:21
475,PROD-00455,"LG Smart TV 50"" 4K Crystal",Pantalla UHD con procesador Crystal 4K y PurColor - Modelo 2026,479.79,87,ACTIVE,2025-05-31 09:03:01,2025-06-13 20:17:01
476,PROD-00456,"Hisense Smart TV 32"" HD LED",Televisor LED HD con Roku integrado y sonido Dolby Audio - Modelo 2023,266.33,126,INACTIVE,2026-06-10 13:22:43,2026-07-18 19:13:55
477,PROD-00457,"LG Smart TV 50"" 4K Crystal",Pantalla UHD con procesador Crystal 4K y PurColor - Modelo 2024,542.49,39,INACTIVE,2026-04-08 10:34:36,2026-04-20 01:28:15
478,PROD-00458,"Sony Smart TV 55"" 4K QLED",Televisor QLED con tecnología Quantum Dot y diseño ultra fino - Modelo 2025,608.13,34,ACTIVE,2026-01-25 18:37:44,2026-02-11 02:14:53
479,PROD-00459,"Xiaomi Smart TV 43"" 4K UHD",Televisor inteligente con HDR10+ y sistema operativo webOS - Modelo 2026,438.08,6,DISCONTINUED,2026-04-21 17:07:06,2026-04-24 14:22:39
480,PROD-00460,"Xiaomi Smart TV 50"" 4K Crystal",Pantalla UHD con procesador Crystal 4K y PurColor - Modelo 2023,471.57,33,ACTIVE,2026-08-05 10:48:20,2026-09-02 06:38:59
481,PROD-00461,"Philips Smart TV 65"" 4K UHD",Pantalla grande con Dolby Vision Atmos y control por voz - Modelo 2024,852.92,48,ACTIVE,2025-04-19 07:22:57,2025-05-09 12:26:29
482,PROD-00462,"Xiaomi Smart TV 50"" 4K Crystal",Pantalla UHD con procesador Crystal 4K y PurColor - Modelo 2025,505.79,16,DISCONTINUED,2025-10-01 21:26:59,2025-10-03 05:25:15
483,PROD-00463,"Panasonic Smart TV 40"" Full HD",Pantalla plana Full HD con puertos HDMI y USB multimedia - Modelo 2026,265.03,96,ACTIVE,2025-10-27 12:07:48,2025-11-16 16:38:12
484,PROD-00464,"Samsung Smart TV 75"" 4K Frameless",Televisor sin bordes de gran formato con panel LED avanzado - Modelo 2023,1167.54,75,INACTIVE,2025-12-16 01:05:58,2026-01-18 00:46:42
485,PROD-00465,"TCL Smart TV 75"" 4K Frameless",Televisor sin bordes de gran formato con panel LED avanzado - Modelo 2024,1250.86,111,ACTIVE,2026-01-24 16:30:26,2026-02-22 03:39:19
486,PROD-00466,"TCL Smart TV 55"" 4K QLED",Televisor QLED con tecnología Quantum Dot y diseño ultra fino - Modelo 2025,565.93,9,ACTIVE,2026-04-14 23:31:37,2026-05-17 05:25:21
487,PROD-00467,"Xiaomi Smart TV 75"" 4K Frameless",Televisor sin bordes de gran formato con panel LED avanzado - Modelo 2026,1222.51,84,DISCONTINUED,2025-08-20 02:26:26,2025-10-08 20:23:53
488,PROD-00468,"Hisense Smart TV 75"" 4K Frameless",Televisor sin bordes de gran formato con panel LED avanzado - Modelo 2023,1280.07,25,ACTIVE,2025-09-25 08:19:20,2025-10-20 07:51:25
489,PROD-00469,"Samsung Smart TV 65"" 4K UHD",Pantalla grande con Dolby Vision Atmos y control por voz - Modelo 2024,874.11,14,ACTIVE,2025-01-26 07:24:47,2025-02-15 21:43:59
490,PROD-00470,"Sony Smart TV 75"" 4K Frameless",Televisor sin bordes de gran formato con panel LED avanzado - Modelo 2025,1291.77,82,ACTIVE,2025-04-18 23:30:38,2025-06-05 12:57:52
491,PROD-00471,"Xiaomi Smart TV 43"" 4K UHD",Televisor inteligente con HDR10+ y sistema operativo webOS - Modelo 2026,407.27,97,DISCONTINUED,2026-08-11 16:31:30,2026-09-11 13:02:58
492,PROD-00472,"Hisense Smart TV 40"" Full HD",Pantalla plana Full HD con puertos HDMI y USB multimedia - Modelo 2023,306.39,106,ACTIVE,2025-12-18 15:16:49,2026-01-19 14:57:19
493,PROD-00473,"TCL Smart TV 43"" 4K UHD",Televisor inteligente con HDR10+ y sistema operativo webOS - Modelo 2024,339.5,33,ACTIVE,2025-05-23 09:54:35,2025-05-24 17:37:31
494,PROD-00474,"Hisense Smart TV 43"" 4K UHD",Televisor inteligente con HDR10+ y sistema operativo webOS - Modelo 2025,454.9,89,DISCONTINUED,2026-01-30 00:02:17,2026-02-05 15:47:15
495,PROD-00475,"Sony Smart TV 85"" 8K Master",Pantalla premium de máxima resolución con inteligencia artificial - Modelo 2026,2639.23,133,ACTIVE,2026-07-27 01:00:41,2026-08-03 15:33:57
496,PROD-00476,"Sony Smart TV 55"" 4K QLED",Televisor QLED con tecnología Quantum Dot y diseño ultra fino - Modelo 2023,677.55,68,ACTIVE,2025-04-25 13:39:52,2025-05-25 07:50:48
497,PROD-00477,"Xiaomi Smart TV 50"" 4K Crystal",Pantalla UHD con procesador Crystal 4K y PurColor - Modelo 2024,466.99,76,ACTIVE,2025-09-29 18:43:40,2025-10-20 02:48:38
498,PROD-00478,"Samsung Smart TV 50"" 4K Crystal",Pantalla UHD con procesador Crystal 4K y PurColor - Modelo 2025,482.54,107,ACTIVE,2025-05-05 02:30:47,2025-05-21 08:15:50
499,PROD-00479,"Samsung Smart TV 55"" 4K QLED",Televisor QLED con tecnología Quantum Dot y diseño ultra fino - Modelo 2026,627.49,65,ACTIVE,2026-08-10 15:25:01,2026-09-23 06:04:28
500,PROD-00480,"Xiaomi Smart TV 50"" 4K Crystal",Pantalla UHD con procesador Crystal 4K y PurColor - Modelo 2023,494.39,89,ACTIVE,2025-12-13 06:03:46,2026-01-06 03:54:01
501,PROD-00481,"Samsung Smart TV 65"" 4K UHD",Pantalla grande con Dolby Vision Atmos y control por voz - Modelo 2024,879.02,68,INACTIVE,2025-09-01 20:53:59,2025-09-17 01:26:01
502,PROD-00482,"Samsung Smart TV 85"" 8K Master",Pantalla premium de máxima resolución con inteligencia artificial - Modelo 2025,2877.31,140,ACTIVE,2025-08-14 01:46:55,2025-09-29 04:54:27
503,PROD-00483,"TCL Smart TV 32"" HD LED",Televisor LED HD con Roku integrado y sonido Dolby Audio - Modelo 2026,304.43,119,ACTIVE,2025-11-20 09:06:41,2025-12-20 01:12:46
504,PROD-00484,"Panasonic Smart TV 55"" 4K QLED",Televisor QLED con tecnología Quantum Dot y diseño ultra fino - Modelo 2023,633.08,70,ACTIVE,2025-03-05 07:36:27,2025-03-17 23:08:41
505,PROD-00485,"Xiaomi Smart TV 32"" HD LED",Televisor LED HD con Roku integrado y sonido Dolby Audio - Modelo 2024,248.33,63,INACTIVE,2026-05-06 14:29:30,2026-05-13 21:24:00
506,PROD-00486,"Sony Smart TV 85"" 8K Master",Pantalla premium de máxima resolución con inteligencia artificial - Modelo 2025,2733.31,116,DISCONTINUED,2025-01-06 07:32:36,2025-01-27 09:50:07
507,PROD-00487,"TCL Smart TV 55"" 4K QLED",Televisor QLED con tecnología Quantum Dot y diseño ultra fino - Modelo 2026,643.08,98,ACTIVE,2025-03-04 12:22:20,2025-03-09 10:48:26
508,PROD-00488,"Philips Smart TV 75"" 4K Frameless",Televisor sin bordes de gran formato con panel LED avanzado - Modelo 2023,1164.92,30,ACTIVE,2025-05-25 09:18:16,2025-05-26 04:38:35
509,PROD-00489,"Samsung Smart TV 32"" HD LED",Televisor LED HD con Roku integrado y sonido Dolby Audio - Modelo 2024,248.53,147,ACTIVE,2026-08-23 15:41:33,2026-09-08 04:51:05
510,PROD-00490,"Hisense Smart TV 75"" 4K Frameless",Televisor sin bordes de gran formato con panel LED avanzado - Modelo 2025,1331.09,24,ACTIVE,2026-05-17 11:36:18,2026-06-25 10:36:17
511,PROD-00491,"Panasonic Smart TV 32"" HD LED",Televisor LED HD con Roku integrado y sonido Dolby Audio - Modelo 2026,233.04,107,DISCONTINUED,2026-01-04 08:52:59,2026-02-16 18:44:59
512,PROD-00492,"Sony Smart TV 50"" 4K Crystal",Pantalla UHD con procesador Crystal 4K y PurColor - Modelo 2023,556.71,66,ACTIVE,2025-09-20 06:25:13,2025-09-27 18:00:06
513,PROD-00493,"Xiaomi Smart TV 85"" 8K Master",Pantalla premium de máxima resolución con inteligencia artificial - Modelo 2024,2620.79,14,ACTIVE,2026-05-26 11:45:54,2026-06-02 11:46:36
514,PROD-00494,"LG Smart TV 75"" 4K Frameless",Televisor sin bordes de gran formato con panel LED avanzado - Modelo 2025,1179.22,142,INACTIVE,2025-11-26 00:04:13,2025-12-14 14:36:14
515,PROD-00495,"TCL Smart TV 40"" Full HD",Pantalla plana Full HD con puertos HDMI y USB multimedia - Modelo 2026,301.4,35,ACTIVE,2025-01-11 19:10:49,2025-01-23 23:16:11
516,PROD-00496,"Panasonic Smart TV 32"" HD LED",Televisor LED HD con Roku integrado y sonido Dolby Audio - Modelo 2023,199.26,141,ACTIVE,2025-09-06 06:41:21,2025-10-11 13:17:17
517,PROD-00497,"Hisense Smart TV 85"" 8K Master",Pantalla premium de máxima resolución con inteligencia artificial - Modelo 2024,2847.6,44,INACTIVE,2025-05-12 23:20:31,2025-06-01 22:21:56
518,PROD-00498,"Samsung Smart TV 65"" 4K UHD",Pantalla grande con Dolby Vision Atmos y control por voz - Modelo 2025,909.39,1,DISCONTINUED,2025-10-29 16:49:55,2025-12-11 01:59:39
519,PROD-00499,"Samsung Smart TV 43"" 4K UHD",Televisor inteligente con HDR10+ y sistema operativo webOS - Modelo 2026,389.59,39,INACTIVE,2026-01-03 03:07:07,2026-02-08 06:28:09
520,PROD-00500,"Xiaomi Smart TV 55"" 4K QLED",Televisor QLED con tecnología Quantum Dot y diseño ultra fino - Modelo 2023,619.66,140,DISCONTINUED,2026-05-05 14:01:24,2026-05-28 02:09:01
521,PROD-00501,"Xiaomi Smart TV 65"" 4K UHD",Pantalla grande con Dolby Vision Atmos y control por voz - Modelo 2024,859.33,79,ACTIVE,2026-02-07 12:35:49,2026-02-25 14:50:02
522,PROD-00502,"Sony Smart TV 65"" 4K UHD",Pantalla grande con Dolby Vision Atmos y control por voz - Modelo 2025,882.3,85,INACTIVE,2025-07-04 01:03:43,2025-08-17 00:12:43
523,PROD-00503,"Philips Smart TV 55"" 4K QLED",Televisor QLED con tecnología Quantum Dot y diseño ultra fino - Modelo 2026,713.41,1,ACTIVE,2025-06-25 19:50:09,2025-07-03 02:02:56
524,PROD-00504,"TCL Smart TV 55"" 4K QLED",Televisor QLED con tecnología Quantum Dot y diseño ultra fino - Modelo 2023,685.98,141,ACTIVE,2025-02-12 00:15:13,2025-03-06 18:10:52
525,PROD-00505,"Philips Smart TV 32"" HD LED",Televisor LED HD con Roku integrado y sonido Dolby Audio - Modelo 2024,275.39,59,DISCONTINUED,2026-08-04 03:33:16,2026-08-23 13:28:50
526,PROD-00506,"Panasonic Smart TV 55"" 4K QLED",Televisor QLED con tecnología Quantum Dot y diseño ultra fino - Modelo 2025,590.9,53,ACTIVE,2026-03-15 07:30:54,2026-03-17 02:19:41
527,PROD-00507,"Samsung Smart TV 65"" 4K UHD",Pantalla grande con Dolby Vision Atmos y control por voz - Modelo 2026,916.96,110,ACTIVE,2025-02-06 01:49:23,2025-02-28 22:32:53
528,PROD-00508,"Samsung Smart TV 50"" 4K Crystal",Pantalla UHD con procesador Crystal 4K y PurColor - Modelo 2023,474.38,117,ACTIVE,2025-11-24 02:45:20,2026-01-13 19:48:17
529,PROD-00509,"Philips Smart TV 32"" HD LED",Televisor LED HD con Roku integrado y sonido Dolby Audio - Modelo 2024,218.73,16,DISCONTINUED,2026-01-11 21:30:16,2026-01-14 21:38:54
530,PROD-00510,"Xiaomi Smart TV 55"" 4K QLED",Televisor QLED con tecnología Quantum Dot y diseño ultra fino - Modelo 2025,731.25,107,INACTIVE,2025-10-23 00:07:44,2025-11-16 08:38:58
531,PROD-00511,"Samsung Smart TV 43"" 4K UHD",Televisor inteligente con HDR10+ y sistema operativo webOS - Modelo 2026,434.82,95,ACTIVE,2025-06-14 07:12:51,2025-07-08 23:47:34
532,PROD-00512,"Panasonic Smart TV 43"" 4K UHD",Televisor inteligente con HDR10+ y sistema operativo webOS - Modelo 2023,424.64,80,ACTIVE,2026-05-08 21:45:15,2026-06-12 09:51:18
533,PROD-00513,"Philips Smart TV 40"" Full HD",Pantalla plana Full HD con puertos HDMI y USB multimedia - Modelo 2024,319.08,46,INACTIVE,2025-11-27 15:01:37,2025-12-31 02:59:20
534,PROD-00514,"Panasonic Smart TV 50"" 4K Crystal",Pantalla UHD con procesador Crystal 4K y PurColor - Modelo 2025,487.19,56,ACTIVE,2025-01-31 16:01:12,2025-02-17 01:03:06
535,PROD-00515,"Panasonic Smart TV 32"" HD LED",Televisor LED HD con Roku integrado y sonido Dolby Audio - Modelo 2026,239.02,51,ACTIVE,2025-10-10 01:56:30,2025-11-28 02:18:02
536,PROD-00516,"LG Smart TV 85"" 8K Master",Pantalla premium de máxima resolución con inteligencia artificial - Modelo 2023,2565.34,54,ACTIVE,2026-06-02 23:17:19,2026-06-09 19:12:25
537,PROD-00517,"LG Smart TV 43"" 4K UHD",Televisor inteligente con HDR10+ y sistema operativo webOS - Modelo 2024,415.26,140,INACTIVE,2026-08-02 04:46:37,2026-09-08 13:36:39
538,PROD-00518,"Sony Smart TV 75"" 4K Frameless",Televisor sin bordes de gran formato con panel LED avanzado - Modelo 2025,1302.24,144,ACTIVE,2026-01-13 22:29:16,2026-01-16 07:05:52
539,PROD-00519,"Panasonic Smart TV 85"" 8K Master",Pantalla premium de máxima resolución con inteligencia artificial - Modelo 2026,2810.71,110,ACTIVE,2026-08-07 10:23:32,2026-08-09 13:17:30
540,PROD-00520,"Samsung Smart TV 75"" 4K Frameless",Televisor sin bordes de gran formato con panel LED avanzado - Modelo 2023,1151.93,147,ACTIVE,2025-03-25 08:49:47,2025-04-08 11:33:27
541,PROD-00521,"Xiaomi Smart TV 43"" 4K UHD",Televisor inteligente con HDR10+ y sistema operativo webOS - Modelo 2024,388.55,67,ACTIVE,2026-05-16 04:02:09,2026-07-01 00:22:06
542,PROD-00522,"Samsung Smart TV 85"" 8K Master",Pantalla premium de máxima resolución con inteligencia artificial - Modelo 2025,2960.31,85,INACTIVE,2025-10-15 12:39:46,2025-10-22 06:12:09
543,PROD-00523,"Sony Smart TV 85"" 8K Master",Pantalla premium de máxima resolución con inteligencia artificial - Modelo 2026,2807.07,140,ACTIVE,2025-09-07 04:19:51,2025-10-17 15:04:44
544,PROD-00524,"TCL Smart TV 43"" 4K UHD",Televisor inteligente con HDR10+ y sistema operativo webOS - Modelo 2023,380.23,144,DISCONTINUED,2025-12-18 05:18:54,2026-01-23 22:13:15
545,PROD-00525,"Hisense Smart TV 43"" 4K UHD",Televisor inteligente con HDR10+ y sistema operativo webOS - Modelo 2024,454.05,85,ACTIVE,2026-08-13 02:27:45,2026-09-25 09:15:07
546,PROD-00526,"Samsung Smart TV 40"" Full HD",Pantalla plana Full HD con puertos HDMI y USB multimedia - Modelo 2025,324.04,16,ACTIVE,2026-05-14 19:34:38,2026-06-22 00:27:01
547,PROD-00527,"Panasonic Smart TV 85"" 8K Master",Pantalla premium de máxima resolución con inteligencia artificial - Modelo 2026,2868.21,141,DISCONTINUED,2025-05-28 17:53:10,2025-06-08 17:32:01
548,PROD-00528,"Samsung Smart TV 65"" 4K UHD",Pantalla grande con Dolby Vision Atmos y control por voz - Modelo 2023,857.97,87,ACTIVE,2025-12-26 21:19:23,2026-01-27 01:13:01
549,PROD-00529,"Panasonic Smart TV 75"" 4K Frameless",Televisor sin bordes de gran formato con panel LED avanzado - Modelo 2024,1191.12,72,ACTIVE,2025-06-12 09:52:53,2025-07-09 11:26:40
550,PROD-00530,"Hisense Smart TV 55"" 4K QLED",Televisor QLED con tecnología Quantum Dot y diseño ultra fino - Modelo 2025,564.73,71,ACTIVE,2025-11-07 07:28:58,2025-12-15 17:26:55
551,PROD-00531,"Xiaomi Smart TV 75"" 4K Frameless",Televisor sin bordes de gran formato con panel LED avanzado - Modelo 2026,1286.95,34,DISCONTINUED,2025-04-23 04:15:54,2025-05-30 14:08:19
552,PROD-00532,"Philips Smart TV 50"" 4K Crystal",Pantalla UHD con procesador Crystal 4K y PurColor - Modelo 2023,450.33,34,DISCONTINUED,2025-01-19 15:07:13,2025-02-10 22:51:03
553,PROD-00533,"Samsung Smart TV 43"" 4K UHD",Televisor inteligente con HDR10+ y sistema operativo webOS - Modelo 2024,431.55,59,ACTIVE,2025-08-27 07:45:00,2025-09-19 12:47:41
554,PROD-00534,"Panasonic Smart TV 40"" Full HD",Pantalla plana Full HD con puertos HDMI y USB multimedia - Modelo 2025,304.26,35,ACTIVE,2025-11-30 14:20:35,2025-12-02 21:20:55
555,PROD-00535,"Sony Smart TV 55"" 4K QLED",Televisor QLED con tecnología Quantum Dot y diseño ultra fino - Modelo 2026,689.41,129,DISCONTINUED,2026-04-25 21:08:30,2026-05-09 22:07:27
556,PROD-00536,"Hisense Smart TV 75"" 4K Frameless",Televisor sin bordes de gran formato con panel LED avanzado - Modelo 2023,1151.28,3,ACTIVE,2026-04-26 13:06:10,2026-05-08 18:43:51
557,PROD-00537,"Samsung Smart TV 75"" 4K Frameless",Televisor sin bordes de gran formato con panel LED avanzado - Modelo 2024,1190.41,46,INACTIVE,2025-10-01 12:16:04,2025-10-16 12:13:05
558,PROD-00538,"Hisense Smart TV 43"" 4K UHD",Televisor inteligente con HDR10+ y sistema operativo webOS - Modelo 2025,384.38,45,DISCONTINUED,2025-08-08 13:43:47,2025-09-01 06:58:34
559,PROD-00539,"TCL Smart TV 50"" 4K Crystal",Pantalla UHD con procesador Crystal 4K y PurColor - Modelo 2026,491.68,4,ACTIVE,2025-09-24 05:49:59,2025-10-16 18:13:32
560,PROD-00540,"Xiaomi Smart TV 55"" 4K QLED",Televisor QLED con tecnología Quantum Dot y diseño ultra fino - Modelo 2023,643.37,120,ACTIVE,2025-03-09 17:44:00,2025-04-11 15:12:54
561,PROD-00541,"Hisense Smart TV 43"" 4K UHD",Televisor inteligente con HDR10+ y sistema operativo webOS - Modelo 2024,357.2,31,INACTIVE,2025-02-18 20:13:20,2025-03-12 12:59:35
562,PROD-00542,"Philips Smart TV 50"" 4K Crystal",Pantalla UHD con procesador Crystal 4K y PurColor - Modelo 2025,546.84,99,ACTIVE,2026-08-21 23:54:36,2026-09-23 15:10:52
563,PROD-00543,"Philips Smart TV 65"" 4K UHD",Pantalla grande con Dolby Vision Atmos y control por voz - Modelo 2026,772.15,73,ACTIVE,2026-08-22 15:07:55,2026-10-03 02:13:22
564,PROD-00544,"TCL Smart TV 65"" 4K UHD",Pantalla grande con Dolby Vision Atmos y control por voz - Modelo 2023,957.51,127,DISCONTINUED,2025-04-21 20:22:41,2025-05-04 14:55:03
565,PROD-00545,"TCL Smart TV 40"" Full HD",Pantalla plana Full HD con puertos HDMI y USB multimedia - Modelo 2024,329.92,70,ACTIVE,2025-04-18 17:17:59,2025-05-15 15:27:02
566,PROD-00546,"TCL Smart TV 40"" Full HD",Pantalla plana Full HD con puertos HDMI y USB multimedia - Modelo 2025,270.43,40,ACTIVE,2025-08-09 14:42:15,2025-08-10 09:52:49
567,PROD-00547,"Xiaomi Smart TV 65"" 4K UHD",Pantalla grande con Dolby Vision Atmos y control por voz - Modelo 2026,909.38,54,DISCONTINUED,2025-10-21 20:32:49,2025-10-31 22:07:00
568,PROD-00548,"Panasonic Smart TV 65"" 4K UHD",Pantalla grande con Dolby Vision Atmos y control por voz - Modelo 2023,920.75,148,ACTIVE,2025-08-03 10:35:54,2025-08-23 00:45:19
569,PROD-00549,"Xiaomi Smart TV 85"" 8K Master",Pantalla premium de máxima resolución con inteligencia artificial - Modelo 2024,2691.92,121,DISCONTINUED,2025-02-07 16:11:50,2025-02-11 03:21:10
570,PROD-00550,"Hisense Smart TV 43"" 4K UHD",Televisor inteligente con HDR10+ y sistema operativo webOS - Modelo 2025,409.44,47,DISCONTINUED,2026-01-29 16:17:32,2026-02-28 02:40:16
571,PROD-00551,"TCL Smart TV 40"" Full HD",Pantalla plana Full HD con puertos HDMI y USB multimedia - Modelo 2026,308.02,94,ACTIVE,2025-01-26 14:56:34,2025-03-03 10:42:07
572,PROD-00552,"TCL Smart TV 50"" 4K Crystal",Pantalla UHD con procesador Crystal 4K y PurColor - Modelo 2023,473.23,101,ACTIVE,2025-08-15 13:23:48,2025-08-20 21:23:19
573,PROD-00553,"Panasonic Smart TV 40"" Full HD",Pantalla plana Full HD con puertos HDMI y USB multimedia - Modelo 2024,302.57,88,ACTIVE,2026-03-03 04:57:15,2026-03-05 08:15:03
574,PROD-00554,"TCL Smart TV 50"" 4K Crystal",Pantalla UHD con procesador Crystal 4K y PurColor - Modelo 2025,485.48,114,ACTIVE,2025-07-26 21:59:19,2025-08-23 17:32:06
575,PROD-00555,"Hisense Smart TV 50"" 4K Crystal",Pantalla UHD con procesador Crystal 4K y PurColor - Modelo 2026,541.14,50,ACTIVE,2025-08-11 11:44:47,2025-09-13 19:02:34
576,PROD-00556,"Sony Smart TV 50"" 4K Crystal",Pantalla UHD con procesador Crystal 4K y PurColor - Modelo 2023,511.73,69,DISCONTINUED,2026-06-25 05:17:14,2026-07-04 23:20:44
577,PROD-00557,"Samsung Smart TV 43"" 4K UHD",Televisor inteligente con HDR10+ y sistema operativo webOS - Modelo 2024,404.55,5,ACTIVE,2025-09-15 08:43:51,2025-10-30 21:09:54
578,PROD-00558,"Panasonic Smart TV 85"" 8K Master",Pantalla premium de máxima resolución con inteligencia artificial - Modelo 2025,2906.23,75,ACTIVE,2025-02-28 03:17:41,2025-04-11 12:27:44
579,PROD-00559,"Samsung Smart TV 55"" 4K QLED",Televisor QLED con tecnología Quantum Dot y diseño ultra fino - Modelo 2026,683.63,104,ACTIVE,2025-04-21 20:51:07,2025-05-21 19:58:35
580,PROD-00560,"Philips Smart TV 43"" 4K UHD",Televisor inteligente con HDR10+ y sistema operativo webOS - Modelo 2023,397.25,107,DISCONTINUED,2026-01-05 21:30:05,2026-01-09 06:34:36
581,PROD-00561,"Panasonic Smart TV 40"" Full HD",Pantalla plana Full HD con puertos HDMI y USB multimedia - Modelo 2024,326.44,14,INACTIVE,2026-02-25 21:16:38,2026-03-19 00:04:01
582,PROD-00562,"Samsung Smart TV 40"" Full HD",Pantalla plana Full HD con puertos HDMI y USB multimedia - Modelo 2025,295.87,19,INACTIVE,2025-03-02 13:04:26,2025-03-16 13:59:53
583,PROD-00563,"Hisense Smart TV 65"" 4K UHD",Pantalla grande con Dolby Vision Atmos y control por voz - Modelo 2026,938.15,59,ACTIVE,2025-12-29 20:23:56,2026-01-08 03:15:06
584,PROD-00564,"Sony Smart TV 32"" HD LED",Televisor LED HD con Roku integrado y sonido Dolby Audio - Modelo 2023,249.82,61,ACTIVE,2025-08-10 14:49:09,2025-09-28 04:30:00
585,PROD-00565,"Samsung Smart TV 85"" 8K Master",Pantalla premium de máxima resolución con inteligencia artificial - Modelo 2024,2946.54,0,ACTIVE,2025-12-06 00:25:13,2025-12-25 12:05:29
586,PROD-00566,"TCL Smart TV 50"" 4K Crystal",Pantalla UHD con procesador Crystal 4K y PurColor - Modelo 2025,481.06,74,INACTIVE,2026-01-19 19:20:18,2026-02-18 22:59:18
587,PROD-00567,"TCL Smart TV 40"" Full HD",Pantalla plana Full HD con puertos HDMI y USB multimedia - Modelo 2026,320.21,50,INACTIVE,2025-03-13 10:24:46,2025-04-14 11:35:19
588,PROD-00568,"Hisense Smart TV 40"" Full HD",Pantalla plana Full HD con puertos HDMI y USB multimedia - Modelo 2023,293.38,35,INACTIVE,2025-12-28 08:25:35,2026-01-06 02:26:31
589,PROD-00569,"Philips Smart TV 65"" 4K UHD",Pantalla grande con Dolby Vision Atmos y control por voz - Modelo 2024,867.76,62,ACTIVE,2025-09-21 00:33:42,2025-10-30 11:05:36
590,PROD-00570,"Panasonic Smart TV 75"" 4K Frameless",Televisor sin bordes de gran formato con panel LED avanzado - Modelo 2025,1260.35,57,ACTIVE,2025-04-03 16:11:17,2025-04-11 19:06:51
591,PROD-00571,"LG Smart TV 43"" 4K UHD",Televisor inteligente con HDR10+ y sistema operativo webOS - Modelo 2026,423.86,80,ACTIVE,2026-02-26 08:38:43,2026-03-22 02:00:45
592,PROD-00572,"Hisense Smart TV 50"" 4K Crystal",Pantalla UHD con procesador Crystal 4K y PurColor - Modelo 2023,516.27,122,INACTIVE,2025-10-08 17:13:11,2025-11-19 15:05:30
593,PROD-00573,"Samsung Smart TV 32"" HD LED",Televisor LED HD con Roku integrado y sonido Dolby Audio - Modelo 2024,229.14,84,ACTIVE,2026-05-04 18:54:55,2026-05-21 12:33:53
594,PROD-00574,"Philips Smart TV 75"" 4K Frameless",Televisor sin bordes de gran formato con panel LED avanzado - Modelo 2025,1210.01,39,ACTIVE,2025-04-03 23:01:13,2025-04-28 15:25:35
595,PROD-00575,"LG Smart TV 40"" Full HD",Pantalla plana Full HD con puertos HDMI y USB multimedia - Modelo 2026,311.73,132,DISCONTINUED,2025-12-29 20:14:10,2026-02-03 02:18:54
596,PROD-00576,"TCL Smart TV 85"" 8K Master",Pantalla premium de máxima resolución con inteligencia artificial - Modelo 2023,2538.19,65,DISCONTINUED,2026-08-20 06:56:36,2026-09-30 04:57:36
597,PROD-00577,"TCL Smart TV 75"" 4K Frameless",Televisor sin bordes de gran formato con panel LED avanzado - Modelo 2024,1154.94,74,DISCONTINUED,2025-02-04 06:21:06,2025-03-15 14:07:49
598,PROD-00578,"Panasonic Smart TV 40"" Full HD",Pantalla plana Full HD con puertos HDMI y USB multimedia - Modelo 2025,308.98,36,INACTIVE,2026-05-14 19:12:14,2026-05-21 01:07:04
599,PROD-00579,"Philips Smart TV 40"" Full HD",Pantalla plana Full HD con puertos HDMI y USB multimedia - Modelo 2026,340.98,8,INACTIVE,2025-10-24 18:50:33,2025-10-26 17:27:35
600,PROD-00580,"Panasonic Smart TV 55"" 4K QLED",Televisor QLED con tecnología Quantum Dot y diseño ultra fino - Modelo 2023,648.42,87,DISCONTINUED,2026-08-08 16:04:38,2026-08-13 10:30:17
601,PROD-00581,"TCL Smart TV 32"" HD LED",Televisor LED HD con Roku integrado y sonido Dolby Audio - Modelo 2024,233.44,142,ACTIVE,2025-04-20 07:14:32,2025-05-14 22:21:50
602,PROD-00582,"Sony Smart TV 32"" HD LED",Televisor LED HD con Roku integrado y sonido Dolby Audio - Modelo 2025,276.54,119,ACTIVE,2026-03-13 02:16:17,2026-04-06 09:11:30
603,PROD-00583,"LG Smart TV 75"" 4K Frameless",Televisor sin bordes de gran formato con panel LED avanzado - Modelo 2026,1265.21,102,ACTIVE,2025-12-28 04:09:15,2026-02-01 16:44:40
604,PROD-00584,"Hisense Smart TV 75"" 4K Frameless",Televisor sin bordes de gran formato con panel LED avanzado - Modelo 2023,1154.82,52,ACTIVE,2026-03-28 10:18:20,2026-05-18 05:00:32
605,PROD-00585,"Panasonic Smart TV 40"" Full HD",Pantalla plana Full HD con puertos HDMI y USB multimedia - Modelo 2024,373.24,97,DISCONTINUED,2025-12-28 05:16:30,2026-02-16 23:53:10
606,PROD-00586,"Panasonic Smart TV 32"" HD LED",Televisor LED HD con Roku integrado y sonido Dolby Audio - Modelo 2025,264.18,2,INACTIVE,2025-06-15 18:21:29,2025-07-03 22:04:16
607,PROD-00587,"Samsung Smart TV 85"" 8K Master",Pantalla premium de máxima resolución con inteligencia artificial - Modelo 2026,2944.42,76,ACTIVE,2025-10-23 13:09:04,2025-11-29 12:23:04
608,PROD-00588,"Sony Smart TV 65"" 4K UHD",Pantalla grande con Dolby Vision Atmos y control por voz - Modelo 2023,777.54,35,INACTIVE,2026-01-05 04:52:27,2026-02-13 04:46:16
609,PROD-00589,"Panasonic Smart TV 40"" Full HD",Pantalla plana Full HD con puertos HDMI y USB multimedia - Modelo 2024,285.52,83,INACTIVE,2026-02-21 06:10:45,2026-03-22 03:32:00
610,PROD-00590,"LG Smart TV 50"" 4K Crystal",Pantalla UHD con procesador Crystal 4K y PurColor - Modelo 2025,464.5,121,ACTIVE,2026-08-15 15:37:06,2026-09-16 16:18:59
611,PROD-00591,"Hisense Smart TV 43"" 4K UHD",Televisor inteligente con HDR10+ y sistema operativo webOS - Modelo 2026,443.15,145,DISCONTINUED,2025-01-06 14:43:44,2025-01-16 09:10:26
612,PROD-00592,"Sony Smart TV 43"" 4K UHD",Televisor inteligente con HDR10+ y sistema operativo webOS - Modelo 2023,383.87,21,ACTIVE,2025-05-12 09:09:50,2025-05-22 07:44:24
613,PROD-00593,"LG Smart TV 85"" 8K Master",Pantalla premium de máxima resolución con inteligencia artificial - Modelo 2024,2984.02,92,INACTIVE,2026-03-28 05:36:05,2026-04-03 22:31:46
614,PROD-00594,"LG Smart TV 32"" HD LED",Televisor LED HD con Roku integrado y sonido Dolby Audio - Modelo 2025,223.93,2,INACTIVE,2025-12-01 18:53:01,2025-12-25 13:27:24
615,PROD-00595,"LG Smart TV 85"" 8K Master",Pantalla premium de máxima resolución con inteligencia artificial - Modelo 2026,2708.33,5,DISCONTINUED,2026-04-24 21:41:59,2026-05-13 21:28:02
616,PROD-00596,"TCL Smart TV 55"" 4K QLED",Televisor QLED con tecnología Quantum Dot y diseño ultra fino - Modelo 2023,645.95,29,DISCONTINUED,2026-03-24 05:40:05,2026-05-05 16:03:32
617,PROD-00597,"Hisense Smart TV 43"" 4K UHD",Televisor inteligente con HDR10+ y sistema operativo webOS - Modelo 2024,406.78,56,INACTIVE,2025-11-05 03:49:41,2025-11-27 06:28:05
618,PROD-00598,"Samsung Smart TV 32"" HD LED",Televisor LED HD con Roku integrado y sonido Dolby Audio - Modelo 2025,278.36,36,ACTIVE,2025-05-25 05:12:57,2025-06-19 23:06:42
619,PROD-00599,"TCL Smart TV 55"" 4K QLED",Televisor QLED con tecnología Quantum Dot y diseño ultra fino - Modelo 2026,633.78,112,ACTIVE,2026-04-18 15:52:54,2026-05-20 22:30:24
620,PROD-00600,"Samsung Smart TV 85"" 8K Master",Pantalla premium de máxima resolución con inteligencia artificial - Modelo 2023,2791.21,97,ACTIVE,2025-07-08 17:23:29,2025-08-07 06:59:07
621,PROD-00601,"LG Smart TV 43"" 4K UHD",Televisor inteligente con HDR10+ y sistema operativo webOS - Modelo 2024,424.68,35,ACTIVE,2026-03-12 17:19:04,2026-03-13 22:09:29
622,PROD-00602,"LG Smart TV 50"" 4K Crystal",Pantalla UHD con procesador Crystal 4K y PurColor - Modelo 2025,447.37,98,ACTIVE,2026-05-10 12:14:54,2026-05-22 18:42:37
623,PROD-00603,"Hisense Smart TV 85"" 8K Master",Pantalla premium de máxima resolución con inteligencia artificial - Modelo 2026,2657.92,71,INACTIVE,2026-02-05 18:41:13,2026-03-27 04:36:15
624,PROD-00604,"Sony Smart TV 75"" 4K Frameless",Televisor sin bordes de gran formato con panel LED avanzado - Modelo 2023,1307.12,65,ACTIVE,2025-06-09 04:09:38,2025-07-14 16:11:45
625,PROD-00605,"Hisense Smart TV 32"" HD LED",Televisor LED HD con Roku integrado y sonido Dolby Audio - Modelo 2024,212.41,137,ACTIVE,2025-03-17 21:38:29,2025-03-27 22:54:41
626,PROD-00606,"Samsung Smart TV 32"" HD LED",Televisor LED HD con Roku integrado y sonido Dolby Audio - Modelo 2025,248.73,87,INACTIVE,2025-11-03 12:13:30,2025-11-16 11:21:13
627,PROD-00607,"Philips Smart TV 40"" Full HD",Pantalla plana Full HD con puertos HDMI y USB multimedia - Modelo 2026,285.56,33,ACTIVE,2025-01-01 21:28:09,2025-02-17 16:32:49
628,PROD-00608,"Philips Smart TV 85"" 8K Master",Pantalla premium de máxima resolución con inteligencia artificial - Modelo 2023,2802.75,75,INACTIVE,2026-04-15 01:44:09,2026-05-03 08:35:21
629,PROD-00609,"Hisense Smart TV 75"" 4K Frameless",Televisor sin bordes de gran formato con panel LED avanzado - Modelo 2024,1274.97,80,INACTIVE,2025-07-26 12:55:07,2025-08-02 03:03:50
630,PROD-00610,"Sony Smart TV 75"" 4K Frameless",Televisor sin bordes de gran formato con panel LED avanzado - Modelo 2025,1243.84,118,ACTIVE,2025-05-11 05:13:09,2025-06-25 07:54:23
631,PROD-00611,"Sony Smart TV 43"" 4K UHD",Televisor inteligente con HDR10+ y sistema operativo webOS - Modelo 2026,358.78,145,ACTIVE,2025-03-08 19:40:01,2025-03-31 00:20:03
632,PROD-00612,"Samsung Smart TV 43"" 4K UHD",Televisor inteligente con HDR10+ y sistema operativo webOS - Modelo 2023,392.77,71,DISCONTINUED,2025-09-18 13:50:15,2025-09-24 06:54:59
633,PROD-00613,"Panasonic Smart TV 75"" 4K Frameless",Televisor sin bordes de gran formato con panel LED avanzado - Modelo 2024,1254.74,10,ACTIVE,2026-02-26 16:11:20,2026-04-09 20:57:24
634,PROD-00614,"Hisense Smart TV 50"" 4K Crystal",Pantalla UHD con procesador Crystal 4K y PurColor - Modelo 2025,509.92,135,INACTIVE,2025-05-09 09:42:46,2025-05-13 20:32:51
635,PROD-00615,"Xiaomi Smart TV 85"" 8K Master",Pantalla premium de máxima resolución con inteligencia artificial - Modelo 2026,2933.1,106,INACTIVE,2025-08-21 16:38:54,2025-09-29 21:46:27
636,PROD-00616,"Sony Smart TV 75"" 4K Frameless",Televisor sin bordes de gran formato con panel LED avanzado - Modelo 2023,1228.59,8,DISCONTINUED,2026-03-09 19:58:21,2026-03-26 08:36:08
637,PROD-00617,"Philips Smart TV 75"" 4K Frameless",Televisor sin bordes de gran formato con panel LED avanzado - Modelo 2024,1258.17,23,ACTIVE,2026-01-15 04:41:54,2026-02-12 06:21:33
638,PROD-00618,"LG Smart TV 40"" Full HD",Pantalla plana Full HD con puertos HDMI y USB multimedia - Modelo 2025,314.89,95,ACTIVE,2025-02-02 12:52:32,2025-03-23 23:38:01
639,PROD-00619,"Xiaomi Smart TV 43"" 4K UHD",Televisor inteligente con HDR10+ y sistema operativo webOS - Modelo 2026,410.31,31,ACTIVE,2025-12-15 06:46:07,2025-12-16 22:54:06
640,PROD-00620,"Panasonic Smart TV 85"" 8K Master",Pantalla premium de máxima resolución con inteligencia artificial - Modelo 2023,2927.37,14,ACTIVE,2025-05-21 18:40:50,2025-06-25 11:24:07
641,PROD-00621,"Hisense Smart TV 85"" 8K Master",Pantalla premium de máxima resolución con inteligencia artificial - Modelo 2024,2724.62,88,ACTIVE,2025-07-10 17:40:38,2025-08-07 10:01:51
642,PROD-00622,"LG Smart TV 75"" 4K Frameless",Televisor sin bordes de gran formato con panel LED avanzado - Modelo 2025,1163.43,66,INACTIVE,2026-07-25 04:53:58,2026-09-08 18:02:14
643,PROD-00623,"Xiaomi Smart TV 75"" 4K Frameless",Televisor sin bordes de gran formato con panel LED avanzado - Modelo 2026,1290.24,98,ACTIVE,2025-12-24 03:01:50,2026-01-06 13:33:52
644,PROD-00624,"Hisense Smart TV 32"" HD LED",Televisor LED HD con Roku integrado y sonido Dolby Audio - Modelo 2023,238.56,50,DISCONTINUED,2025-04-10 17:25:08,2025-05-29 04:40:48
645,PROD-00625,"Panasonic Smart TV 55"" 4K QLED",Televisor QLED con tecnología Quantum Dot y diseño ultra fino - Modelo 2024,689.24,134,ACTIVE,2025-09-08 01:36:01,2025-09-22 02:12:18
646,PROD-00626,"Panasonic Smart TV 43"" 4K UHD",Televisor inteligente con HDR10+ y sistema operativo webOS - Modelo 2025,423.14,128,DISCONTINUED,2026-02-20 20:16:35,2026-03-03 07:26:33
647,PROD-00627,"TCL Smart TV 55"" 4K QLED",Televisor QLED con tecnología Quantum Dot y diseño ultra fino - Modelo 2026,639.26,20,ACTIVE,2025-05-13 04:17:53,2025-06-22 11:56:34
648,PROD-00628,"Philips Smart TV 65"" 4K UHD",Pantalla grande con Dolby Vision Atmos y control por voz - Modelo 2023,933.66,58,ACTIVE,2025-06-24 09:12:09,2025-08-10 00:57:16
649,PROD-00629,"TCL Smart TV 50"" 4K Crystal",Pantalla UHD con procesador Crystal 4K y PurColor - Modelo 2024,545.15,28,INACTIVE,2026-03-24 05:13:27,2026-04-10 05:32:33
650,PROD-00630,"Sony Smart TV 50"" 4K Crystal",Pantalla UHD con procesador Crystal 4K y PurColor - Modelo 2025,468.42,128,INACTIVE,2025-05-14 10:28:11,2025-05-30 00:02:43
651,PROD-00631,"Samsung Smart TV 75"" 4K Frameless",Televisor sin bordes de gran formato con panel LED avanzado - Modelo 2026,1223.7,20,ACTIVE,2025-03-23 00:12:46,2025-05-09 08:27:13
652,PROD-00632,"Philips Smart TV 40"" Full HD",Pantalla plana Full HD con puertos HDMI y USB multimedia - Modelo 2023,321.12,139,ACTIVE,2026-01-28 21:11:07,2026-02-28 12:55:15
653,PROD-00633,"Panasonic Smart TV 32"" HD LED",Televisor LED HD con Roku integrado y sonido Dolby Audio - Modelo 2024,241.71,147,DISCONTINUED,2025-04-08 17:06:18,2025-04-24 04:10:02
654,PROD-00634,"Sony Smart TV 43"" 4K UHD",Televisor inteligente con HDR10+ y sistema operativo webOS - Modelo 2025,422.12,95,INACTIVE,2025-02-01 19:13:19,2025-03-23 04:43:39
655,PROD-00635,"LG Smart TV 55"" 4K QLED",Televisor QLED con tecnología Quantum Dot y diseño ultra fino - Modelo 2026,579.7,33,ACTIVE,2025-05-14 09:05:36,2025-05-20 22:06:20
656,PROD-00636,"Xiaomi Smart TV 55"" 4K QLED",Televisor QLED con tecnología Quantum Dot y diseño ultra fino - Modelo 2023,662.11,111,ACTIVE,2026-04-27 05:59:15,2026-05-17 21:51:56
657,PROD-00637,"Philips Smart TV 40"" Full HD",Pantalla plana Full HD con puertos HDMI y USB multimedia - Modelo 2024,351.68,102,ACTIVE,2026-02-12 20:31:19,2026-03-08 09:57:04
658,PROD-00638,"Hisense Smart TV 50"" 4K Crystal",Pantalla UHD con procesador Crystal 4K y PurColor - Modelo 2025,487.44,4,ACTIVE,2026-04-21 13:48:49,2026-06-11 12:04:46
659,PROD-00639,"Panasonic Smart TV 65"" 4K UHD",Pantalla grande con Dolby Vision Atmos y control por voz - Modelo 2026,884.74,71,ACTIVE,2025-07-13 07:36:05,2025-07-29 12:05:09
660,PROD-00640,"Panasonic Smart TV 43"" 4K UHD",Televisor inteligente con HDR10+ y sistema operativo webOS - Modelo 2023,417.17,74,DISCONTINUED,2025-08-31 05:52:45,2025-09-24 13:38:05
661,PROD-00641,"Panasonic Smart TV 85"" 8K Master",Pantalla premium de máxima resolución con inteligencia artificial - Modelo 2024,2847.51,99,DISCONTINUED,2025-09-24 06:09:19,2025-11-04 09:41:57
662,PROD-00642,"Philips Smart TV 75"" 4K Frameless",Televisor sin bordes de gran formato con panel LED avanzado - Modelo 2025,1226.39,140,ACTIVE,2026-05-03 16:34:29,2026-06-01 13:23:24
663,PROD-00643,"Samsung Smart TV 50"" 4K Crystal",Pantalla UHD con procesador Crystal 4K y PurColor - Modelo 2026,483.64,148,INACTIVE,2026-07-02 05:45:20,2026-08-14 18:54:18
664,PROD-00644,"Philips Smart TV 85"" 8K Master",Pantalla premium de máxima resolución con inteligencia artificial - Modelo 2023,2676.42,91,ACTIVE,2026-07-11 13:48:06,2026-07-12 14:41:56
665,PROD-00645,"LG Smart TV 40"" Full HD",Pantalla plana Full HD con puertos HDMI y USB multimedia - Modelo 2024,310.87,150,ACTIVE,2025-08-05 03:38:23,2025-09-11 19:43:42
666,PROD-00646,"Hisense Smart TV 85"" 8K Master",Pantalla premium de máxima resolución con inteligencia artificial - Modelo 2025,2841.9,96,ACTIVE,2026-05-20 21:47:51,2026-06-18 20:19:13
667,PROD-00647,"TCL Smart TV 50"" 4K Crystal",Pantalla UHD con procesador Crystal 4K y PurColor - Modelo 2026,529.62,97,ACTIVE,2025-05-01 11:16:02,2025-06-19 18:19:37
668,PROD-00648,"Sony Smart TV 55"" 4K QLED",Televisor QLED con tecnología Quantum Dot y diseño ultra fino - Modelo 2023,672.67,40,DISCONTINUED,2025-09-28 10:20:13,2025-10-03 10:03:42
669,PROD-00649,"LG Smart TV 55"" 4K QLED",Televisor QLED con tecnología Quantum Dot y diseño ultra fino - Modelo 2024,593.94,34,ACTIVE,2026-07-04 22:50:52,2026-07-06 22:12:37
670,PROD-00650,"Sony Smart TV 32"" HD LED",Televisor LED HD con Roku integrado y sonido Dolby Audio - Modelo 2025,245.52,104,DISCONTINUED,2025-01-25 00:53:53,2025-02-24 16:33:58
671,PROD-00651,"TCL Smart TV 50"" 4K Crystal",Pantalla UHD con procesador Crystal 4K y PurColor - Modelo 2026,527.79,106,ACTIVE,2026-04-07 14:15:36,2026-05-16 02:32:06
672,PROD-00652,"Panasonic Smart TV 65"" 4K UHD",Pantalla grande con Dolby Vision Atmos y control por voz - Modelo 2023,874.05,23,INACTIVE,2025-03-03 02:56:48,2025-04-18 18:36:10
673,PROD-00653,"Panasonic Smart TV 50"" 4K Crystal",Pantalla UHD con procesador Crystal 4K y PurColor - Modelo 2024,472.15,78,ACTIVE,2025-07-26 17:51:02,2025-07-30 15:08:40
674,PROD-00654,"Samsung Smart TV 75"" 4K Frameless",Televisor sin bordes de gran formato con panel LED avanzado - Modelo 2025,1276.12,54,DISCONTINUED,2025-04-24 16:31:45,2025-05-12 17:23:58
675,PROD-00655,"Sony Smart TV 65"" 4K UHD",Pantalla grande con Dolby Vision Atmos y control por voz - Modelo 2026,874.84,72,ACTIVE,2025-10-24 09:49:46,2025-11-26 20:21:02
676,PROD-00656,"Panasonic Smart TV 50"" 4K Crystal",Pantalla UHD con procesador Crystal 4K y PurColor - Modelo 2023,530.52,56,ACTIVE,2025-08-16 04:21:23,2025-09-05 03:12:42
677,PROD-00657,"TCL Smart TV 85"" 8K Master",Pantalla premium de máxima resolución con inteligencia artificial - Modelo 2024,2539.17,50,INACTIVE,2026-05-19 21:46:52,2026-05-22 02:23:43
678,PROD-00658,"Samsung Smart TV 65"" 4K UHD",Pantalla grande con Dolby Vision Atmos y control por voz - Modelo 2025,926.93,117,ACTIVE,2026-08-12 21:55:28,2026-08-18 13:42:43
679,PROD-00659,"Panasonic Smart TV 75"" 4K Frameless",Televisor sin bordes de gran formato con panel LED avanzado - Modelo 2026,1202.28,80,ACTIVE,2025-02-08 21:50:55,2025-02-11 13:24:47
680,PROD-00660,"Panasonic Smart TV 40"" Full HD",Pantalla plana Full HD con puertos HDMI y USB multimedia - Modelo 2023,284.85,42,INACTIVE,2026-04-24 14:08:00,2026-05-24 07:42:17
681,PROD-00661,"Samsung Smart TV 40"" Full HD",Pantalla plana Full HD con puertos HDMI y USB multimedia - Modelo 2024,298.68,144,ACTIVE,2026-06-09 18:30:56,2026-07-11 00:02:36
682,PROD-00662,"TCL Smart TV 75"" 4K Frameless",Televisor sin bordes de gran formato con panel LED avanzado - Modelo 2025,1248.54,119,ACTIVE,2025-12-31 20:08:09,2026-01-05 06:08:36
683,PROD-00663,"Samsung Smart TV 55"" 4K QLED",Televisor QLED con tecnología Quantum Dot y diseño ultra fino - Modelo 2026,564.38,58,DISCONTINUED,2025-11-10 15:19:21,2025-12-19 17:17:11
684,PROD-00664,"Philips Smart TV 65"" 4K UHD",Pantalla grande con Dolby Vision Atmos y control por voz - Modelo 2023,827.61,32,ACTIVE,2025-10-27 00:57:49,2025-11-09 05:50:14
685,PROD-00665,"Sony Smart TV 55"" 4K QLED",Televisor QLED con tecnología Quantum Dot y diseño ultra fino - Modelo 2024,676.12,30,INACTIVE,2025-07-29 09:39:23,2025-08-31 07:00:48
686,PROD-00666,"Panasonic Smart TV 50"" 4K Crystal",Pantalla UHD con procesador Crystal 4K y PurColor - Modelo 2025,527.3,36,INACTIVE,2025-09-17 15:36:00,2025-09-21 02:01:40
687,PROD-00667,"Xiaomi Smart TV 75"" 4K Frameless",Televisor sin bordes de gran formato con panel LED avanzado - Modelo 2026,1353.63,58,ACTIVE,2025-03-28 03:05:41,2025-04-29 06:05:37
688,PROD-00668,"LG Smart TV 85"" 8K Master",Pantalla premium de máxima resolución con inteligencia artificial - Modelo 2023,2787.88,61,DISCONTINUED,2025-06-22 15:33:06,2025-07-10 17:17:15
689,PROD-00669,"Philips Smart TV 32"" HD LED",Televisor LED HD con Roku integrado y sonido Dolby Audio - Modelo 2024,299.27,150,ACTIVE,2025-06-02 13:25:39,2025-06-06 13:06:52
690,PROD-00670,"Xiaomi Smart TV 75"" 4K Frameless",Televisor sin bordes de gran formato con panel LED avanzado - Modelo 2025,1207.44,56,ACTIVE,2025-11-22 00:03:28,2025-12-03 20:11:51
691,PROD-00671,"LG Smart TV 43"" 4K UHD",Televisor inteligente con HDR10+ y sistema operativo webOS - Modelo 2026,383.03,142,ACTIVE,2026-04-23 18:28:28,2026-05-03 03:48:22
692,PROD-00672,"Sony Smart TV 43"" 4K UHD",Televisor inteligente con HDR10+ y sistema operativo webOS - Modelo 2023,390.56,143,ACTIVE,2025-12-30 07:48:03,2026-01-14 23:54:30
693,PROD-00673,"Panasonic Smart TV 55"" 4K QLED",Televisor QLED con tecnología Quantum Dot y diseño ultra fino - Modelo 2024,584.36,45,ACTIVE,2026-07-15 07:01:10,2026-08-15 06:05:59
694,PROD-00674,"Sony Smart TV 43"" 4K UHD",Televisor inteligente con HDR10+ y sistema operativo webOS - Modelo 2025,422.3,117,ACTIVE,2026-01-24 19:36:38,2026-01-25 00:08:31
695,PROD-00675,"Samsung Smart TV 50"" 4K Crystal",Pantalla UHD con procesador Crystal 4K y PurColor - Modelo 2026,489.52,92,INACTIVE,2025-10-30 14:22:37,2025-11-09 17:32:14
696,PROD-00676,"Sony Smart TV 32"" HD LED",Televisor LED HD con Roku integrado y sonido Dolby Audio - Modelo 2023,248.95,119,ACTIVE,2025-05-30 22:17:14,2025-07-10 17:43:16
697,PROD-00677,"Xiaomi Smart TV 65"" 4K UHD",Pantalla grande con Dolby Vision Atmos y control por voz - Modelo 2024,834.27,43,ACTIVE,2026-06-17 02:26:31,2026-08-06 18:26:47
698,PROD-00678,"Sony Smart TV 65"" 4K UHD",Pantalla grande con Dolby Vision Atmos y control por voz - Modelo 2025,836.18,74,ACTIVE,2025-02-28 13:22:43,2025-03-05 00:45:33
699,PROD-00679,"Sony Smart TV 43"" 4K UHD",Televisor inteligente con HDR10+ y sistema operativo webOS - Modelo 2026,436.95,10,ACTIVE,2026-02-07 07:47:58,2026-03-16 01:50:50
700,PROD-00680,"Xiaomi Smart TV 32"" HD LED",Televisor LED HD con Roku integrado y sonido Dolby Audio - Modelo 2023,270.16,45,INACTIVE,2025-03-18 15:30:58,2025-04-10 04:01:14
701,PROD-00681,"Philips Smart TV 50"" 4K Crystal",Pantalla UHD con procesador Crystal 4K y PurColor - Modelo 2024,502.33,90,ACTIVE,2026-06-26 17:03:45,2026-07-09 07:29:34
702,PROD-00682,"Philips Smart TV 32"" HD LED",Televisor LED HD con Roku integrado y sonido Dolby Audio - Modelo 2025,271.02,13,DISCONTINUED,2025-09-15 12:50:36,2025-09-22 19:34:37
703,PROD-00683,"Xiaomi Smart TV 50"" 4K Crystal",Pantalla UHD con procesador Crystal 4K y PurColor - Modelo 2026,531.69,55,DISCONTINUED,2025-01-16 18:23:59,2025-02-12 07:44:23
704,PROD-00684,"Xiaomi Smart TV 43"" 4K UHD",Televisor inteligente con HDR10+ y sistema operativo webOS - Modelo 2023,361.74,134,ACTIVE,2025-04-03 19:21:15,2025-05-21 13:28:19
705,PROD-00685,"Samsung Smart TV 85"" 8K Master",Pantalla premium de máxima resolución con inteligencia artificial - Modelo 2024,2835.02,70,ACTIVE,2025-10-27 15:51:58,2025-12-13 21:48:36
706,PROD-00686,"Philips Smart TV 40"" Full HD",Pantalla plana Full HD con puertos HDMI y USB multimedia - Modelo 2025,385.41,130,ACTIVE,2025-01-11 15:41:20,2025-01-15 19:29:30
707,PROD-00687,"Hisense Smart TV 55"" 4K QLED",Televisor QLED con tecnología Quantum Dot y diseño ultra fino - Modelo 2026,586.77,80,ACTIVE,2026-03-28 09:05:18,2026-04-03 10:12:37
708,PROD-00688,"Sony Smart TV 75"" 4K Frameless",Televisor sin bordes de gran formato con panel LED avanzado - Modelo 2023,1270.23,56,INACTIVE,2026-01-15 10:59:31,2026-02-04 12:03:05
709,PROD-00689,"Panasonic Smart TV 75"" 4K Frameless",Televisor sin bordes de gran formato con panel LED avanzado - Modelo 2024,1371.95,45,ACTIVE,2026-04-26 05:50:17,2026-05-26 01:27:41
710,PROD-00690,"Samsung Smart TV 65"" 4K UHD",Pantalla grande con Dolby Vision Atmos y control por voz - Modelo 2025,952.78,94,ACTIVE,2025-06-05 22:18:40,2025-06-06 23:09:17
711,PROD-00691,"Xiaomi Smart TV 75"" 4K Frameless",Televisor sin bordes de gran formato con panel LED avanzado - Modelo 2026,1164.28,57,DISCONTINUED,2026-01-28 01:58:54,2026-02-09 12:33:17
712,PROD-00692,"LG Smart TV 32"" HD LED",Televisor LED HD con Roku integrado y sonido Dolby Audio - Modelo 2023,252.96,107,ACTIVE,2025-11-11 17:40:01,2025-11-29 20:40:15
713,PROD-00693,"Panasonic Smart TV 32"" HD LED",Televisor LED HD con Roku integrado y sonido Dolby Audio - Modelo 2024,209.95,62,ACTIVE,2026-08-09 01:28:03,2026-09-15 01:52:43
714,PROD-00694,"Panasonic Smart TV 40"" Full HD",Pantalla plana Full HD con puertos HDMI y USB multimedia - Modelo 2025,338.57,25,INACTIVE,2025-12-23 08:27:42,2026-02-03 07:21:27
715,PROD-00695,"Hisense Smart TV 85"" 8K Master",Pantalla premium de máxima resolución con inteligencia artificial - Modelo 2026,2841.69,60,INACTIVE,2025-07-14 21:56:29,2025-08-11 14:33:39
716,PROD-00696,"LG Smart TV 40"" Full HD",Pantalla plana Full HD con puertos HDMI y USB multimedia - Modelo 2023,288.13,139,ACTIVE,2025-06-27 08:35:12,2025-08-15 08:02:15
717,PROD-00697,"Sony Smart TV 75"" 4K Frameless",Televisor sin bordes de gran formato con panel LED avanzado - Modelo 2024,1205.68,101,ACTIVE,2026-05-25 08:28:04,2026-05-28 16:06:30
718,PROD-00698,"Philips Smart TV 43"" 4K UHD",Televisor inteligente con HDR10+ y sistema operativo webOS - Modelo 2025,375.88,80,DISCONTINUED,2025-06-10 11:03:38,2025-07-22 02:59:32
719,PROD-00699,"Philips Smart TV 75"" 4K Frameless",Televisor sin bordes de gran formato con panel LED avanzado - Modelo 2026,1283.7,147,INACTIVE,2025-10-18 01:19:20,2025-12-05 00:35:16
720,PROD-00700,"LG Smart TV 32"" HD LED",Televisor LED HD con Roku integrado y sonido Dolby Audio - Modelo 2023,247.13,48,ACTIVE,2025-03-24 03:30:12,2025-05-03 02:45:46
721,PROD-00701,"Sony Smart TV 50"" 4K Crystal",Pantalla UHD con procesador Crystal 4K y PurColor - Modelo 2024,457.52,35,ACTIVE,2025-01-13 12:28:29,2025-02-12 04:21:20
722,PROD-00702,"Xiaomi Smart TV 32"" HD LED",Televisor LED HD con Roku integrado y sonido Dolby Audio - Modelo 2025,218.35,3,ACTIVE,2025-02-20 14:09:30,2025-03-25 06:34:56
723,PROD-00703,"LG Smart TV 85"" 8K Master",Pantalla premium de máxima resolución con inteligencia artificial - Modelo 2026,2780.88,17,INACTIVE,2026-02-09 10:06:05,2026-03-08 11:40:45
724,PROD-00704,"Hisense Smart TV 50"" 4K Crystal",Pantalla UHD con procesador Crystal 4K y PurColor - Modelo 2023,428.57,16,DISCONTINUED,2026-08-06 23:24:40,2026-09-11 22:51:37
725,PROD-00705,"Xiaomi Smart TV 50"" 4K Crystal",Pantalla UHD con procesador Crystal 4K y PurColor - Modelo 2024,553.78,86,ACTIVE,2026-07-08 22:15:21,2026-08-18 00:41:30
726,PROD-00706,"Hisense Smart TV 75"" 4K Frameless",Televisor sin bordes de gran formato con panel LED avanzado - Modelo 2025,1279.02,148,DISCONTINUED,2026-04-10 17:58:05,2026-04-13 03:01:55
727,PROD-00707,"Panasonic Smart TV 43"" 4K UHD",Televisor inteligente con HDR10+ y sistema operativo webOS - Modelo 2026,417.49,118,INACTIVE,2025-03-14 03:35:50,2025-04-13 16:19:15
728,PROD-00708,"TCL Smart TV 40"" Full HD",Pantalla plana Full HD con puertos HDMI y USB multimedia - Modelo 2023,265.79,87,ACTIVE,2025-06-17 00:04:01,2025-08-06 13:45:27
729,PROD-00709,"Panasonic Smart TV 85"" 8K Master",Pantalla premium de máxima resolución con inteligencia artificial - Modelo 2024,2818.15,62,ACTIVE,2025-08-07 10:02:27,2025-09-20 00:15:54
730,PROD-00710,"Panasonic Smart TV 65"" 4K UHD",Pantalla grande con Dolby Vision Atmos y control por voz - Modelo 2025,881.46,91,DISCONTINUED,2025-06-19 02:51:09,2025-07-21 03:30:21
731,PROD-00711,"Sony Smart TV 65"" 4K UHD",Pantalla grande con Dolby Vision Atmos y control por voz - Modelo 2026,831.59,119,INACTIVE,2026-05-21 20:04:52,2026-06-30 02:26:49
732,PROD-00712,"Sony Smart TV 55"" 4K QLED",Televisor QLED con tecnología Quantum Dot y diseño ultra fino - Modelo 2023,689.83,78,DISCONTINUED,2026-04-28 21:34:07,2026-06-10 11:19:30
733,PROD-00713,"Xiaomi Smart TV 75"" 4K Frameless",Televisor sin bordes de gran formato con panel LED avanzado - Modelo 2024,1283.0,19,DISCONTINUED,2025-12-01 03:25:13,2025-12-02 11:33:36
734,PROD-00714,"Philips Smart TV 55"" 4K QLED",Televisor QLED con tecnología Quantum Dot y diseño ultra fino - Modelo 2025,627.5,67,ACTIVE,2025-03-11 01:27:55,2025-04-10 07:01:45
735,PROD-00715,"TCL Smart TV 75"" 4K Frameless",Televisor sin bordes de gran formato con panel LED avanzado - Modelo 2026,1302.69,116,ACTIVE,2025-11-15 19:25:43,2025-12-01 20:54:11
736,PROD-00716,"LG Smart TV 40"" Full HD",Pantalla plana Full HD con puertos HDMI y USB multimedia - Modelo 2023,315.52,31,ACTIVE,2025-09-09 19:53:20,2025-09-20 02:16:46
737,PROD-00717,"Panasonic Smart TV 75"" 4K Frameless",Televisor sin bordes de gran formato con panel LED avanzado - Modelo 2024,1273.19,5,INACTIVE,2026-01-25 04:08:19,2026-02-23 18:28:22
738,PROD-00718,"Panasonic Smart TV 40"" Full HD",Pantalla plana Full HD con puertos HDMI y USB multimedia - Modelo 2025,335.65,86,INACTIVE,2025-02-16 08:37:30,2025-03-10 21:05:13
739,PROD-00719,"LG Smart TV 65"" 4K UHD",Pantalla grande con Dolby Vision Atmos y control por voz - Modelo 2026,868.81,126,DISCONTINUED,2025-06-19 14:17:32,2025-07-08 07:08:24
740,PROD-00720,"Hisense Smart TV 65"" 4K UHD",Pantalla grande con Dolby Vision Atmos y control por voz - Modelo 2023,895.15,136,DISCONTINUED,2025-04-07 19:32:16,2025-04-27 12:32:26
741,PROD-00721,"TCL Smart TV 40"" Full HD",Pantalla plana Full HD con puertos HDMI y USB multimedia - Modelo 2024,320.05,44,ACTIVE,2026-02-18 01:53:47,2026-03-31 23:14:00
742,PROD-00722,"Samsung Smart TV 85"" 8K Master",Pantalla premium de máxima resolución con inteligencia artificial - Modelo 2025,2597.28,120,ACTIVE,2026-01-25 05:44:44,2026-01-30 16:10:33
743,PROD-00723,"TCL Smart TV 65"" 4K UHD",Pantalla grande con Dolby Vision Atmos y control por voz - Modelo 2026,846.45,12,INACTIVE,2025-08-08 12:57:35,2025-09-18 04:26:08
744,PROD-00724,"Samsung Smart TV 65"" 4K UHD",Pantalla grande con Dolby Vision Atmos y control por voz - Modelo 2023,844.98,61,ACTIVE,2025-06-27 01:10:14,2025-07-10 19:53:25
745,PROD-00725,"Sony Smart TV 43"" 4K UHD",Televisor inteligente con HDR10+ y sistema operativo webOS - Modelo 2024,451.73,65,ACTIVE,2025-08-11 12:13:06,2025-09-19 21:47:59
746,PROD-00726,"TCL Smart TV 43"" 4K UHD",Televisor inteligente con HDR10+ y sistema operativo webOS - Modelo 2025,386.32,8,INACTIVE,2026-03-15 01:11:33,2026-04-15 20:33:37
747,PROD-00727,"TCL Smart TV 85"" 8K Master",Pantalla premium de máxima resolución con inteligencia artificial - Modelo 2026,2774.55,18,ACTIVE,2025-08-01 02:19:38,2025-08-28 17:36:17
748,PROD-00728,"Sony Smart TV 32"" HD LED",Televisor LED HD con Roku integrado y sonido Dolby Audio - Modelo 2023,257.89,141,INACTIVE,2025-05-26 01:18:41,2025-07-12 20:59:36
749,PROD-00729,"Samsung Smart TV 32"" HD LED",Televisor LED HD con Roku integrado y sonido Dolby Audio - Modelo 2024,270.86,147,ACTIVE,2026-03-17 15:52:48,2026-04-04 08:24:49
750,PROD-00730,"LG Smart TV 55"" 4K QLED",Televisor QLED con tecnología Quantum Dot y diseño ultra fino - Modelo 2025,667.2,133,DISCONTINUED,2025-03-03 10:39:58,2025-03-26 02:59:32
751,PROD-00731,"LG Smart TV 43"" 4K UHD",Televisor inteligente con HDR10+ y sistema operativo webOS - Modelo 2026,409.38,49,DISCONTINUED,2026-05-29 15:53:28,2026-06-26 23:05:53
752,PROD-00732,"Philips Smart TV 43"" 4K UHD",Televisor inteligente con HDR10+ y sistema operativo webOS - Modelo 2023,421.0,35,INACTIVE,2025-12-21 14:00:02,2026-01-25 09:45:25
753,PROD-00733,"Philips Smart TV 40"" Full HD",Pantalla plana Full HD con puertos HDMI y USB multimedia - Modelo 2024,291.03,95,INACTIVE,2025-05-18 17:21:32,2025-06-12 09:22:08
754,PROD-00734,"LG Smart TV 50"" 4K Crystal",Pantalla UHD con procesador Crystal 4K y PurColor - Modelo 2025,492.11,65,DISCONTINUED,2025-10-06 15:35:38,2025-11-02 11:15:28
755,PROD-00735,"Hisense Smart TV 75"" 4K Frameless",Televisor sin bordes de gran formato con panel LED avanzado - Modelo 2026,1122.91,111,ACTIVE,2025-01-01 06:06:24,2025-02-08 03:54:30
756,PROD-00736,"Panasonic Smart TV 43"" 4K UHD",Televisor inteligente con HDR10+ y sistema operativo webOS - Modelo 2023,412.05,33,ACTIVE,2025-11-25 08:32:30,2025-11-29 06:16:42
757,PROD-00737,"Panasonic Smart TV 43"" 4K UHD",Televisor inteligente con HDR10+ y sistema operativo webOS - Modelo 2024,409.67,147,ACTIVE,2025-02-06 08:48:03,2025-02-21 12:00:06
758,PROD-00738,"Hisense Smart TV 40"" Full HD",Pantalla plana Full HD con puertos HDMI y USB multimedia - Modelo 2025,341.35,22,INACTIVE,2025-12-13 20:53:34,2026-01-19 17:53:52
759,PROD-00739,"Samsung Smart TV 43"" 4K UHD",Televisor inteligente con HDR10+ y sistema operativo webOS - Modelo 2026,439.67,124,ACTIVE,2025-03-23 14:18:34,2025-04-24 22:51:37
760,PROD-00740,"Xiaomi Smart TV 50"" 4K Crystal",Pantalla UHD con procesador Crystal 4K y PurColor - Modelo 2023,468.62,111,INACTIVE,2026-05-29 16:11:29,2026-06-04 13:10:35
761,PROD-00741,"Sony Smart TV 40"" Full HD",Pantalla plana Full HD con puertos HDMI y USB multimedia - Modelo 2024,295.09,58,DISCONTINUED,2025-05-10 20:27:50,2025-05-19 03:53:02
762,PROD-00742,"Sony Smart TV 65"" 4K UHD",Pantalla grande con Dolby Vision Atmos y control por voz - Modelo 2025,920.19,137,ACTIVE,2025-12-06 12:47:19,2025-12-08 19:14:58
763,PROD-00743,"LG Smart TV 55"" 4K QLED",Televisor QLED con tecnología Quantum Dot y diseño ultra fino - Modelo 2026,627.88,87,ACTIVE,2026-04-14 19:09:25,2026-06-04 11:35:27
764,PROD-00744,"Panasonic Smart TV 65"" 4K UHD",Pantalla grande con Dolby Vision Atmos y control por voz - Modelo 2023,868.73,72,INACTIVE,2025-06-10 23:44:39,2025-06-22 20:29:14
765,PROD-00745,"Sony Smart TV 43"" 4K UHD",Televisor inteligente con HDR10+ y sistema operativo webOS - Modelo 2024,388.19,5,ACTIVE,2025-11-25 07:11:17,2025-12-13 11:25:50
766,PROD-00746,"Samsung Smart TV 85"" 8K Master",Pantalla premium de máxima resolución con inteligencia artificial - Modelo 2025,2754.81,8,DISCONTINUED,2025-05-19 07:41:29,2025-05-20 19:43:47
767,PROD-00747,"Sony Smart TV 55"" 4K QLED",Televisor QLED con tecnología Quantum Dot y diseño ultra fino - Modelo 2026,648.67,100,ACTIVE,2025-12-28 10:29:47,2026-01-07 06:52:11
768,PROD-00748,"Xiaomi Smart TV 40"" Full HD",Pantalla plana Full HD con puertos HDMI y USB multimedia - Modelo 2023,351.01,135,INACTIVE,2026-05-24 21:03:43,2026-07-07 06:18:17
769,PROD-00749,"TCL Smart TV 40"" Full HD",Pantalla plana Full HD con puertos HDMI y USB multimedia - Modelo 2024,327.19,18,DISCONTINUED,2025-09-15 01:28:08,2025-09-29 08:41:03
770,PROD-00750,"Hisense Smart TV 65"" 4K UHD",Pantalla grande con Dolby Vision Atmos y control por voz - Modelo 2025,929.84,135,DISCONTINUED,2025-06-20 21:04:50,2025-07-07 15:45:27
771,PROD-00751,"Hisense Smart TV 40"" Full HD",Pantalla plana Full HD con puertos HDMI y USB multimedia - Modelo 2026,287.29,44,ACTIVE,2025-01-31 07:43:38,2025-02-10 19:29:50
772,PROD-00752,"Philips Smart TV 55"" 4K QLED",Televisor QLED con tecnología Quantum Dot y diseño ultra fino - Modelo 2023,694.46,85,ACTIVE,2026-03-21 20:01:39,2026-05-02 06:24:55
773,PROD-00753,"Samsung Smart TV 85"" 8K Master",Pantalla premium de máxima resolución con inteligencia artificial - Modelo 2024,2835.36,75,INACTIVE,2025-06-01 01:24:35,2025-06-26 01:27:42
774,PROD-00754,"Samsung Smart TV 40"" Full HD",Pantalla plana Full HD con puertos HDMI y USB multimedia - Modelo 2025,320.11,96,DISCONTINUED,2026-04-20 17:43:09,2026-06-04 19:39:59
775,PROD-00755,"Samsung Smart TV 65"" 4K UHD",Pantalla grande con Dolby Vision Atmos y control por voz - Modelo 2026,806.88,97,DISCONTINUED,2026-05-14 11:26:11,2026-05-18 09:38:17
776,PROD-00756,"Panasonic Smart TV 75"" 4K Frameless",Televisor sin bordes de gran formato con panel LED avanzado - Modelo 2023,1265.6,51,DISCONTINUED,2025-01-26 22:27:50,2025-03-18 01:21:47
777,PROD-00757,"Hisense Smart TV 40"" Full HD",Pantalla plana Full HD con puertos HDMI y USB multimedia - Modelo 2024,333.97,112,ACTIVE,2026-05-23 11:33:25,2026-07-07 22:33:48
778,PROD-00758,"TCL Smart TV 75"" 4K Frameless",Televisor sin bordes de gran formato con panel LED avanzado - Modelo 2025,1274.34,6,INACTIVE,2025-07-19 16:03:03,2025-08-07 14:54:24
779,PROD-00759,"LG Smart TV 55"" 4K QLED",Televisor QLED con tecnología Quantum Dot y diseño ultra fino - Modelo 2026,599.67,110,ACTIVE,2026-07-22 04:52:53,2026-09-07 05:41:07
780,PROD-00760,"Samsung Smart TV 85"" 8K Master",Pantalla premium de máxima resolución con inteligencia artificial - Modelo 2023,2709.23,35,ACTIVE,2025-07-10 11:10:47,2025-07-12 15:32:25
781,PROD-00761,"Hisense Smart TV 40"" Full HD",Pantalla plana Full HD con puertos HDMI y USB multimedia - Modelo 2024,355.07,73,ACTIVE,2026-05-02 10:31:05,2026-06-09 17:45:59
782,PROD-00762,"Panasonic Smart TV 43"" 4K UHD",Televisor inteligente con HDR10+ y sistema operativo webOS - Modelo 2025,460.35,112,ACTIVE,2025-06-27 11:14:49,2025-08-04 06:07:26
783,PROD-00763,"TCL Smart TV 50"" 4K Crystal",Pantalla UHD con procesador Crystal 4K y PurColor - Modelo 2026,549.7,22,ACTIVE,2026-01-25 08:23:35,2026-02-21 17:12:26
784,PROD-00764,"Philips Smart TV 65"" 4K UHD",Pantalla grande con Dolby Vision Atmos y control por voz - Modelo 2023,914.15,40,DISCONTINUED,2025-10-21 18:30:59,2025-11-17 14:20:34
785,PROD-00765,"TCL Smart TV 43"" 4K UHD",Televisor inteligente con HDR10+ y sistema operativo webOS - Modelo 2024,430.31,61,ACTIVE,2025-09-20 20:23:09,2025-11-08 04:49:13
786,PROD-00766,"Samsung Smart TV 50"" 4K Crystal",Pantalla UHD con procesador Crystal 4K y PurColor - Modelo 2025,485.71,23,ACTIVE,2025-05-27 01:34:29,2025-06-01 17:57:22
787,PROD-00767,"Panasonic Smart TV 32"" HD LED",Televisor LED HD con Roku integrado y sonido Dolby Audio - Modelo 2026,214.71,132,ACTIVE,2025-04-03 21:19:58,2025-04-05 19:58:14
788,PROD-00768,"Hisense Smart TV 85"" 8K Master",Pantalla premium de máxima resolución con inteligencia artificial - Modelo 2023,2657.09,42,INACTIVE,2025-10-16 00:46:41,2025-11-17 04:59:27
789,PROD-00769,"Panasonic Smart TV 55"" 4K QLED",Televisor QLED con tecnología Quantum Dot y diseño ultra fino - Modelo 2024,574.75,121,ACTIVE,2025-05-21 10:12:53,2025-05-31 17:33:52
790,PROD-00770,"LG Smart TV 43"" 4K UHD",Televisor inteligente con HDR10+ y sistema operativo webOS - Modelo 2025,424.34,36,ACTIVE,2026-01-03 23:41:17,2026-02-06 12:22:38
791,PROD-00771,"Panasonic Smart TV 85"" 8K Master",Pantalla premium de máxima resolución con inteligencia artificial - Modelo 2026,2957.46,147,DISCONTINUED,2026-03-27 21:06:25,2026-04-14 06:00:45
792,PROD-00772,"Hisense Smart TV 43"" 4K UHD",Televisor inteligente con HDR10+ y sistema operativo webOS - Modelo 2023,445.07,127,ACTIVE,2026-08-24 20:47:02,2026-09-29 12:39:04
793,PROD-00773,"Samsung Smart TV 43"" 4K UHD",Televisor inteligente con HDR10+ y sistema operativo webOS - Modelo 2024,417.11,65,DISCONTINUED,2026-06-16 00:57:08,2026-06-21 14:10:21
794,PROD-00774,"Xiaomi Smart TV 85"" 8K Master",Pantalla premium de máxima resolución con inteligencia artificial - Modelo 2025,2746.79,91,ACTIVE,2026-02-19 03:34:28,2026-03-14 14:44:59
795,PROD-00775,"Panasonic Smart TV 50"" 4K Crystal",Pantalla UHD con procesador Crystal 4K y PurColor - Modelo 2026,482.0,143,ACTIVE,2025-04-24 18:19:06,2025-05-27 03:21:08
796,PROD-00776,"Xiaomi Smart TV 32"" HD LED",Televisor LED HD con Roku integrado y sonido Dolby Audio - Modelo 2023,306.38,105,ACTIVE,2025-08-15 03:13:13,2025-08-17 11:26:48
797,PROD-00777,"LG Smart TV 55"" 4K QLED",Televisor QLED con tecnología Quantum Dot y diseño ultra fino - Modelo 2024,655.94,142,DISCONTINUED,2025-01-07 01:54:14,2025-02-07 09:37:32
798,PROD-00778,"Panasonic Smart TV 65"" 4K UHD",Pantalla grande con Dolby Vision Atmos y control por voz - Modelo 2025,843.57,5,ACTIVE,2025-05-24 18:23:54,2025-06-28 20:22:29
799,PROD-00779,"Xiaomi Smart TV 50"" 4K Crystal",Pantalla UHD con procesador Crystal 4K y PurColor - Modelo 2026,468.93,88,ACTIVE,2025-03-17 00:37:26,2025-04-13 13:34:14
800,PROD-00780,"Philips Smart TV 32"" HD LED",Televisor LED HD con Roku integrado y sonido Dolby Audio - Modelo 2023,292.68,45,ACTIVE,2025-01-14 08:19:32,2025-01-17 11:31:24
801,PROD-00781,"Hisense Smart TV 32"" HD LED",Televisor LED HD con Roku integrado y sonido Dolby Audio - Modelo 2024,231.26,55,ACTIVE,2025-01-19 18:10:08,2025-02-28 04:32:12
802,PROD-00782,"Panasonic Smart TV 75"" 4K Frameless",Televisor sin bordes de gran formato con panel LED avanzado - Modelo 2025,1188.21,10,INACTIVE,2025-09-04 12:21:17,2025-10-11 01:13:35
803,PROD-00783,"Sony Smart TV 32"" HD LED",Televisor LED HD con Roku integrado y sonido Dolby Audio - Modelo 2026,239.06,142,ACTIVE,2025-04-03 18:23:54,2025-04-28 17:24:11
804,PROD-00784,"TCL Smart TV 50"" 4K Crystal",Pantalla UHD con procesador Crystal 4K y PurColor - Modelo 2023,456.46,53,ACTIVE,2025-03-04 11:36:12,2025-03-29 08:24:32
805,PROD-00785,"Sony Smart TV 43"" 4K UHD",Televisor inteligente con HDR10+ y sistema operativo webOS - Modelo 2024,369.36,38,ACTIVE,2025-06-19 03:33:56,2025-07-12 20:50:40
806,PROD-00786,"Philips Smart TV 65"" 4K UHD",Pantalla grande con Dolby Vision Atmos y control por voz - Modelo 2025,867.94,149,DISCONTINUED,2026-04-01 07:19:51,2026-04-21 07:27:24
807,PROD-00787,"Hisense Smart TV 43"" 4K UHD",Televisor inteligente con HDR10+ y sistema operativo webOS - Modelo 2026,455.75,21,DISCONTINUED,2026-06-18 06:01:08,2026-07-16 02:48:29
808,PROD-00788,"Hisense Smart TV 55"" 4K QLED",Televisor QLED con tecnología Quantum Dot y diseño ultra fino - Modelo 2023,585.69,112,INACTIVE,2025-03-29 17:32:10,2025-05-11 04:54:29
809,PROD-00789,"Hisense Smart TV 85"" 8K Master",Pantalla premium de máxima resolución con inteligencia artificial - Modelo 2024,2753.32,146,DISCONTINUED,2026-02-12 01:19:50,2026-04-03 01:26:20
810,PROD-00790,"Panasonic Smart TV 40"" Full HD",Pantalla plana Full HD con puertos HDMI y USB multimedia - Modelo 2025,351.54,100,DISCONTINUED,2025-08-21 23:44:05,2025-09-02 03:50:48
811,PROD-00791,"Samsung Smart TV 65"" 4K UHD",Pantalla grande con Dolby Vision Atmos y control por voz - Modelo 2026,838.74,120,ACTIVE,2025-08-22 21:34:41,2025-10-08 04:53:49
812,PROD-00792,"Samsung Smart TV 65"" 4K UHD",Pantalla grande con Dolby Vision Atmos y control por voz - Modelo 2023,828.46,14,ACTIVE,2025-02-28 04:45:51,2025-03-11 09:25:18
813,PROD-00793,"Panasonic Smart TV 43"" 4K UHD",Televisor inteligente con HDR10+ y sistema operativo webOS - Modelo 2024,364.97,104,DISCONTINUED,2025-07-18 12:54:27,2025-08-10 14:51:24
814,PROD-00794,"Sony Smart TV 43"" 4K UHD",Televisor inteligente con HDR10+ y sistema operativo webOS - Modelo 2025,390.64,25,ACTIVE,2026-04-10 20:46:53,2026-05-26 18:54:29
815,PROD-00795,"Philips Smart TV 75"" 4K Frameless",Televisor sin bordes de gran formato con panel LED avanzado - Modelo 2026,1244.36,96,ACTIVE,2026-01-01 12:55:35,2026-01-14 06:43:38
816,PROD-00796,"TCL Smart TV 40"" Full HD",Pantalla plana Full HD con puertos HDMI y USB multimedia - Modelo 2023,327.76,57,ACTIVE,2025-10-05 06:40:23,2025-10-16 11:24:35
817,PROD-00797,"Philips Smart TV 32"" HD LED",Televisor LED HD con Roku integrado y sonido Dolby Audio - Modelo 2024,281.47,91,ACTIVE,2026-07-18 08:54:10,2026-09-05 10:39:44
818,PROD-00798,"TCL Smart TV 55"" 4K QLED",Televisor QLED con tecnología Quantum Dot y diseño ultra fino - Modelo 2025,617.92,13,ACTIVE,2025-05-23 02:31:59,2025-07-02 03:43:35
819,PROD-00799,"Philips Smart TV 55"" 4K QLED",Televisor QLED con tecnología Quantum Dot y diseño ultra fino - Modelo 2026,567.72,31,ACTIVE,2025-10-19 18:25:55,2025-11-03 16:53:23
820,PROD-00800,"Hisense Smart TV 40"" Full HD",Pantalla plana Full HD con puertos HDMI y USB multimedia - Modelo 2023,296.68,49,DISCONTINUED,2026-06-02 16:07:54,2026-07-21 06:49:33
821,PROD-00801,"TCL Smart TV 43"" 4K UHD",Televisor inteligente con HDR10+ y sistema operativo webOS - Modelo 2024,447.25,30,ACTIVE,2026-05-23 21:58:32,2026-07-13 20:50:56
822,PROD-00802,"Philips Smart TV 32"" HD LED",Televisor LED HD con Roku integrado y sonido Dolby Audio - Modelo 2025,278.07,129,ACTIVE,2025-06-03 09:01:32,2025-06-26 23:03:25
823,PROD-00803,"Panasonic Smart TV 65"" 4K UHD",Pantalla grande con Dolby Vision Atmos y control por voz - Modelo 2026,871.0,122,DISCONTINUED,2025-04-12 08:34:05,2025-04-19 11:48:06
824,PROD-00804,"Sony Smart TV 40"" Full HD",Pantalla plana Full HD con puertos HDMI y USB multimedia - Modelo 2023,301.26,93,ACTIVE,2025-05-20 09:02:08,2025-06-05 22:14:32
825,PROD-00805,"Hisense Smart TV 55"" 4K QLED",Televisor QLED con tecnología Quantum Dot y diseño ultra fino - Modelo 2024,666.41,14,INACTIVE,2026-08-01 10:25:02,2026-08-06 12:57:52
826,PROD-00806,"LG Smart TV 65"" 4K UHD",Pantalla grande con Dolby Vision Atmos y control por voz - Modelo 2025,866.74,24,ACTIVE,2026-06-12 00:00:21,2026-06-12 05:02:11
827,PROD-00807,"Samsung Smart TV 43"" 4K UHD",Televisor inteligente con HDR10+ y sistema operativo webOS - Modelo 2026,403.34,98,ACTIVE,2025-11-01 02:43:15,2025-12-10 17:14:16
828,PROD-00808,"LG Smart TV 40"" Full HD",Pantalla plana Full HD con puertos HDMI y USB multimedia - Modelo 2023,331.86,143,INACTIVE,2026-03-08 22:37:42,2026-04-19 06:07:08
829,PROD-00809,"Samsung Smart TV 50"" 4K Crystal",Pantalla UHD con procesador Crystal 4K y PurColor - Modelo 2024,460.75,95,ACTIVE,2025-04-14 12:14:08,2025-05-05 18:06:24
830,PROD-00810,"Hisense Smart TV 43"" 4K UHD",Televisor inteligente con HDR10+ y sistema operativo webOS - Modelo 2025,405.45,35,ACTIVE,2025-07-28 09:59:52,2025-09-01 02:16:26
831,PROD-00811,"Hisense Smart TV 65"" 4K UHD",Pantalla grande con Dolby Vision Atmos y control por voz - Modelo 2026,849.58,13,INACTIVE,2026-03-01 08:14:19,2026-03-29 17:10:13
832,PROD-00812,"Panasonic Smart TV 85"" 8K Master",Pantalla premium de máxima resolución con inteligencia artificial - Modelo 2023,2820.77,92,DISCONTINUED,2025-03-05 20:56:25,2025-03-29 14:03:20
833,PROD-00813,"Hisense Smart TV 65"" 4K UHD",Pantalla grande con Dolby Vision Atmos y control por voz - Modelo 2024,829.22,33,DISCONTINUED,2026-04-28 03:20:00,2026-05-31 05:11:13
834,PROD-00814,"Philips Smart TV 32"" HD LED",Televisor LED HD con Roku integrado y sonido Dolby Audio - Modelo 2025,292.12,29,ACTIVE,2025-02-17 17:06:02,2025-03-20 04:02:48
835,PROD-00815,"TCL Smart TV 65"" 4K UHD",Pantalla grande con Dolby Vision Atmos y control por voz - Modelo 2026,846.81,87,INACTIVE,2025-01-20 02:04:53,2025-02-16 12:14:18
836,PROD-00816,"LG Smart TV 40"" Full HD",Pantalla plana Full HD con puertos HDMI y USB multimedia - Modelo 2023,324.33,56,DISCONTINUED,2025-05-31 11:18:12,2025-07-12 06:57:52
837,PROD-00817,"TCL Smart TV 50"" 4K Crystal",Pantalla UHD con procesador Crystal 4K y PurColor - Modelo 2024,476.96,69,INACTIVE,2025-08-04 01:06:23,2025-09-16 14:22:44
838,PROD-00818,"TCL Smart TV 50"" 4K Crystal",Pantalla UHD con procesador Crystal 4K y PurColor - Modelo 2025,477.49,110,INACTIVE,2025-08-13 16:37:18,2025-10-01 02:00:12
839,PROD-00819,"Philips Smart TV 43"" 4K UHD",Televisor inteligente con HDR10+ y sistema operativo webOS - Modelo 2026,377.24,7,ACTIVE,2025-09-05 17:33:26,2025-09-24 17:53:30
840,PROD-00820,"Philips Smart TV 40"" Full HD",Pantalla plana Full HD con puertos HDMI y USB multimedia - Modelo 2023,350.97,60,ACTIVE,2026-07-29 13:31:00,2026-08-20 22:10:09
841,PROD-00821,"Sony Smart TV 75"" 4K Frameless",Televisor sin bordes de gran formato con panel LED avanzado - Modelo 2024,1155.19,12,INACTIVE,2026-01-31 13:14:45,2026-03-23 06:36:43
842,PROD-00822,"Xiaomi Smart TV 40"" Full HD",Pantalla plana Full HD con puertos HDMI y USB multimedia - Modelo 2025,328.72,51,INACTIVE,2025-11-27 11:15:36,2026-01-15 06:14:06
843,PROD-00823,"Samsung Smart TV 40"" Full HD",Pantalla plana Full HD con puertos HDMI y USB multimedia - Modelo 2026,307.18,32,ACTIVE,2025-01-05 21:39:05,2025-02-05 00:56:06
844,PROD-00824,"Panasonic Smart TV 32"" HD LED",Televisor LED HD con Roku integrado y sonido Dolby Audio - Modelo 2023,229.37,22,INACTIVE,2026-03-17 18:37:24,2026-03-20 11:51:21
845,PROD-00825,"Philips Smart TV 43"" 4K UHD",Televisor inteligente con HDR10+ y sistema operativo webOS - Modelo 2024,385.5,62,ACTIVE,2026-06-20 22:59:30,2026-07-22 04:01:33
846,PROD-00826,"Xiaomi Smart TV 32"" HD LED",Televisor LED HD con Roku integrado y sonido Dolby Audio - Modelo 2025,269.13,19,ACTIVE,2026-04-30 04:18:12,2026-05-14 23:45:56
847,PROD-00827,"Panasonic Smart TV 85"" 8K Master",Pantalla premium de máxima resolución con inteligencia artificial - Modelo 2026,2842.31,107,INACTIVE,2026-04-28 09:28:16,2026-06-03 04:51:12
848,PROD-00828,"Philips Smart TV 43"" 4K UHD",Televisor inteligente con HDR10+ y sistema operativo webOS - Modelo 2023,360.4,51,INACTIVE,2025-01-26 05:52:05,2025-03-05 09:39:38
849,PROD-00829,"Philips Smart TV 85"" 8K Master",Pantalla premium de máxima resolución con inteligencia artificial - Modelo 2024,2880.89,70,DISCONTINUED,2025-11-08 22:26:16,2025-11-15 10:12:34
850,PROD-00830,"Samsung Smart TV 50"" 4K Crystal",Pantalla UHD con procesador Crystal 4K y PurColor - Modelo 2025,489.96,3,ACTIVE,2025-03-04 22:43:47,2025-04-11 21:28:52
851,PROD-00831,"Panasonic Smart TV 85"" 8K Master",Pantalla premium de máxima resolución con inteligencia artificial - Modelo 2026,2871.38,11,DISCONTINUED,2025-01-06 20:52:38,2025-02-08 07:09:22
852,PROD-00832,"Xiaomi Smart TV 50"" 4K Crystal",Pantalla UHD con procesador Crystal 4K y PurColor - Modelo 2023,494.14,60,INACTIVE,2025-07-04 18:34:03,2025-07-10 18:21:37
853,PROD-00833,"Hisense Smart TV 43"" 4K UHD",Televisor inteligente con HDR10+ y sistema operativo webOS - Modelo 2024,436.04,144,ACTIVE,2025-02-24 04:32:39,2025-04-06 02:04:15
854,PROD-00834,"LG Smart TV 55"" 4K QLED",Televisor QLED con tecnología Quantum Dot y diseño ultra fino - Modelo 2025,626.97,102,ACTIVE,2026-07-16 09:44:43,2026-08-04 02:43:49
855,PROD-00835,"Samsung Smart TV 40"" Full HD",Pantalla plana Full HD con puertos HDMI y USB multimedia - Modelo 2026,297.41,74,DISCONTINUED,2026-03-30 02:34:30,2026-05-01 14:12:49
856,PROD-00836,"Samsung Smart TV 32"" HD LED",Televisor LED HD con Roku integrado y sonido Dolby Audio - Modelo 2023,255.15,22,INACTIVE,2025-01-20 02:05:49,2025-02-28 06:43:01
857,PROD-00837,"Philips Smart TV 55"" 4K QLED",Televisor QLED con tecnología Quantum Dot y diseño ultra fino - Modelo 2024,677.63,89,ACTIVE,2026-03-18 18:16:05,2026-04-03 14:36:44
858,PROD-00838,"Sony Smart TV 55"" 4K QLED",Televisor QLED con tecnología Quantum Dot y diseño ultra fino - Modelo 2025,696.04,146,INACTIVE,2026-01-06 15:50:47,2026-02-14 12:23:52
859,PROD-00839,"Xiaomi Smart TV 50"" 4K Crystal",Pantalla UHD con procesador Crystal 4K y PurColor - Modelo 2026,505.09,65,ACTIVE,2026-04-12 13:43:59,2026-04-23 10:10:24
860,PROD-00840,"Panasonic Smart TV 65"" 4K UHD",Pantalla grande con Dolby Vision Atmos y control por voz - Modelo 2023,924.78,87,INACTIVE,2025-01-10 17:06:45,2025-02-24 06:56:10
861,PROD-00841,"Xiaomi Smart TV 40"" Full HD",Pantalla plana Full HD con puertos HDMI y USB multimedia - Modelo 2024,343.44,101,INACTIVE,2025-12-12 15:46:16,2025-12-15 04:26:42
862,PROD-00842,"Sony Smart TV 75"" 4K Frameless",Televisor sin bordes de gran formato con panel LED avanzado - Modelo 2025,1143.64,131,DISCONTINUED,2026-03-04 07:54:42,2026-04-21 18:49:42
863,PROD-00843,"Panasonic Smart TV 40"" Full HD",Pantalla plana Full HD con puertos HDMI y USB multimedia - Modelo 2026,356.91,86,INACTIVE,2025-12-28 15:15:31,2026-01-06 14:24:12
864,PROD-00844,"Xiaomi Smart TV 40"" Full HD",Pantalla plana Full HD con puertos HDMI y USB multimedia - Modelo 2023,289.31,119,ACTIVE,2026-06-01 16:05:10,2026-07-03 01:21:08
865,PROD-00845,"Philips Smart TV 65"" 4K UHD",Pantalla grande con Dolby Vision Atmos y control por voz - Modelo 2024,799.91,21,ACTIVE,2025-08-04 00:04:57,2025-08-04 23:33:32
866,PROD-00846,"Panasonic Smart TV 32"" HD LED",Televisor LED HD con Roku integrado y sonido Dolby Audio - Modelo 2025,243.67,137,INACTIVE,2025-11-26 16:32:24,2025-12-12 03:17:40
867,PROD-00847,"TCL Smart TV 50"" 4K Crystal",Pantalla UHD con procesador Crystal 4K y PurColor - Modelo 2026,502.98,131,DISCONTINUED,2025-11-01 16:36:28,2025-12-19 07:52:01
868,PROD-00848,"Philips Smart TV 40"" Full HD",Pantalla plana Full HD con puertos HDMI y USB multimedia - Modelo 2023,346.21,116,ACTIVE,2025-07-12 20:45:18,2025-07-31 10:18:38
869,PROD-00849,"TCL Smart TV 50"" 4K Crystal",Pantalla UHD con procesador Crystal 4K y PurColor - Modelo 2024,498.53,81,ACTIVE,2025-02-17 10:39:24,2025-03-22 08:24:12
870,PROD-00850,"Hisense Smart TV 55"" 4K QLED",Televisor QLED con tecnología Quantum Dot y diseño ultra fino - Modelo 2025,606.73,86,DISCONTINUED,2025-02-04 23:30:41,2025-03-21 14:58:49
871,PROD-00851,"Panasonic Smart TV 40"" Full HD",Pantalla plana Full HD con puertos HDMI y USB multimedia - Modelo 2026,301.05,142,ACTIVE,2026-02-09 20:01:58,2026-02-10 21:13:17
872,PROD-00852,"LG Smart TV 65"" 4K UHD",Pantalla grande con Dolby Vision Atmos y control por voz - Modelo 2023,939.93,49,ACTIVE,2025-02-24 00:37:28,2025-03-10 05:12:08
873,PROD-00853,"Samsung Smart TV 75"" 4K Frameless",Televisor sin bordes de gran formato con panel LED avanzado - Modelo 2024,1208.09,57,ACTIVE,2026-02-21 06:02:07,2026-03-24 08:44:52
874,PROD-00854,"TCL Smart TV 32"" HD LED",Televisor LED HD con Roku integrado y sonido Dolby Audio - Modelo 2025,316.67,27,DISCONTINUED,2025-07-27 06:40:52,2025-07-28 18:30:32
875,PROD-00855,"LG Smart TV 43"" 4K UHD",Televisor inteligente con HDR10+ y sistema operativo webOS - Modelo 2026,378.45,137,INACTIVE,2026-06-03 01:38:29,2026-06-22 01:33:05
876,PROD-00856,"Philips Smart TV 40"" Full HD",Pantalla plana Full HD con puertos HDMI y USB multimedia - Modelo 2023,384.99,41,INACTIVE,2025-11-03 03:30:09,2025-12-17 15:11:59
877,PROD-00857,"Sony Smart TV 32"" HD LED",Televisor LED HD con Roku integrado y sonido Dolby Audio - Modelo 2024,231.27,87,INACTIVE,2025-08-12 15:45:46,2025-09-08 07:40:30
878,PROD-00858,"Sony Smart TV 85"" 8K Master",Pantalla premium de máxima resolución con inteligencia artificial - Modelo 2025,2864.07,91,INACTIVE,2026-03-29 17:26:01,2026-05-16 01:51:32
879,PROD-00859,"Panasonic Smart TV 55"" 4K QLED",Televisor QLED con tecnología Quantum Dot y diseño ultra fino - Modelo 2026,671.32,38,INACTIVE,2025-12-18 19:18:42,2025-12-28 06:35:10
880,PROD-00860,"LG Smart TV 32"" HD LED",Televisor LED HD con Roku integrado y sonido Dolby Audio - Modelo 2023,230.88,32,ACTIVE,2026-07-03 07:54:42,2026-07-27 23:47:18
881,PROD-00861,"Sony Smart TV 55"" 4K QLED",Televisor QLED con tecnología Quantum Dot y diseño ultra fino - Modelo 2024,632.92,11,ACTIVE,2025-10-28 09:23:15,2025-12-05 22:30:05
882,PROD-00862,"Hisense Smart TV 40"" Full HD",Pantalla plana Full HD con puertos HDMI y USB multimedia - Modelo 2025,294.24,149,ACTIVE,2026-04-24 01:06:31,2026-05-21 15:19:01
883,PROD-00863,"Xiaomi Smart TV 85"" 8K Master",Pantalla premium de máxima resolución con inteligencia artificial - Modelo 2026,2611.36,93,INACTIVE,2025-07-10 13:33:59,2025-08-30 09:32:33
884,PROD-00864,"Hisense Smart TV 75"" 4K Frameless",Televisor sin bordes de gran formato con panel LED avanzado - Modelo 2023,1129.7,148,ACTIVE,2026-04-09 19:32:04,2026-05-10 12:42:16
885,PROD-00865,"Philips Smart TV 32"" HD LED",Televisor LED HD con Roku integrado y sonido Dolby Audio - Modelo 2024,288.09,147,ACTIVE,2025-07-01 19:31:41,2025-07-19 22:47:21
886,PROD-00866,"LG Smart TV 85"" 8K Master",Pantalla premium de máxima resolución con inteligencia artificial - Modelo 2025,2752.5,147,ACTIVE,2025-01-12 21:48:52,2025-02-10 19:11:13
887,PROD-00867,"LG Smart TV 65"" 4K UHD",Pantalla grande con Dolby Vision Atmos y control por voz - Modelo 2026,846.53,25,INACTIVE,2025-04-14 09:17:42,2025-05-24 06:38:36
888,PROD-00868,"Sony Smart TV 55"" 4K QLED",Televisor QLED con tecnología Quantum Dot y diseño ultra fino - Modelo 2023,619.31,99,ACTIVE,2025-03-03 05:03:18,2025-03-29 07:55:00
889,PROD-00869,"Samsung Smart TV 32"" HD LED",Televisor LED HD con Roku integrado y sonido Dolby Audio - Modelo 2024,262.6,96,ACTIVE,2025-08-21 18:28:01,2025-09-12 20:13:39
890,PROD-00870,"Sony Smart TV 32"" HD LED",Televisor LED HD con Roku integrado y sonido Dolby Audio - Modelo 2025,252.83,9,INACTIVE,2025-04-12 07:40:39,2025-05-01 10:48:42
891,PROD-00871,"TCL Smart TV 50"" 4K Crystal",Pantalla UHD con procesador Crystal 4K y PurColor - Modelo 2026,519.47,29,INACTIVE,2025-10-10 15:54:24,2025-10-19 02:30:01
892,PROD-00872,"Xiaomi Smart TV 32"" HD LED",Televisor LED HD con Roku integrado y sonido Dolby Audio - Modelo 2023,242.22,137,DISCONTINUED,2025-01-06 14:31:23,2025-02-20 19:45:35
893,PROD-00873,"Hisense Smart TV 32"" HD LED",Televisor LED HD con Roku integrado y sonido Dolby Audio - Modelo 2024,263.4,73,ACTIVE,2025-01-07 17:56:08,2025-02-02 22:26:04
894,PROD-00874,"Samsung Smart TV 55"" 4K QLED",Televisor QLED con tecnología Quantum Dot y diseño ultra fino - Modelo 2025,629.3,144,DISCONTINUED,2025-02-01 07:55:02,2025-02-06 11:48:20
895,PROD-00875,"Panasonic Smart TV 50"" 4K Crystal",Pantalla UHD con procesador Crystal 4K y PurColor - Modelo 2026,518.6,144,INACTIVE,2025-12-15 16:47:26,2025-12-21 16:04:38
896,PROD-00876,"Hisense Smart TV 40"" Full HD",Pantalla plana Full HD con puertos HDMI y USB multimedia - Modelo 2023,278.43,91,ACTIVE,2026-06-02 04:57:24,2026-07-13 14:22:26
897,PROD-00877,"Samsung Smart TV 50"" 4K Crystal",Pantalla UHD con procesador Crystal 4K y PurColor - Modelo 2024,464.43,95,ACTIVE,2026-01-18 22:49:12,2026-02-02 02:10:26
898,PROD-00878,"Philips Smart TV 50"" 4K Crystal",Pantalla UHD con procesador Crystal 4K y PurColor - Modelo 2025,460.01,109,ACTIVE,2026-01-31 04:49:55,2026-02-09 18:24:00
899,PROD-00879,"Sony Smart TV 65"" 4K UHD",Pantalla grande con Dolby Vision Atmos y control por voz - Modelo 2026,824.92,43,ACTIVE,2025-07-27 11:38:08,2025-08-29 15:49:21
900,PROD-00880,"Sony Smart TV 43"" 4K UHD",Televisor inteligente con HDR10+ y sistema operativo webOS - Modelo 2023,439.94,32,DISCONTINUED,2025-07-18 11:12:37,2025-08-21 02:09:16
901,PROD-00881,"Samsung Smart TV 85"" 8K Master",Pantalla premium de máxima resolución con inteligencia artificial - Modelo 2024,2745.65,42,INACTIVE,2025-06-01 05:28:34,2025-06-19 20:29:04
902,PROD-00882,"LG Smart TV 75"" 4K Frameless",Televisor sin bordes de gran formato con panel LED avanzado - Modelo 2025,1282.71,134,DISCONTINUED,2026-06-14 09:19:48,2026-08-01 01:02:00
903,PROD-00883,"Samsung Smart TV 75"" 4K Frameless",Televisor sin bordes de gran formato con panel LED avanzado - Modelo 2026,1158.61,134,ACTIVE,2026-04-04 18:23:58,2026-04-08 23:13:39
904,PROD-00884,"LG Smart TV 40"" Full HD",Pantalla plana Full HD con puertos HDMI y USB multimedia - Modelo 2023,338.36,140,ACTIVE,2026-06-21 21:00:09,2026-06-28 23:15:07
905,PROD-00885,"TCL Smart TV 55"" 4K QLED",Televisor QLED con tecnología Quantum Dot y diseño ultra fino - Modelo 2024,604.52,4,ACTIVE,2025-02-23 17:00:59,2025-03-09 14:30:27
906,PROD-00886,"TCL Smart TV 50"" 4K Crystal",Pantalla UHD con procesador Crystal 4K y PurColor - Modelo 2025,536.56,52,DISCONTINUED,2025-06-27 08:56:08,2025-07-17 12:57:29
907,PROD-00887,"TCL Smart TV 85"" 8K Master",Pantalla premium de máxima resolución con inteligencia artificial - Modelo 2026,2900.19,12,ACTIVE,2026-03-13 12:11:47,2026-04-11 21:20:57
908,PROD-00888,"Philips Smart TV 55"" 4K QLED",Televisor QLED con tecnología Quantum Dot y diseño ultra fino - Modelo 2023,665.84,30,INACTIVE,2026-04-04 02:29:28,2026-04-27 14:48:45
909,PROD-00889,"LG Smart TV 50"" 4K Crystal",Pantalla UHD con procesador Crystal 4K y PurColor - Modelo 2024,550.26,76,ACTIVE,2026-06-08 05:38:05,2026-07-16 01:42:46
910,PROD-00890,"Philips Smart TV 32"" HD LED",Televisor LED HD con Roku integrado y sonido Dolby Audio - Modelo 2025,256.54,138,INACTIVE,2025-11-21 17:24:25,2025-12-10 21:22:23
911,PROD-00891,"LG Smart TV 40"" Full HD",Pantalla plana Full HD con puertos HDMI y USB multimedia - Modelo 2026,348.47,18,ACTIVE,2025-09-23 21:11:49,2025-10-20 10:32:42
912,PROD-00892,"LG Smart TV 55"" 4K QLED",Televisor QLED con tecnología Quantum Dot y diseño ultra fino - Modelo 2023,609.7,144,ACTIVE,2025-10-02 20:53:47,2025-10-23 10:37:15
913,PROD-00893,"Xiaomi Smart TV 50"" 4K Crystal",Pantalla UHD con procesador Crystal 4K y PurColor - Modelo 2024,428.4,14,DISCONTINUED,2025-11-30 17:01:16,2025-12-09 00:05:58
914,PROD-00894,"Samsung Smart TV 75"" 4K Frameless",Televisor sin bordes de gran formato con panel LED avanzado - Modelo 2025,1337.05,45,INACTIVE,2025-08-08 01:52:13,2025-08-17 14:52:14
915,PROD-00895,"TCL Smart TV 50"" 4K Crystal",Pantalla UHD con procesador Crystal 4K y PurColor - Modelo 2026,495.77,58,DISCONTINUED,2026-04-12 13:30:18,2026-05-19 04:11:54
916,PROD-00896,"Panasonic Smart TV 85"" 8K Master",Pantalla premium de máxima resolución con inteligencia artificial - Modelo 2023,2792.88,34,ACTIVE,2025-06-01 14:55:05,2025-07-19 08:16:45
917,PROD-00897,"Panasonic Smart TV 85"" 8K Master",Pantalla premium de máxima resolución con inteligencia artificial - Modelo 2024,2780.9,60,INACTIVE,2025-02-06 08:28:33,2025-02-28 14:07:54
918,PROD-00898,"Panasonic Smart TV 50"" 4K Crystal",Pantalla UHD con procesador Crystal 4K y PurColor - Modelo 2025,443.17,84,INACTIVE,2026-03-14 21:01:53,2026-03-23 01:45:41
919,PROD-00899,"LG Smart TV 75"" 4K Frameless",Televisor sin bordes de gran formato con panel LED avanzado - Modelo 2026,1291.58,6,ACTIVE,2025-04-08 19:10:04,2025-04-24 15:29:48
920,PROD-00900,"Panasonic Smart TV 75"" 4K Frameless",Televisor sin bordes de gran formato con panel LED avanzado - Modelo 2023,1356.63,80,ACTIVE,2026-01-03 10:03:25,2026-01-29 23:35:46
921,PROD-00901,"Sony Smart TV 32"" HD LED",Televisor LED HD con Roku integrado y sonido Dolby Audio - Modelo 2024,282.17,27,INACTIVE,2026-07-27 11:32:30,2026-08-07 08:03:25
922,PROD-00902,"Hisense Smart TV 43"" 4K UHD",Televisor inteligente con HDR10+ y sistema operativo webOS - Modelo 2025,430.4,21,ACTIVE,2026-01-30 23:25:43,2026-03-17 22:46:59
923,PROD-00903,"Hisense Smart TV 65"" 4K UHD",Pantalla grande con Dolby Vision Atmos y control por voz - Modelo 2026,896.72,103,INACTIVE,2025-01-27 23:27:23,2025-02-23 07:40:06
924,PROD-00904,"Hisense Smart TV 32"" HD LED",Televisor LED HD con Roku integrado y sonido Dolby Audio - Modelo 2023,215.28,108,ACTIVE,2025-11-19 16:16:26,2026-01-05 11:58:22
925,PROD-00905,"Sony Smart TV 50"" 4K Crystal",Pantalla UHD con procesador Crystal 4K y PurColor - Modelo 2024,460.14,110,ACTIVE,2026-03-26 11:18:48,2026-04-26 16:38:57
926,PROD-00906,"TCL Smart TV 65"" 4K UHD",Pantalla grande con Dolby Vision Atmos y control por voz - Modelo 2025,817.24,125,ACTIVE,2026-06-03 18:58:25,2026-07-09 20:49:29
927,PROD-00907,"Sony Smart TV 50"" 4K Crystal",Pantalla UHD con procesador Crystal 4K y PurColor - Modelo 2026,544.07,95,ACTIVE,2025-06-30 09:37:37,2025-08-14 08:15:37
928,PROD-00908,"TCL Smart TV 75"" 4K Frameless",Televisor sin bordes de gran formato con panel LED avanzado - Modelo 2023,1274.19,81,ACTIVE,2026-01-28 15:26:02,2026-03-03 13:35:37
929,PROD-00909,"Philips Smart TV 43"" 4K UHD",Televisor inteligente con HDR10+ y sistema operativo webOS - Modelo 2024,380.82,8,ACTIVE,2025-10-03 15:44:27,2025-11-10 14:41:11
930,PROD-00910,"Hisense Smart TV 40"" Full HD",Pantalla plana Full HD con puertos HDMI y USB multimedia - Modelo 2025,350.66,136,ACTIVE,2026-08-10 04:33:44,2026-09-01 17:52:07
931,PROD-00911,"TCL Smart TV 85"" 8K Master",Pantalla premium de máxima resolución con inteligencia artificial - Modelo 2026,2798.84,43,INACTIVE,2026-03-16 13:25:16,2026-04-17 07:14:59
932,PROD-00912,"TCL Smart TV 85"" 8K Master",Pantalla premium de máxima resolución con inteligencia artificial - Modelo 2023,2591.73,47,DISCONTINUED,2026-01-01 22:17:54,2026-01-22 04:41:35
933,PROD-00913,"Hisense Smart TV 55"" 4K QLED",Televisor QLED con tecnología Quantum Dot y diseño ultra fino - Modelo 2024,653.3,124,ACTIVE,2025-08-05 07:18:07,2025-09-08 14:10:28
934,PROD-00914,"Panasonic Smart TV 43"" 4K UHD",Televisor inteligente con HDR10+ y sistema operativo webOS - Modelo 2025,428.16,90,ACTIVE,2025-10-16 19:50:06,2025-11-06 09:36:41
935,PROD-00915,"LG Smart TV 55"" 4K QLED",Televisor QLED con tecnología Quantum Dot y diseño ultra fino - Modelo 2026,612.58,108,ACTIVE,2026-02-14 08:54:04,2026-02-28 08:15:07
936,PROD-00916,"Xiaomi Smart TV 65"" 4K UHD",Pantalla grande con Dolby Vision Atmos y control por voz - Modelo 2023,884.83,36,ACTIVE,2025-07-03 08:32:00,2025-07-09 12:31:09
937,PROD-00917,"TCL Smart TV 75"" 4K Frameless",Televisor sin bordes de gran formato con panel LED avanzado - Modelo 2024,1280.2,113,INACTIVE,2025-08-11 21:51:43,2025-09-23 03:59:31
938,PROD-00918,"Hisense Smart TV 50"" 4K Crystal",Pantalla UHD con procesador Crystal 4K y PurColor - Modelo 2025,447.07,115,ACTIVE,2026-04-24 16:26:16,2026-06-09 06:47:25
939,PROD-00919,"LG Smart TV 43"" 4K UHD",Televisor inteligente con HDR10+ y sistema operativo webOS - Modelo 2026,377.88,74,DISCONTINUED,2025-11-11 11:07:18,2025-12-05 17:00:23
940,PROD-00920,"Xiaomi Smart TV 85"" 8K Master",Pantalla premium de máxima resolución con inteligencia artificial - Modelo 2023,2562.55,115,ACTIVE,2025-09-08 12:30:06,2025-10-18 13:29:27
941,PROD-00921,"Sony Smart TV 50"" 4K Crystal",Pantalla UHD con procesador Crystal 4K y PurColor - Modelo 2024,542.7,147,ACTIVE,2025-07-31 18:48:33,2025-09-15 16:35:08
942,PROD-00922,"Xiaomi Smart TV 50"" 4K Crystal",Pantalla UHD con procesador Crystal 4K y PurColor - Modelo 2025,505.75,5,ACTIVE,2026-04-07 19:10:42,2026-05-11 17:19:41
943,PROD-00923,"Hisense Smart TV 50"" 4K Crystal",Pantalla UHD con procesador Crystal 4K y PurColor - Modelo 2026,410.58,13,ACTIVE,2025-03-27 12:58:25,2025-04-15 01:01:55
944,PROD-00924,"Panasonic Smart TV 55"" 4K QLED",Televisor QLED con tecnología Quantum Dot y diseño ultra fino - Modelo 2023,618.27,93,DISCONTINUED,2025-09-23 21:01:30,2025-10-25 09:39:50
945,PROD-00925,"Xiaomi Smart TV 65"" 4K UHD",Pantalla grande con Dolby Vision Atmos y control por voz - Modelo 2024,870.63,50,ACTIVE,2026-05-09 08:13:34,2026-05-25 20:08:20
946,PROD-00926,"Samsung Smart TV 43"" 4K UHD",Televisor inteligente con HDR10+ y sistema operativo webOS - Modelo 2025,370.85,140,ACTIVE,2025-11-05 16:42:04,2025-12-20 16:08:17
947,PROD-00927,"Hisense Smart TV 65"" 4K UHD",Pantalla grande con Dolby Vision Atmos y control por voz - Modelo 2026,839.63,114,ACTIVE,2025-07-27 16:03:02,2025-08-16 01:36:13
948,PROD-00928,"Xiaomi Smart TV 75"" 4K Frameless",Televisor sin bordes de gran formato con panel LED avanzado - Modelo 2023,1191.21,58,ACTIVE,2026-07-18 22:55:06,2026-08-02 01:19:07
949,PROD-00929,"LG Smart TV 55"" 4K QLED",Televisor QLED con tecnología Quantum Dot y diseño ultra fino - Modelo 2024,621.63,65,DISCONTINUED,2025-12-29 15:13:27,2026-01-27 17:48:21
950,PROD-00930,"Xiaomi Smart TV 75"" 4K Frameless",Televisor sin bordes de gran formato con panel LED avanzado - Modelo 2025,1164.62,70,ACTIVE,2026-01-09 12:04:03,2026-02-13 00:31:44
951,PROD-00931,"Sony Smart TV 40"" Full HD",Pantalla plana Full HD con puertos HDMI y USB multimedia - Modelo 2026,315.13,51,DISCONTINUED,2026-03-16 13:06:57,2026-04-09 20:58:07
952,PROD-00932,"Philips Smart TV 43"" 4K UHD",Televisor inteligente con HDR10+ y sistema operativo webOS - Modelo 2023,430.79,146,DISCONTINUED,2025-07-02 00:56:42,2025-07-26 08:23:13
953,PROD-00933,"Philips Smart TV 75"" 4K Frameless",Televisor sin bordes de gran formato con panel LED avanzado - Modelo 2024,1190.65,118,ACTIVE,2026-08-08 08:27:39,2026-09-12 11:05:20
954,PROD-00934,"Samsung Smart TV 40"" Full HD",Pantalla plana Full HD con puertos HDMI y USB multimedia - Modelo 2025,263.76,101,ACTIVE,2025-04-22 21:08:03,2025-05-13 08:44:56
955,PROD-00935,"LG Smart TV 32"" HD LED",Televisor LED HD con Roku integrado y sonido Dolby Audio - Modelo 2026,283.18,129,ACTIVE,2025-01-04 01:09:06,2025-01-31 09:56:34
956,PROD-00936,"Philips Smart TV 85"" 8K Master",Pantalla premium de máxima resolución con inteligencia artificial - Modelo 2023,2707.91,133,ACTIVE,2025-09-14 16:17:54,2025-10-23 22:47:30
957,PROD-00937,"Philips Smart TV 85"" 8K Master",Pantalla premium de máxima resolución con inteligencia artificial - Modelo 2024,2611.72,47,INACTIVE,2025-06-29 16:16:03,2025-07-29 23:51:06
958,PROD-00938,"Hisense Smart TV 55"" 4K QLED",Televisor QLED con tecnología Quantum Dot y diseño ultra fino - Modelo 2025,627.56,110,INACTIVE,2025-06-09 00:20:03,2025-06-20 13:24:52
959,PROD-00939,"TCL Smart TV 55"" 4K QLED",Televisor QLED con tecnología Quantum Dot y diseño ultra fino - Modelo 2026,630.24,131,DISCONTINUED,2025-03-31 11:01:26,2025-04-28 02:13:04
960,PROD-00940,"Hisense Smart TV 65"" 4K UHD",Pantalla grande con Dolby Vision Atmos y control por voz - Modelo 2023,913.0,74,ACTIVE,2025-10-22 21:01:35,2025-11-05 13:33:19
961,PROD-00941,"Hisense Smart TV 85"" 8K Master",Pantalla premium de máxima resolución con inteligencia artificial - Modelo 2024,2666.41,63,ACTIVE,2025-01-15 22:11:51,2025-02-21 09:31:43
962,PROD-00942,"Xiaomi Smart TV 43"" 4K UHD",Televisor inteligente con HDR10+ y sistema operativo webOS - Modelo 2025,417.59,37,ACTIVE,2025-03-29 00:19:30,2025-04-24 15:44:58
963,PROD-00943,"Panasonic Smart TV 65"" 4K UHD",Pantalla grande con Dolby Vision Atmos y control por voz - Modelo 2026,862.02,69,DISCONTINUED,2026-08-10 17:32:00,2026-08-28 15:01:01
964,PROD-00944,"Philips Smart TV 50"" 4K Crystal",Pantalla UHD con procesador Crystal 4K y PurColor - Modelo 2023,472.16,67,DISCONTINUED,2026-02-11 09:39:30,2026-03-05 13:45:26
965,PROD-00945,"LG Smart TV 43"" 4K UHD",Televisor inteligente con HDR10+ y sistema operativo webOS - Modelo 2024,403.9,26,DISCONTINUED,2025-10-24 14:29:51,2025-12-08 22:58:13
966,PROD-00946,"Sony Smart TV 55"" 4K QLED",Televisor QLED con tecnología Quantum Dot y diseño ultra fino - Modelo 2025,621.26,34,INACTIVE,2025-03-07 20:19:20,2025-04-02 22:15:10
967,PROD-00947,"Sony Smart TV 50"" 4K Crystal",Pantalla UHD con procesador Crystal 4K y PurColor - Modelo 2026,464.69,76,ACTIVE,2026-01-02 00:38:03,2026-02-01 00:11:36
968,PROD-00948,"TCL Smart TV 75"" 4K Frameless",Televisor sin bordes de gran formato con panel LED avanzado - Modelo 2023,1322.61,144,DISCONTINUED,2025-08-18 11:08:26,2025-10-05 13:04:45
969,PROD-00949,"Panasonic Smart TV 75"" 4K Frameless",Televisor sin bordes de gran formato con panel LED avanzado - Modelo 2024,1245.94,110,ACTIVE,2025-03-08 23:04:18,2025-03-12 20:53:21
970,PROD-00950,"TCL Smart TV 85"" 8K Master",Pantalla premium de máxima resolución con inteligencia artificial - Modelo 2025,2954.48,119,DISCONTINUED,2025-04-01 11:00:51,2025-05-11 11:32:11
971,PROD-00951,"Hisense Smart TV 65"" 4K UHD",Pantalla grande con Dolby Vision Atmos y control por voz - Modelo 2026,857.09,145,DISCONTINUED,2026-04-23 18:44:44,2026-06-12 11:25:21
972,PROD-00952,"Philips Smart TV 85"" 8K Master",Pantalla premium de máxima resolución con inteligencia artificial - Modelo 2023,2690.97,55,ACTIVE,2025-01-09 14:45:14,2025-02-09 10:07:25
973,PROD-00953,"Philips Smart TV 43"" 4K UHD",Televisor inteligente con HDR10+ y sistema operativo webOS - Modelo 2024,415.6,87,ACTIVE,2026-07-26 02:41:14,2026-08-02 10:39:56
974,PROD-00954,"Philips Smart TV 75"" 4K Frameless",Televisor sin bordes de gran formato con panel LED avanzado - Modelo 2025,1172.69,30,INACTIVE,2026-05-07 20:09:47,2026-05-31 04:30:01
975,PROD-00955,"Xiaomi Smart TV 40"" Full HD",Pantalla plana Full HD con puertos HDMI y USB multimedia - Modelo 2026,332.66,9,INACTIVE,2025-01-26 02:40:34,2025-03-03 03:20:45
976,PROD-00956,"Philips Smart TV 75"" 4K Frameless",Televisor sin bordes de gran formato con panel LED avanzado - Modelo 2023,1262.18,65,ACTIVE,2025-09-28 02:11:49,2025-11-09 08:47:26
977,PROD-00957,"Hisense Smart TV 32"" HD LED",Televisor LED HD con Roku integrado y sonido Dolby Audio - Modelo 2024,260.85,143,DISCONTINUED,2025-12-06 01:50:30,2025-12-19 20:48:06
978,PROD-00958,"Philips Smart TV 43"" 4K UHD",Televisor inteligente con HDR10+ y sistema operativo webOS - Modelo 2025,372.54,145,ACTIVE,2025-02-16 01:35:56,2025-03-07 11:10:44
979,PROD-00959,"TCL Smart TV 32"" HD LED",Televisor LED HD con Roku integrado y sonido Dolby Audio - Modelo 2026,263.41,130,ACTIVE,2025-01-25 04:45:36,2025-02-09 22:24:32
980,PROD-00960,"Samsung Smart TV 40"" Full HD",Pantalla plana Full HD con puertos HDMI y USB multimedia - Modelo 2023,322.35,18,ACTIVE,2026-01-16 20:32:16,2026-01-17 18:32:17
981,PROD-00961,"Panasonic Smart TV 50"" 4K Crystal",Pantalla UHD con procesador Crystal 4K y PurColor - Modelo 2024,472.5,22,ACTIVE,2026-03-11 23:51:44,2026-03-29 19:08:06
982,PROD-00962,"TCL Smart TV 32"" HD LED",Televisor LED HD con Roku integrado y sonido Dolby Audio - Modelo 2025,250.63,74,ACTIVE,2025-12-24 13:01:29,2025-12-26 02:38:01
983,PROD-00963,"LG Smart TV 65"" 4K UHD",Pantalla grande con Dolby Vision Atmos y control por voz - Modelo 2026,826.58,7,DISCONTINUED,2026-01-20 00:43:28,2026-03-10 17:57:18
984,PROD-00964,"Hisense Smart TV 65"" 4K UHD",Pantalla grande con Dolby Vision Atmos y control por voz - Modelo 2023,776.23,103,ACTIVE,2025-09-16 07:22:52,2025-10-17 03:02:37
985,PROD-00965,"LG Smart TV 65"" 4K UHD",Pantalla grande con Dolby Vision Atmos y control por voz - Modelo 2024,838.32,17,ACTIVE,2025-06-05 05:47:17,2025-06-22 03:41:59
986,PROD-00966,"TCL Smart TV 85"" 8K Master",Pantalla premium de máxima resolución con inteligencia artificial - Modelo 2025,2598.6,122,INACTIVE,2026-03-15 04:46:54,2026-04-11 01:18:39
987,PROD-00967,"Xiaomi Smart TV 40"" Full HD",Pantalla plana Full HD con puertos HDMI y USB multimedia - Modelo 2026,352.12,69,ACTIVE,2025-06-07 04:02:29,2025-07-27 14:29:16
988,PROD-00968,"Samsung Smart TV 75"" 4K Frameless",Televisor sin bordes de gran formato con panel LED avanzado - Modelo 2023,1234.8,42,ACTIVE,2025-09-27 12:00:36,2025-10-11 18:32:04
989,PROD-00969,"LG Smart TV 43"" 4K UHD",Televisor inteligente con HDR10+ y sistema operativo webOS - Modelo 2024,369.51,11,ACTIVE,2025-06-12 18:46:14,2025-07-13 21:01:06
990,PROD-00970,"Sony Smart TV 85"" 8K Master",Pantalla premium de máxima resolución con inteligencia artificial - Modelo 2025,2856.07,52,INACTIVE,2025-06-02 04:32:21,2025-06-06 10:23:39
991,PROD-00971,"Xiaomi Smart TV 40"" Full HD",Pantalla plana Full HD con puertos HDMI y USB multimedia - Modelo 2026,273.23,48,DISCONTINUED,2026-03-21 21:16:07,2026-04-21 23:36:51
992,PROD-00972,"LG Smart TV 32"" HD LED",Televisor LED HD con Roku integrado y sonido Dolby Audio - Modelo 2023,250.37,30,ACTIVE,2026-05-23 06:39:53,2026-06-24 22:33:40
993,PROD-00973,"TCL Smart TV 85"" 8K Master",Pantalla premium de máxima resolución con inteligencia artificial - Modelo 2024,2784.92,94,DISCONTINUED,2026-02-10 10:24:57,2026-03-07 17:30:24
994,PROD-00974,"TCL Smart TV 40"" Full HD",Pantalla plana Full HD con puertos HDMI y USB multimedia - Modelo 2025,336.13,43,INACTIVE,2025-12-26 18:31:17,2025-12-30 21:51:13
995,PROD-00975,"Sony Smart TV 65"" 4K UHD",Pantalla grande con Dolby Vision Atmos y control por voz - Modelo 2026,910.37,133,ACTIVE,2025-06-30 18:20:53,2025-08-15 10:08:20
996,PROD-00976,"Philips Smart TV 65"" 4K UHD",Pantalla grande con Dolby Vision Atmos y control por voz - Modelo 2023,826.17,5,INACTIVE,2026-03-22 16:21:03,2026-04-21 23:50:49
997,PROD-00977,"Sony Smart TV 32"" HD LED",Televisor LED HD con Roku integrado y sonido Dolby Audio - Modelo 2024,312.95,139,DISCONTINUED,2025-12-28 09:13:49,2026-02-11 01:42:48
998,PROD-00978,"Sony Smart TV 85"" 8K Master",Pantalla premium de máxima resolución con inteligencia artificial - Modelo 2025,2628.79,30,INACTIVE,2026-05-22 19:39:29,2026-07-02 20:00:19
999,PROD-00979,"Xiaomi Smart TV 55"" 4K QLED",Televisor QLED con tecnología Quantum Dot y diseño ultra fino - Modelo 2026,708.8,135,ACTIVE,2025-01-15 23:29:55,2025-02-24 03:54:53
1000,PROD-00980,"Panasonic Smart TV 32"" HD LED",Televisor LED HD con Roku integrado y sonido Dolby Audio - Modelo 2023,280.62,114,INACTIVE,2025-02-13 12:29:23,2025-04-01 09:53:31
1001,PROD-00981,"LG Smart TV 43"" 4K UHD",Televisor inteligente con HDR10+ y sistema operativo webOS - Modelo 2024,407.68,14,ACTIVE,2026-03-20 06:42:28,2026-04-27 18:01:00
1002,PROD-00982,"Hisense Smart TV 50"" 4K Crystal",Pantalla UHD con procesador Crystal 4K y PurColor - Modelo 2025,481.78,53,ACTIVE,2025-01-10 08:42:19,2025-01-12 13:52:17
1003,PROD-00983,"Panasonic Smart TV 50"" 4K Crystal",Pantalla UHD con procesador Crystal 4K y PurColor - Modelo 2026,481.39,116,ACTIVE,2025-05-06 17:13:40,2025-05-31 04:18:55
1004,PROD-00984,"Panasonic Smart TV 65"" 4K UHD",Pantalla grande con Dolby Vision Atmos y control por voz - Modelo 2023,821.56,53,ACTIVE,2026-01-25 03:13:34,2026-02-26 20:42:45
1005,PROD-00985,"Philips Smart TV 43"" 4K UHD",Televisor inteligente con HDR10+ y sistema operativo webOS - Modelo 2024,349.37,64,DISCONTINUED,2025-05-31 17:36:35,2025-06-05 03:13:46
1006,PROD-00986,"Sony Smart TV 65"" 4K UHD",Pantalla grande con Dolby Vision Atmos y control por voz - Modelo 2025,915.91,129,DISCONTINUED,2025-11-12 17:34:55,2025-12-20 03:38:06
1007,PROD-00987,"Sony Smart TV 75"" 4K Frameless",Televisor sin bordes de gran formato con panel LED avanzado - Modelo 2026,1196.51,131,INACTIVE,2025-09-06 00:54:02,2025-10-04 13:53:35
1008,PROD-00988,"Hisense Smart TV 55"" 4K QLED",Televisor QLED con tecnología Quantum Dot y diseño ultra fino - Modelo 2023,673.73,111,ACTIVE,2026-03-05 13:36:09,2026-04-12 07:38:41
1009,PROD-00989,"LG Smart TV 75"" 4K Frameless",Televisor sin bordes de gran formato con panel LED avanzado - Modelo 2024,1342.16,88,ACTIVE,2026-02-26 20:28:33,2026-03-18 09:35:22
1010,PROD-00990,"Panasonic Smart TV 75"" 4K Frameless",Televisor sin bordes de gran formato con panel LED avanzado - Modelo 2025,1176.07,61,DISCONTINUED,2026-07-18 14:01:09,2026-08-09 07:49:41
1011,PROD-00991,"TCL Smart TV 55"" 4K QLED",Televisor QLED con tecnología Quantum Dot y diseño ultra fino - Modelo 2026,626.56,8,ACTIVE,2025-05-03 06:18:39,2025-05-26 16:25:13
1012,PROD-00992,"Hisense Smart TV 32"" HD LED",Televisor LED HD con Roku integrado y sonido Dolby Audio - Modelo 2023,220.98,74,ACTIVE,2026-04-27 16:04:33,2026-05-24 02:39:45
1013,PROD-00993,"Sony Smart TV 50"" 4K Crystal",Pantalla UHD con procesador Crystal 4K y PurColor - Modelo 2024,505.49,146,INACTIVE,2025-05-06 12:39:31,2025-05-29 07:03:49
1014,PROD-00994,"Hisense Smart TV 43"" 4K UHD",Televisor inteligente con HDR10+ y sistema operativo webOS - Modelo 2025,432.68,110,ACTIVE,2025-10-18 16:06:38,2025-11-30 06:56:35
1015,PROD-00995,"TCL Smart TV 75"" 4K Frameless",Televisor sin bordes de gran formato con panel LED avanzado - Modelo 2026,1226.72,80,ACTIVE,2025-10-15 19:33:59,2025-12-01 04:50:58
1016,PROD-00996,"TCL Smart TV 55"" 4K QLED",Televisor QLED con tecnología Quantum Dot y diseño ultra fino - Modelo 2023,584.38,61,ACTIVE,2025-05-29 09:18:17,2025-06-21 05:11:41
1017,PROD-00997,"Hisense Smart TV 40"" Full HD",Pantalla plana Full HD con puertos HDMI y USB multimedia - Modelo 2024,318.73,125,DISCONTINUED,2026-08-14 09:36:57,2026-09-13 01:17:04
1018,PROD-00998,"Philips Smart TV 55"" 4K QLED",Televisor QLED con tecnología Quantum Dot y diseño ultra fino - Modelo 2025,716.97,148,ACTIVE,2026-04-15 21:57:40,2026-06-05 00:04:32
1019,PROD-00999,"Panasonic Smart TV 65"" 4K UHD",Pantalla grande con Dolby Vision Atmos y control por voz - Modelo 2026,854.33,119,ACTIVE,2025-01-16 13:12:45,2025-02-11 00:34:31
1020,PROD-01000,"LG Smart TV 40"" Full HD",Pantalla plana Full HD con puertos HDMI y USB multimedia - Modelo 2023,323.86,50,ACTIVE,2026-05-16 07:06:21,2026-06-10 08:12:49
1021,PROD-01001,"TCL Smart TV 32"" HD LED",Televisor LED HD con Roku integrado y sonido Dolby Audio - Modelo 2024,217.57,10,INACTIVE,2025-02-26 16:43:10,2025-04-02 22:39:28
1022,PROD-01002,"Samsung Smart TV 85"" 8K Master",Pantalla premium de máxima resolución con inteligencia artificial - Modelo 2025,2882.57,147,ACTIVE,2025-06-23 10:16:39,2025-08-05 15:57:43
1023,PROD-01003,"Sony Smart TV 50"" 4K Crystal",Pantalla UHD con procesador Crystal 4K y PurColor - Modelo 2026,428.72,4,INACTIVE,2025-01-12 23:45:16,2025-02-15 07:31:23
1024,PROD-01004,"TCL Smart TV 85"" 8K Master",Pantalla premium de máxima resolución con inteligencia artificial - Modelo 2023,2978.99,4,ACTIVE,2025-11-05 16:24:21,2025-12-19 04:16:18
1025,PROD-01005,"Panasonic Smart TV 75"" 4K Frameless",Televisor sin bordes de gran formato con panel LED avanzado - Modelo 2024,1298.71,38,INACTIVE,2025-04-01 22:35:49,2025-04-30 16:29:42
1026,PROD-01006,"LG Smart TV 65"" 4K UHD",Pantalla grande con Dolby Vision Atmos y control por voz - Modelo 2025,822.83,56,ACTIVE,2026-04-17 08:54:51,2026-05-31 20:11:25
1027,PROD-01007,"LG Smart TV 50"" 4K Crystal",Pantalla UHD con procesador Crystal 4K y PurColor - Modelo 2026,473.07,147,INACTIVE,2026-06-06 12:43:55,2026-07-02 14:27:47
1028,PROD-01008,"Philips Smart TV 43"" 4K UHD",Televisor inteligente con HDR10+ y sistema operativo webOS - Modelo 2023,386.76,132,ACTIVE,2026-03-12 04:03:33,2026-03-12 11:02:52
1029,PROD-01009,"Sony Smart TV 75"" 4K Frameless",Televisor sin bordes de gran formato con panel LED avanzado - Modelo 2024,1269.51,86,ACTIVE,2026-07-21 23:24:38,2026-09-08 10:28:05
1030,PROD-01010,"Xiaomi Smart TV 40"" Full HD",Pantalla plana Full HD con puertos HDMI y USB multimedia - Modelo 2025,349.8,14,INACTIVE,2025-07-23 08:07:43,2025-08-11 04:01:55
1031,PROD-01011,"TCL Smart TV 75"" 4K Frameless",Televisor sin bordes de gran formato con panel LED avanzado - Modelo 2026,1215.57,77,ACTIVE,2025-03-01 10:46:13,2025-03-05 20:50:03
1032,PROD-01012,"LG Smart TV 40"" Full HD",Pantalla plana Full HD con puertos HDMI y USB multimedia - Modelo 2023,337.68,122,ACTIVE,2026-02-27 00:13:30,2026-03-03 12:52:25
1033,PROD-01013,"LG Smart TV 40"" Full HD",Pantalla plana Full HD con puertos HDMI y USB multimedia - Modelo 2024,315.67,18,INACTIVE,2025-10-09 20:40:09,2025-10-12 23:38:44
1034,PROD-01014,"TCL Smart TV 40"" Full HD",Pantalla plana Full HD con puertos HDMI y USB multimedia - Modelo 2025,342.65,76,INACTIVE,2025-11-12 12:13:07,2025-12-07 18:41:09
1035,PROD-01015,"Hisense Smart TV 43"" 4K UHD",Televisor inteligente con HDR10+ y sistema operativo webOS - Modelo 2026,424.2,92,ACTIVE,2025-01-21 02:23:48,2025-03-03 15:21:32
1036,PROD-01016,"Philips Smart TV 40"" Full HD",Pantalla plana Full HD con puertos HDMI y USB multimedia - Modelo 2023,348.59,58,ACTIVE,2026-08-05 20:46:08,2026-08-09 20:52:03
1037,PROD-01017,"Panasonic Smart TV 65"" 4K UHD",Pantalla grande con Dolby Vision Atmos y control por voz - Modelo 2024,867.29,17,ACTIVE,2025-12-13 03:01:12,2025-12-13 03:01:57
1038,PROD-01018,"LG Smart TV 50"" 4K Crystal",Pantalla UHD con procesador Crystal 4K y PurColor - Modelo 2025,445.82,2,INACTIVE,2025-07-24 11:12:08,2025-08-17 16:35:16
1039,PROD-01019,"Philips Smart TV 75"" 4K Frameless",Televisor sin bordes de gran formato con panel LED avanzado - Modelo 2026,1273.89,147,DISCONTINUED,2025-02-13 23:52:33,2025-03-27 00:17:15
1040,PROD-01020,"Philips Smart TV 40"" Full HD",Pantalla plana Full HD con puertos HDMI y USB multimedia - Modelo 2023,326.92,87,ACTIVE,2026-02-01 21:28:29,2026-03-17 14:40:47
1041,PROD-01021,"Sony Smart TV 65"" 4K UHD",Pantalla grande con Dolby Vision Atmos y control por voz - Modelo 2024,908.26,53,ACTIVE,2025-10-12 14:30:59,2025-11-19 14:12:15
1042,PROD-01022,"Sony Smart TV 55"" 4K QLED",Televisor QLED con tecnología Quantum Dot y diseño ultra fino - Modelo 2025,645.25,54,ACTIVE,2025-06-07 14:23:40,2025-07-03 21:40:40
1043,PROD-01023,"Samsung Smart TV 75"" 4K Frameless",Televisor sin bordes de gran formato con panel LED avanzado - Modelo 2026,1320.31,139,DISCONTINUED,2026-01-09 04:10:36,2026-02-06 15:42:45
1044,PROD-01024,"TCL Smart TV 65"" 4K UHD",Pantalla grande con Dolby Vision Atmos y control por voz - Modelo 2023,954.52,12,ACTIVE,2025-05-23 10:38:02,2025-06-26 04:57:41
1045,PROD-01025,"Samsung Smart TV 85"" 8K Master",Pantalla premium de máxima resolución con inteligencia artificial - Modelo 2024,2905.95,118,ACTIVE,2026-06-03 14:02:45,2026-07-20 00:10:56
1046,PROD-01026,"Hisense Smart TV 65"" 4K UHD",Pantalla grande con Dolby Vision Atmos y control por voz - Modelo 2025,950.28,34,ACTIVE,2025-10-12 08:40:07,2025-11-13 05:40:28
1047,PROD-01027,"Xiaomi Smart TV 55"" 4K QLED",Televisor QLED con tecnología Quantum Dot y diseño ultra fino - Modelo 2026,663.82,110,ACTIVE,2025-07-25 12:48:56,2025-08-07 10:45:26
1048,PROD-01028,"Sony Smart TV 43"" 4K UHD",Televisor inteligente con HDR10+ y sistema operativo webOS - Modelo 2023,412.9,113,INACTIVE,2026-07-12 14:59:51,2026-08-10 08:17:14
1049,PROD-01029,"TCL Smart TV 40"" Full HD",Pantalla plana Full HD con puertos HDMI y USB multimedia - Modelo 2024,328.56,69,DISCONTINUED,2025-04-13 13:09:38,2025-05-04 08:19:00
1050,PROD-01030,"Philips Smart TV 50"" 4K Crystal",Pantalla UHD con procesador Crystal 4K y PurColor - Modelo 2025,515.78,28,DISCONTINUED,2026-02-20 15:18:24,2026-02-26 14:42:59
1051,PROD-01031,"Samsung Smart TV 55"" 4K QLED",Televisor QLED con tecnología Quantum Dot y diseño ultra fino - Modelo 2026,667.36,35,ACTIVE,2026-05-18 11:05:44,2026-05-21 00:19:56
1052,PROD-01032,"Samsung Smart TV 50"" 4K Crystal",Pantalla UHD con procesador Crystal 4K y PurColor - Modelo 2023,467.31,103,INACTIVE,2025-06-24 15:22:41,2025-07-28 16:39:18
1053,PROD-01033,"Panasonic Smart TV 75"" 4K Frameless",Televisor sin bordes de gran formato con panel LED avanzado - Modelo 2024,1277.92,113,ACTIVE,2025-05-05 07:47:49,2025-06-06 12:55:31
1054,PROD-01034,"Xiaomi Smart TV 40"" Full HD",Pantalla plana Full HD con puertos HDMI y USB multimedia - Modelo 2025,339.56,116,INACTIVE,2026-04-07 18:34:46,2026-05-10 14:33:34
1055,PROD-01035,"LG Smart TV 32"" HD LED",Televisor LED HD con Roku integrado y sonido Dolby Audio - Modelo 2026,253.07,61,INACTIVE,2026-07-18 04:52:26,2026-07-18 07:52:47
1056,PROD-01036,"Samsung Smart TV 75"" 4K Frameless",Televisor sin bordes de gran formato con panel LED avanzado - Modelo 2023,1267.09,7,ACTIVE,2026-07-04 09:47:06,2026-07-17 09:34:26
1057,PROD-01037,"LG Smart TV 85"" 8K Master",Pantalla premium de máxima resolución con inteligencia artificial - Modelo 2024,2894.41,94,ACTIVE,2025-05-24 16:29:47,2025-05-28 12:01:52
1058,PROD-01038,"Panasonic Smart TV 75"" 4K Frameless",Televisor sin bordes de gran formato con panel LED avanzado - Modelo 2025,1247.85,108,ACTIVE,2026-07-10 11:38:30,2026-07-22 08:38:58
1059,PROD-01039,"Philips Smart TV 40"" Full HD",Pantalla plana Full HD con puertos HDMI y USB multimedia - Modelo 2026,276.53,112,ACTIVE,2026-03-22 12:11:39,2026-04-26 07:24:46
1060,PROD-01040,"Panasonic Smart TV 75"" 4K Frameless",Televisor sin bordes de gran formato con panel LED avanzado - Modelo 2023,1160.28,129,DISCONTINUED,2025-12-01 04:33:43,2026-01-18 16:45:01
1061,PROD-01041,"Sony Smart TV 55"" 4K QLED",Televisor QLED con tecnología Quantum Dot y diseño ultra fino - Modelo 2024,588.02,137,ACTIVE,2025-11-26 10:20:23,2025-12-07 16:17:06
1062,PROD-01042,"Xiaomi Smart TV 32"" HD LED",Televisor LED HD con Roku integrado y sonido Dolby Audio - Modelo 2025,215.23,6,INACTIVE,2025-10-16 03:36:43,2025-11-07 07:21:52
1063,PROD-01043,"Sony Smart TV 50"" 4K Crystal",Pantalla UHD con procesador Crystal 4K y PurColor - Modelo 2026,491.93,131,ACTIVE,2025-07-17 21:34:21,2025-08-13 12:39:53
1064,PROD-01044,"Samsung Smart TV 55"" 4K QLED",Televisor QLED con tecnología Quantum Dot y diseño ultra fino - Modelo 2023,613.69,13,INACTIVE,2026-02-24 23:47:34,2026-03-15 17:48:10
1065,PROD-01045,"TCL Smart TV 75"" 4K Frameless",Televisor sin bordes de gran formato con panel LED avanzado - Modelo 2024,1253.29,130,DISCONTINUED,2025-10-01 12:25:24,2025-10-28 07:19:19
1066,PROD-01046,"Sony Smart TV 85"" 8K Master",Pantalla premium de máxima resolución con inteligencia artificial - Modelo 2025,2827.01,118,ACTIVE,2026-07-19 13:32:59,2026-08-26 04:16:29
1067,PROD-01047,"LG Smart TV 50"" 4K Crystal",Pantalla UHD con procesador Crystal 4K y PurColor - Modelo 2026,493.26,92,ACTIVE,2026-08-23 09:12:22,2026-08-30 21:17:11
1068,PROD-01048,"Xiaomi Smart TV 32"" HD LED",Televisor LED HD con Roku integrado y sonido Dolby Audio - Modelo 2023,266.07,104,ACTIVE,2026-05-22 13:33:39,2026-05-24 03:15:16
1069,PROD-01049,"TCL Smart TV 55"" 4K QLED",Televisor QLED con tecnología Quantum Dot y diseño ultra fino - Modelo 2024,643.9,16,DISCONTINUED,2025-12-13 02:57:23,2026-01-06 04:08:16
1070,PROD-01050,"Xiaomi Smart TV 85"" 8K Master",Pantalla premium de máxima resolución con inteligencia artificial - Modelo 2025,2768.13,105,ACTIVE,2026-08-07 12:25:23,2026-09-03 20:34:04
1071,PROD-01051,"Hisense Smart TV 55"" 4K QLED",Televisor QLED con tecnología Quantum Dot y diseño ultra fino - Modelo 2026,603.89,125,ACTIVE,2026-03-06 13:43:54,2026-03-07 06:54:02
1072,PROD-01052,"Philips Smart TV 32"" HD LED",Televisor LED HD con Roku integrado y sonido Dolby Audio - Modelo 2023,195.62,71,ACTIVE,2025-11-13 18:17:55,2025-12-18 06:20:20
1073,PROD-01053,"TCL Smart TV 50"" 4K Crystal",Pantalla UHD con procesador Crystal 4K y PurColor - Modelo 2024,451.5,79,DISCONTINUED,2026-05-26 01:20:51,2026-05-27 13:53:07
1074,PROD-01054,"Philips Smart TV 43"" 4K UHD",Televisor inteligente con HDR10+ y sistema operativo webOS - Modelo 2025,436.28,87,DISCONTINUED,2025-05-20 21:36:23,2025-06-19 16:58:10
1075,PROD-01055,"Sony Smart TV 55"" 4K QLED",Televisor QLED con tecnología Quantum Dot y diseño ultra fino - Modelo 2026,675.64,138,ACTIVE,2025-12-20 07:33:12,2026-02-03 13:44:53
1076,PROD-01056,"LG Smart TV 85"" 8K Master",Pantalla premium de máxima resolución con inteligencia artificial - Modelo 2023,2862.87,82,INACTIVE,2025-10-27 03:53:10,2025-11-24 12:49:51
1077,PROD-01057,"Philips Smart TV 50"" 4K Crystal",Pantalla UHD con procesador Crystal 4K y PurColor - Modelo 2024,460.32,25,ACTIVE,2025-10-26 10:54:48,2025-11-04 22:31:37
1078,PROD-01058,"Samsung Smart TV 75"" 4K Frameless",Televisor sin bordes de gran formato con panel LED avanzado - Modelo 2025,1144.37,2,ACTIVE,2025-10-08 15:43:30,2025-10-23 05:05:49
1079,PROD-01059,"Xiaomi Smart TV 65"" 4K UHD",Pantalla grande con Dolby Vision Atmos y control por voz - Modelo 2026,922.01,125,ACTIVE,2025-12-06 06:55:57,2025-12-07 08:58:30
1080,PROD-01060,"Sony Smart TV 85"" 8K Master",Pantalla premium de máxima resolución con inteligencia artificial - Modelo 2023,2680.69,132,ACTIVE,2026-05-14 21:26:44,2026-06-14 15:42:53
1081,PROD-01061,"TCL Smart TV 55"" 4K QLED",Televisor QLED con tecnología Quantum Dot y diseño ultra fino - Modelo 2024,697.54,50,ACTIVE,2026-03-21 02:20:47,2026-05-06 23:00:00
1082,PROD-01062,"Sony Smart TV 40"" Full HD",Pantalla plana Full HD con puertos HDMI y USB multimedia - Modelo 2025,290.77,44,ACTIVE,2026-05-03 07:50:20,2026-05-28 19:26:19
1083,PROD-01063,"Xiaomi Smart TV 65"" 4K UHD",Pantalla grande con Dolby Vision Atmos y control por voz - Modelo 2026,877.25,119,INACTIVE,2026-05-10 04:29:15,2026-06-21 17:22:22
1084,PROD-01064,"Panasonic Smart TV 43"" 4K UHD",Televisor inteligente con HDR10+ y sistema operativo webOS - Modelo 2023,405.86,64,ACTIVE,2025-09-21 22:51:28,2025-10-25 11:21:16
1085,PROD-01065,"Panasonic Smart TV 85"" 8K Master",Pantalla premium de máxima resolución con inteligencia artificial - Modelo 2024,2681.45,36,ACTIVE,2026-02-23 08:24:10,2026-03-08 02:21:48
1086,PROD-01066,"Sony Smart TV 32"" HD LED",Televisor LED HD con Roku integrado y sonido Dolby Audio - Modelo 2025,222.46,82,ACTIVE,2025-11-25 14:27:47,2025-12-10 05:40:07
1087,PROD-01067,"Samsung Smart TV 55"" 4K QLED",Televisor QLED con tecnología Quantum Dot y diseño ultra fino - Modelo 2026,650.32,45,DISCONTINUED,2026-06-11 09:17:15,2026-07-15 02:37:52
1088,PROD-01068,"TCL Smart TV 75"" 4K Frameless",Televisor sin bordes de gran formato con panel LED avanzado - Modelo 2023,1300.79,140,ACTIVE,2026-07-30 23:39:23,2026-08-21 19:04:18
1089,PROD-01069,"Hisense Smart TV 50"" 4K Crystal",Pantalla UHD con procesador Crystal 4K y PurColor - Modelo 2024,470.18,77,ACTIVE,2025-07-16 19:42:51,2025-08-09 02:17:10
1090,PROD-01070,"Xiaomi Smart TV 32"" HD LED",Televisor LED HD con Roku integrado y sonido Dolby Audio - Modelo 2025,287.83,71,ACTIVE,2026-02-14 07:40:13,2026-02-26 21:38:58
1091,PROD-01071,"TCL Smart TV 55"" 4K QLED",Televisor QLED con tecnología Quantum Dot y diseño ultra fino - Modelo 2026,610.38,147,ACTIVE,2026-01-16 20:48:20,2026-01-26 22:17:45
1092,PROD-01072,"Panasonic Smart TV 50"" 4K Crystal",Pantalla UHD con procesador Crystal 4K y PurColor - Modelo 2023,502.02,123,ACTIVE,2025-09-11 12:11:09,2025-10-28 02:16:32
1093,PROD-01073,"LG Smart TV 85"" 8K Master",Pantalla premium de máxima resolución con inteligencia artificial - Modelo 2024,2899.29,41,INACTIVE,2025-05-12 01:56:36,2025-05-27 23:18:34
1094,PROD-01074,"Xiaomi Smart TV 55"" 4K QLED",Televisor QLED con tecnología Quantum Dot y diseño ultra fino - Modelo 2025,575.47,89,DISCONTINUED,2025-04-11 14:24:52,2025-05-31 19:01:53
1095,PROD-01075,"Philips Smart TV 65"" 4K UHD",Pantalla grande con Dolby Vision Atmos y control por voz - Modelo 2026,780.16,51,ACTIVE,2026-08-20 16:13:06,2026-10-05 09:49:54
1096,PROD-01076,"Panasonic Smart TV 50"" 4K Crystal",Pantalla UHD con procesador Crystal 4K y PurColor - Modelo 2023,528.26,26,DISCONTINUED,2025-06-04 22:44:26,2025-06-05 01:16:45
1097,PROD-01077,"Sony Smart TV 40"" Full HD",Pantalla plana Full HD con puertos HDMI y USB multimedia - Modelo 2024,337.02,12,ACTIVE,2026-06-25 17:31:07,2026-06-30 11:59:53
1098,PROD-01078,"Hisense Smart TV 32"" HD LED",Televisor LED HD con Roku integrado y sonido Dolby Audio - Modelo 2025,241.47,119,ACTIVE,2025-09-07 11:23:36,2025-10-03 12:37:50
1099,PROD-01079,"Panasonic Smart TV 43"" 4K UHD",Televisor inteligente con HDR10+ y sistema operativo webOS - Modelo 2026,413.67,112,INACTIVE,2026-04-30 17:29:08,2026-05-03 04:56:23
1100,PROD-01080,"Samsung Smart TV 75"" 4K Frameless",Televisor sin bordes de gran formato con panel LED avanzado - Modelo 2023,1218.83,119,ACTIVE,2025-09-06 22:54:14,2025-10-02 16:34:53
1101,PROD-01081,"TCL Smart TV 75"" 4K Frameless",Televisor sin bordes de gran formato con panel LED avanzado - Modelo 2024,1356.94,8,INACTIVE,2026-03-06 04:30:12,2026-04-05 19:38:05
1102,PROD-01082,"Hisense Smart TV 65"" 4K UHD",Pantalla grande con Dolby Vision Atmos y control por voz - Modelo 2025,871.64,30,ACTIVE,2025-12-25 04:59:45,2026-01-09 23:23:24
1103,PROD-01083,"TCL Smart TV 50"" 4K Crystal",Pantalla UHD con procesador Crystal 4K y PurColor - Modelo 2026,519.03,67,DISCONTINUED,2026-02-06 12:04:34,2026-02-11 05:14:50
1104,PROD-01084,"LG Smart TV 65"" 4K UHD",Pantalla grande con Dolby Vision Atmos y control por voz - Modelo 2023,882.51,103,ACTIVE,2025-02-10 21:56:32,2025-03-12 08:16:25
1105,PROD-01085,"Panasonic Smart TV 55"" 4K QLED",Televisor QLED con tecnología Quantum Dot y diseño ultra fino - Modelo 2024,673.86,76,DISCONTINUED,2025-03-04 18:37:43,2025-03-12 20:24:11
1106,PROD-01086,"Hisense Smart TV 50"" 4K Crystal",Pantalla UHD con procesador Crystal 4K y PurColor - Modelo 2025,466.93,134,ACTIVE,2026-05-11 16:36:16,2026-06-14 15:45:21
1107,PROD-01087,"Panasonic Smart TV 85"" 8K Master",Pantalla premium de máxima resolución con inteligencia artificial - Modelo 2026,2586.42,22,ACTIVE,2026-01-28 01:33:01,2026-03-18 21:21:18
1108,PROD-01088,"Hisense Smart TV 65"" 4K UHD",Pantalla grande con Dolby Vision Atmos y control por voz - Modelo 2023,951.08,51,ACTIVE,2026-06-17 05:06:33,2026-07-29 19:46:35
1109,PROD-01089,"Hisense Smart TV 75"" 4K Frameless",Televisor sin bordes de gran formato con panel LED avanzado - Modelo 2024,1193.97,117,DISCONTINUED,2025-01-01 18:16:40,2025-02-02 02:35:42
1110,PROD-01090,"Sony Smart TV 85"" 8K Master",Pantalla premium de máxima resolución con inteligencia artificial - Modelo 2025,2728.16,8,ACTIVE,2025-02-14 20:12:39,2025-04-03 17:02:28
1111,PROD-01091,"LG Smart TV 40"" Full HD",Pantalla plana Full HD con puertos HDMI y USB multimedia - Modelo 2026,294.68,44,DISCONTINUED,2025-09-05 16:46:56,2025-10-19 20:47:57
1112,PROD-01092,"Samsung Smart TV 55"" 4K QLED",Televisor QLED con tecnología Quantum Dot y diseño ultra fino - Modelo 2023,581.29,22,INACTIVE,2026-01-30 15:23:08,2026-03-20 08:51:50
1113,PROD-01093,"Xiaomi Smart TV 40"" Full HD",Pantalla plana Full HD con puertos HDMI y USB multimedia - Modelo 2024,373.61,27,INACTIVE,2026-06-07 08:46:56,2026-07-21 06:59:29
1114,PROD-01094,"Sony Smart TV 50"" 4K Crystal",Pantalla UHD con procesador Crystal 4K y PurColor - Modelo 2025,440.68,93,ACTIVE,2025-10-29 04:40:24,2025-11-21 01:07:55
1115,PROD-01095,"Xiaomi Smart TV 50"" 4K Crystal",Pantalla UHD con procesador Crystal 4K y PurColor - Modelo 2026,507.89,62,ACTIVE,2025-06-09 17:08:35,2025-06-24 04:24:58
1116,PROD-01096,"Panasonic Smart TV 55"" 4K QLED",Televisor QLED con tecnología Quantum Dot y diseño ultra fino - Modelo 2023,654.67,88,INACTIVE,2026-03-01 07:46:39,2026-04-12 11:04:38
1117,PROD-01097,"Hisense Smart TV 55"" 4K QLED",Televisor QLED con tecnología Quantum Dot y diseño ultra fino - Modelo 2024,642.54,141,ACTIVE,2026-04-25 04:44:59,2026-04-26 08:41:42
1118,PROD-01098,"Hisense Smart TV 32"" HD LED",Televisor LED HD con Roku integrado y sonido Dolby Audio - Modelo 2025,263.8,132,INACTIVE,2025-06-18 01:23:21,2025-08-05 11:39:05
1119,PROD-01099,"TCL Smart TV 32"" HD LED",Televisor LED HD con Roku integrado y sonido Dolby Audio - Modelo 2026,237.55,25,ACTIVE,2025-01-22 19:51:01,2025-02-26 08:00:21
1120,PROD-01100,"Panasonic Smart TV 85"" 8K Master",Pantalla premium de máxima resolución con inteligencia artificial - Modelo 2023,2922.51,36,DISCONTINUED,2026-01-19 11:16:22,2026-02-09 01:20:30
1121,PROD-01101,"Samsung Smart TV 75"" 4K Frameless",Televisor sin bordes de gran formato con panel LED avanzado - Modelo 2024,1333.3,83,ACTIVE,2026-03-05 18:28:48,2026-03-22 09:04:42
1122,PROD-01102,"Hisense Smart TV 55"" 4K QLED",Televisor QLED con tecnología Quantum Dot y diseño ultra fino - Modelo 2025,703.66,86,DISCONTINUED,2025-05-28 16:21:17,2025-06-20 04:33:08
1123,PROD-01103,"LG Smart TV 50"" 4K Crystal",Pantalla UHD con procesador Crystal 4K y PurColor - Modelo 2026,497.27,118,INACTIVE,2025-09-04 18:46:48,2025-09-18 12:09:19
1124,PROD-01104,"Xiaomi Smart TV 55"" 4K QLED",Televisor QLED con tecnología Quantum Dot y diseño ultra fino - Modelo 2023,611.55,6,INACTIVE,2026-02-10 11:36:20,2026-02-10 12:17:55
1125,PROD-01105,"Samsung Smart TV 65"" 4K UHD",Pantalla grande con Dolby Vision Atmos y control por voz - Modelo 2024,953.59,114,ACTIVE,2025-12-02 17:01:39,2025-12-10 21:45:30
1126,PROD-01106,"Philips Smart TV 40"" Full HD",Pantalla plana Full HD con puertos HDMI y USB multimedia - Modelo 2025,328.72,90,INACTIVE,2025-04-13 11:02:15,2025-05-13 03:13:17
1127,PROD-01107,"Sony Smart TV 32"" HD LED",Televisor LED HD con Roku integrado y sonido Dolby Audio - Modelo 2026,298.13,147,ACTIVE,2025-06-04 18:57:36,2025-07-05 09:36:30
1128,PROD-01108,"TCL Smart TV 43"" 4K UHD",Televisor inteligente con HDR10+ y sistema operativo webOS - Modelo 2023,357.96,121,ACTIVE,2026-05-10 19:37:18,2026-05-15 13:00:49
1129,PROD-01109,"LG Smart TV 40"" Full HD",Pantalla plana Full HD con puertos HDMI y USB multimedia - Modelo 2024,278.91,16,ACTIVE,2025-12-12 12:44:56,2026-01-07 23:34:43
1130,PROD-01110,"Hisense Smart TV 32"" HD LED",Televisor LED HD con Roku integrado y sonido Dolby Audio - Modelo 2025,236.9,48,ACTIVE,2025-03-08 11:52:10,2025-04-15 16:52:02
1131,PROD-01111,"Xiaomi Smart TV 85"" 8K Master",Pantalla premium de máxima resolución con inteligencia artificial - Modelo 2026,2858.83,78,DISCONTINUED,2026-07-22 21:16:53,2026-07-27 06:58:52
1132,PROD-01112,"Sony Smart TV 65"" 4K UHD",Pantalla grande con Dolby Vision Atmos y control por voz - Modelo 2023,908.39,123,ACTIVE,2025-07-11 08:01:23,2025-07-26 02:41:36
1133,PROD-01113,"Samsung Smart TV 43"" 4K UHD",Televisor inteligente con HDR10+ y sistema operativo webOS - Modelo 2024,392.93,34,DISCONTINUED,2025-12-14 08:57:42,2025-12-15 15:02:40
1134,PROD-01114,"Panasonic Smart TV 50"" 4K Crystal",Pantalla UHD con procesador Crystal 4K y PurColor - Modelo 2025,480.31,137,DISCONTINUED,2025-06-19 14:53:34,2025-07-10 16:10:28
1135,PROD-01115,"Hisense Smart TV 55"" 4K QLED",Televisor QLED con tecnología Quantum Dot y diseño ultra fino - Modelo 2026,573.5,82,DISCONTINUED,2025-03-19 10:10:07,2025-04-09 16:22:04
1136,PROD-01116,"Philips Smart TV 75"" 4K Frameless",Televisor sin bordes de gran formato con panel LED avanzado - Modelo 2023,1228.14,2,ACTIVE,2025-07-29 17:29:33,2025-08-23 18:38:37
1137,PROD-01117,"Philips Smart TV 50"" 4K Crystal",Pantalla UHD con procesador Crystal 4K y PurColor - Modelo 2024,547.67,137,INACTIVE,2025-03-12 14:13:17,2025-04-30 01:43:20
1138,PROD-01118,"Philips Smart TV 40"" Full HD",Pantalla plana Full HD con puertos HDMI y USB multimedia - Modelo 2025,312.13,13,ACTIVE,2025-10-01 01:01:46,2025-11-10 18:27:57
1139,PROD-01119,"Samsung Smart TV 43"" 4K UHD",Televisor inteligente con HDR10+ y sistema operativo webOS - Modelo 2026,387.61,88,ACTIVE,2025-02-09 17:33:48,2025-03-09 01:40:13
1140,PROD-01120,"TCL Smart TV 85"" 8K Master",Pantalla premium de máxima resolución con inteligencia artificial - Modelo 2023,2795.99,60,ACTIVE,2025-09-04 09:54:52,2025-09-06 21:05:57
1141,PROD-01121,"Hisense Smart TV 43"" 4K UHD",Televisor inteligente con HDR10+ y sistema operativo webOS - Modelo 2024,392.45,76,DISCONTINUED,2026-02-05 05:53:59,2026-02-13 10:22:41
1142,PROD-01122,"Panasonic Smart TV 65"" 4K UHD",Pantalla grande con Dolby Vision Atmos y control por voz - Modelo 2025,836.89,122,ACTIVE,2025-03-02 10:49:29,2025-04-09 04:20:57
1143,PROD-01123,"LG Smart TV 75"" 4K Frameless",Televisor sin bordes de gran formato con panel LED avanzado - Modelo 2026,1263.52,129,DISCONTINUED,2025-04-22 17:18:05,2025-05-09 16:36:11
1144,PROD-01124,"Panasonic Smart TV 50"" 4K Crystal",Pantalla UHD con procesador Crystal 4K y PurColor - Modelo 2023,422.31,128,ACTIVE,2025-08-25 01:15:07,2025-10-04 13:12:27
1145,PROD-01125,"Panasonic Smart TV 65"" 4K UHD",Pantalla grande con Dolby Vision Atmos y control por voz - Modelo 2024,895.26,15,ACTIVE,2026-03-31 15:05:28,2026-04-29 23:33:46
1146,PROD-01126,"Samsung Smart TV 50"" 4K Crystal",Pantalla UHD con procesador Crystal 4K y PurColor - Modelo 2025,483.92,63,ACTIVE,2025-01-15 11:13:05,2025-02-06 14:32:38
1147,PROD-01127,"LG Smart TV 65"" 4K UHD",Pantalla grande con Dolby Vision Atmos y control por voz - Modelo 2026,865.73,86,DISCONTINUED,2026-01-13 11:54:56,2026-02-08 21:23:47
1148,PROD-01128,"Philips Smart TV 55"" 4K QLED",Televisor QLED con tecnología Quantum Dot y diseño ultra fino - Modelo 2023,626.8,56,ACTIVE,2025-02-22 18:05:55,2025-03-22 01:31:57
1149,PROD-01129,"Xiaomi Smart TV 40"" Full HD",Pantalla plana Full HD con puertos HDMI y USB multimedia - Modelo 2024,321.33,85,ACTIVE,2025-07-23 15:03:19,2025-08-17 14:50:25
1150,PROD-01130,"Samsung Smart TV 65"" 4K UHD",Pantalla grande con Dolby Vision Atmos y control por voz - Modelo 2025,796.28,115,INACTIVE,2026-06-01 23:48:39,2026-07-02 04:49:45
1151,PROD-01131,"Samsung Smart TV 40"" Full HD",Pantalla plana Full HD con puertos HDMI y USB multimedia - Modelo 2026,317.37,89,DISCONTINUED,2025-12-10 01:46:02,2026-01-24 00:35:54
1152,PROD-01132,"LG Smart TV 32"" HD LED",Televisor LED HD con Roku integrado y sonido Dolby Audio - Modelo 2023,239.87,119,ACTIVE,2026-07-23 09:55:23,2026-08-12 09:26:09
1153,PROD-01133,"Panasonic Smart TV 50"" 4K Crystal",Pantalla UHD con procesador Crystal 4K y PurColor - Modelo 2024,453.6,49,ACTIVE,2025-09-16 22:03:09,2025-10-13 08:42:20
1154,PROD-01134,"Panasonic Smart TV 43"" 4K UHD",Televisor inteligente con HDR10+ y sistema operativo webOS - Modelo 2025,423.85,3,INACTIVE,2025-06-10 18:44:05,2025-06-12 18:47:38
1155,PROD-01135,"Samsung Smart TV 40"" Full HD",Pantalla plana Full HD con puertos HDMI y USB multimedia - Modelo 2026,376.91,9,DISCONTINUED,2025-04-20 02:12:46,2025-04-21 15:41:46
1156,PROD-01136,"Panasonic Smart TV 50"" 4K Crystal",Pantalla UHD con procesador Crystal 4K y PurColor - Modelo 2023,522.69,88,ACTIVE,2026-04-08 22:08:10,2026-04-16 07:45:47
1157,PROD-01137,"Hisense Smart TV 65"" 4K UHD",Pantalla grande con Dolby Vision Atmos y control por voz - Modelo 2024,875.2,65,ACTIVE,2025-01-09 00:28:27,2025-02-08 18:41:41
1158,PROD-01138,"Sony Smart TV 43"" 4K UHD",Televisor inteligente con HDR10+ y sistema operativo webOS - Modelo 2025,439.84,102,DISCONTINUED,2025-01-13 04:15:15,2025-02-28 07:33:59
1159,PROD-01139,"Philips Smart TV 32"" HD LED",Televisor LED HD con Roku integrado y sonido Dolby Audio - Modelo 2026,304.08,64,ACTIVE,2025-04-02 15:39:11,2025-04-22 03:54:09
1160,PROD-01140,"Panasonic Smart TV 75"" 4K Frameless",Televisor sin bordes de gran formato con panel LED avanzado - Modelo 2023,1330.84,55,DISCONTINUED,2025-01-07 22:47:59,2025-02-20 17:34:48
1161,PROD-01141,"Panasonic Smart TV 75"" 4K Frameless",Televisor sin bordes de gran formato con panel LED avanzado - Modelo 2024,1328.01,27,ACTIVE,2025-01-04 05:25:53,2025-02-23 11:18:21
1162,PROD-01142,"TCL Smart TV 50"" 4K Crystal",Pantalla UHD con procesador Crystal 4K y PurColor - Modelo 2025,457.25,129,DISCONTINUED,2025-10-13 15:23:42,2025-11-18 14:55:29
1163,PROD-01143,"Philips Smart TV 32"" HD LED",Televisor LED HD con Roku integrado y sonido Dolby Audio - Modelo 2026,266.48,22,INACTIVE,2025-06-29 14:31:08,2025-08-05 23:54:35
1164,PROD-01144,"Hisense Smart TV 75"" 4K Frameless",Televisor sin bordes de gran formato con panel LED avanzado - Modelo 2023,1226.05,41,ACTIVE,2025-04-20 15:30:59,2025-05-14 17:29:47
1165,PROD-01145,"Sony Smart TV 65"" 4K UHD",Pantalla grande con Dolby Vision Atmos y control por voz - Modelo 2024,766.78,49,DISCONTINUED,2026-05-10 16:05:09,2026-06-14 18:29:18
1166,PROD-01146,"TCL Smart TV 50"" 4K Crystal",Pantalla UHD con procesador Crystal 4K y PurColor - Modelo 2025,475.89,68,ACTIVE,2026-04-12 03:30:31,2026-05-02 16:12:20
1167,PROD-01147,"Samsung Smart TV 65"" 4K UHD",Pantalla grande con Dolby Vision Atmos y control por voz - Modelo 2026,884.46,43,INACTIVE,2025-06-22 12:46:22,2025-08-06 17:12:04
1168,PROD-01148,"Panasonic Smart TV 65"" 4K UHD",Pantalla grande con Dolby Vision Atmos y control por voz - Modelo 2023,805.8,83,ACTIVE,2025-05-24 10:07:37,2025-05-29 18:13:59
1169,PROD-01149,"Hisense Smart TV 40"" Full HD",Pantalla plana Full HD con puertos HDMI y USB multimedia - Modelo 2024,338.58,66,ACTIVE,2025-09-20 10:36:05,2025-10-22 04:14:09
1170,PROD-01150,"Samsung Smart TV 65"" 4K UHD",Pantalla grande con Dolby Vision Atmos y control por voz - Modelo 2025,953.15,54,ACTIVE,2025-07-17 15:23:26,2025-07-27 20:46:11
1171,PROD-01151,"Hisense Smart TV 65"" 4K UHD",Pantalla grande con Dolby Vision Atmos y control por voz - Modelo 2026,772.21,110,ACTIVE,2026-08-21 14:52:44,2026-09-04 06:19:24
1172,PROD-01152,"Hisense Smart TV 50"" 4K Crystal",Pantalla UHD con procesador Crystal 4K y PurColor - Modelo 2023,434.34,37,ACTIVE,2025-07-01 00:04:52,2025-07-13 16:23:40
1173,PROD-01153,"Sony Smart TV 65"" 4K UHD",Pantalla grande con Dolby Vision Atmos y control por voz - Modelo 2024,892.55,65,ACTIVE,2026-02-02 07:40:18,2026-03-13 19:51:24
1174,PROD-01154,"TCL Smart TV 43"" 4K UHD",Televisor inteligente con HDR10+ y sistema operativo webOS - Modelo 2025,455.3,99,DISCONTINUED,2026-08-21 17:27:05,2026-09-18 20:29:15
1175,PROD-01155,"TCL Smart TV 43"" 4K UHD",Televisor inteligente con HDR10+ y sistema operativo webOS - Modelo 2026,415.74,31,INACTIVE,2025-08-27 13:59:32,2025-09-20 08:45:18
1176,PROD-01156,"TCL Smart TV 55"" 4K QLED",Televisor QLED con tecnología Quantum Dot y diseño ultra fino - Modelo 2023,622.29,22,DISCONTINUED,2025-12-02 03:47:17,2026-01-10 18:16:13
1177,PROD-01157,"Xiaomi Smart TV 50"" 4K Crystal",Pantalla UHD con procesador Crystal 4K y PurColor - Modelo 2024,514.78,95,ACTIVE,2025-06-04 14:29:33,2025-07-02 10:50:18
1178,PROD-01158,"TCL Smart TV 50"" 4K Crystal",Pantalla UHD con procesador Crystal 4K y PurColor - Modelo 2025,476.82,120,DISCONTINUED,2025-09-30 23:01:40,2025-10-26 04:12:07
1179,PROD-01159,"LG Smart TV 40"" Full HD",Pantalla plana Full HD con puertos HDMI y USB multimedia - Modelo 2026,260.96,150,ACTIVE,2025-03-02 19:03:19,2025-04-14 21:26:48
1180,PROD-01160,"Xiaomi Smart TV 32"" HD LED",Televisor LED HD con Roku integrado y sonido Dolby Audio - Modelo 2023,250.39,112,ACTIVE,2025-02-23 19:39:50,2025-03-01 12:34:34
1181,PROD-01161,"Sony Smart TV 40"" Full HD",Pantalla plana Full HD con puertos HDMI y USB multimedia - Modelo 2024,332.84,107,ACTIVE,2025-08-04 20:53:47,2025-09-11 23:28:01
1182,PROD-01162,"LG Smart TV 32"" HD LED",Televisor LED HD con Roku integrado y sonido Dolby Audio - Modelo 2025,197.9,83,DISCONTINUED,2026-06-11 21:01:08,2026-07-19 12:52:53
1183,PROD-01163,"Hisense Smart TV 50"" 4K Crystal",Pantalla UHD con procesador Crystal 4K y PurColor - Modelo 2026,506.85,13,DISCONTINUED,2026-06-18 10:21:59,2026-07-22 10:36:31
1184,PROD-01164,"LG Smart TV 85"" 8K Master",Pantalla premium de máxima resolución con inteligencia artificial - Modelo 2023,2795.98,146,ACTIVE,2025-07-08 03:09:18,2025-07-22 11:59:16
1185,PROD-01165,"Xiaomi Smart TV 85"" 8K Master",Pantalla premium de máxima resolución con inteligencia artificial - Modelo 2024,2926.09,76,DISCONTINUED,2026-02-22 10:10:42,2026-03-23 06:37:53
1186,PROD-01166,"Hisense Smart TV 43"" 4K UHD",Televisor inteligente con HDR10+ y sistema operativo webOS - Modelo 2025,413.8,97,INACTIVE,2025-12-26 15:08:15,2026-02-11 00:11:52
1187,PROD-01167,"Sony Smart TV 43"" 4K UHD",Televisor inteligente con HDR10+ y sistema operativo webOS - Modelo 2026,445.11,29,ACTIVE,2025-08-08 02:28:01,2025-09-26 16:40:04
1188,PROD-01168,"Xiaomi Smart TV 85"" 8K Master",Pantalla premium de máxima resolución con inteligencia artificial - Modelo 2023,2657.92,140,INACTIVE,2026-02-02 01:24:10,2026-03-25 01:18:41
1189,PROD-01169,"Xiaomi Smart TV 75"" 4K Frameless",Televisor sin bordes de gran formato con panel LED avanzado - Modelo 2024,1353.25,118,INACTIVE,2026-08-03 09:19:38,2026-08-31 00:51:48
1190,PROD-01170,"Sony Smart TV 65"" 4K UHD",Pantalla grande con Dolby Vision Atmos y control por voz - Modelo 2025,894.22,102,ACTIVE,2025-02-11 00:25:18,2025-03-23 21:28:22
1191,PROD-01171,"Panasonic Smart TV 40"" Full HD",Pantalla plana Full HD con puertos HDMI y USB multimedia - Modelo 2026,302.96,65,ACTIVE,2025-03-15 08:03:26,2025-04-09 03:04:33
1192,PROD-01172,"Philips Smart TV 43"" 4K UHD",Televisor inteligente con HDR10+ y sistema operativo webOS - Modelo 2023,433.63,10,DISCONTINUED,2025-12-05 21:42:31,2026-01-01 04:06:22
1193,PROD-01173,"Samsung Smart TV 55"" 4K QLED",Televisor QLED con tecnología Quantum Dot y diseño ultra fino - Modelo 2024,630.02,31,ACTIVE,2026-02-07 06:04:02,2026-03-24 19:14:56
1194,PROD-01174,"Samsung Smart TV 43"" 4K UHD",Televisor inteligente con HDR10+ y sistema operativo webOS - Modelo 2025,431.16,126,ACTIVE,2025-06-16 23:24:37,2025-07-05 11:10:59
1195,PROD-01175,"Philips Smart TV 75"" 4K Frameless",Televisor sin bordes de gran formato con panel LED avanzado - Modelo 2026,1120.37,108,ACTIVE,2025-05-04 14:00:03,2025-05-25 07:02:38
1196,PROD-01176,"TCL Smart TV 55"" 4K QLED",Televisor QLED con tecnología Quantum Dot y diseño ultra fino - Modelo 2023,651.97,100,ACTIVE,2025-01-28 13:00:27,2025-02-16 23:48:22
1197,PROD-01177,"Samsung Smart TV 55"" 4K QLED",Televisor QLED con tecnología Quantum Dot y diseño ultra fino - Modelo 2024,554.24,43,INACTIVE,2026-02-04 22:57:01,2026-02-25 17:28:52
1198,PROD-01178,"Hisense Smart TV 43"" 4K UHD",Televisor inteligente con HDR10+ y sistema operativo webOS - Modelo 2025,441.08,33,ACTIVE,2026-06-18 22:07:55,2026-06-29 21:22:59
1199,PROD-01179,"TCL Smart TV 85"" 8K Master",Pantalla premium de máxima resolución con inteligencia artificial - Modelo 2026,2610.84,34,INACTIVE,2025-10-29 16:37:01,2025-11-19 14:47:52
1200,PROD-01180,"Panasonic Smart TV 32"" HD LED",Televisor LED HD con Roku integrado y sonido Dolby Audio - Modelo 2023,268.4,143,ACTIVE,2025-10-26 08:59:26,2025-11-06 18:24:47
1201,PROD-01181,"Hisense Smart TV 32"" HD LED",Televisor LED HD con Roku integrado y sonido Dolby Audio - Modelo 2024,237.32,88,ACTIVE,2025-07-12 10:52:30,2025-08-25 11:36:21
1202,PROD-01182,"Xiaomi Smart TV 32"" HD LED",Televisor LED HD con Roku integrado y sonido Dolby Audio - Modelo 2025,283.44,11,ACTIVE,2026-06-14 20:35:23,2026-08-02 18:44:17
1203,PROD-01183,"Sony Smart TV 40"" Full HD",Pantalla plana Full HD con puertos HDMI y USB multimedia - Modelo 2026,350.47,63,INACTIVE,2026-04-15 09:24:38,2026-04-21 17:09:45
1204,PROD-01184,"Samsung Smart TV 40"" Full HD",Pantalla plana Full HD con puertos HDMI y USB multimedia - Modelo 2023,297.75,95,INACTIVE,2025-01-23 23:59:35,2025-01-28 21:12:48
1205,PROD-01185,"Panasonic Smart TV 50"" 4K Crystal",Pantalla UHD con procesador Crystal 4K y PurColor - Modelo 2024,528.5,129,INACTIVE,2025-07-09 00:59:47,2025-07-20 21:53:32
1206,PROD-01186,"Hisense Smart TV 75"" 4K Frameless",Televisor sin bordes de gran formato con panel LED avanzado - Modelo 2025,1331.36,120,ACTIVE,2026-06-16 21:42:53,2026-07-18 03:20:28
1207,PROD-01187,"Hisense Smart TV 85"" 8K Master",Pantalla premium de máxima resolución con inteligencia artificial - Modelo 2026,2692.64,80,ACTIVE,2026-03-31 16:05:55,2026-04-29 09:22:44
1208,PROD-01188,"Sony Smart TV 40"" Full HD",Pantalla plana Full HD con puertos HDMI y USB multimedia - Modelo 2023,314.97,102,INACTIVE,2025-09-14 01:19:33,2025-09-27 08:39:06
1209,PROD-01189,"Hisense Smart TV 75"" 4K Frameless",Televisor sin bordes de gran formato con panel LED avanzado - Modelo 2024,1337.21,99,ACTIVE,2025-07-10 10:22:18,2025-08-12 20:50:13
1210,PROD-01190,"LG Smart TV 55"" 4K QLED",Televisor QLED con tecnología Quantum Dot y diseño ultra fino - Modelo 2025,627.53,133,INACTIVE,2025-06-11 08:43:59,2025-07-07 09:55:44
1211,PROD-01191,"LG Smart TV 85"" 8K Master",Pantalla premium de máxima resolución con inteligencia artificial - Modelo 2026,2746.79,122,ACTIVE,2025-06-21 20:57:44,2025-07-23 14:57:20
1212,PROD-01192,"Hisense Smart TV 32"" HD LED",Televisor LED HD con Roku integrado y sonido Dolby Audio - Modelo 2023,223.53,9,ACTIVE,2025-05-27 21:02:35,2025-07-10 16:28:45
1213,PROD-01193,"TCL Smart TV 75"" 4K Frameless",Televisor sin bordes de gran formato con panel LED avanzado - Modelo 2024,1221.35,48,ACTIVE,2025-06-26 23:27:21,2025-07-23 14:11:37
1214,PROD-01194,"Sony Smart TV 32"" HD LED",Televisor LED HD con Roku integrado y sonido Dolby Audio - Modelo 2025,211.84,113,DISCONTINUED,2025-05-11 05:11:02,2025-06-06 16:03:21
1215,PROD-01195,"Philips Smart TV 75"" 4K Frameless",Televisor sin bordes de gran formato con panel LED avanzado - Modelo 2026,1177.89,2,DISCONTINUED,2026-05-30 12:50:27,2026-06-28 02:20:33
1216,PROD-01196,"Philips Smart TV 65"" 4K UHD",Pantalla grande con Dolby Vision Atmos y control por voz - Modelo 2023,870.89,104,ACTIVE,2025-12-28 11:45:37,2026-01-31 07:44:11
1217,PROD-01197,"Philips Smart TV 43"" 4K UHD",Televisor inteligente con HDR10+ y sistema operativo webOS - Modelo 2024,438.25,72,INACTIVE,2025-08-16 11:50:12,2025-09-21 09:40:24
1218,PROD-01198,"Xiaomi Smart TV 50"" 4K Crystal",Pantalla UHD con procesador Crystal 4K y PurColor - Modelo 2025,533.9,47,ACTIVE,2026-06-27 20:36:12,2026-07-17 05:23:26
1219,PROD-01199,"Sony Smart TV 85"" 8K Master",Pantalla premium de máxima resolución con inteligencia artificial - Modelo 2026,2793.02,77,ACTIVE,2026-06-21 16:50:22,2026-07-06 08:02:28
1220,PROD-01200,"LG Smart TV 43"" 4K UHD",Televisor inteligente con HDR10+ y sistema operativo webOS - Modelo 2023,467.81,141,ACTIVE,2025-01-07 13:05:25,2025-02-20 11:44:07
1221,PROD-01201,"Philips Smart TV 40"" Full HD",Pantalla plana Full HD con puertos HDMI y USB multimedia - Modelo 2024,323.26,9,ACTIVE,2026-06-30 10:12:27,2026-08-06 16:19:22
1222,PROD-01202,"Sony Smart TV 43"" 4K UHD",Televisor inteligente con HDR10+ y sistema operativo webOS - Modelo 2025,433.81,137,ACTIVE,2026-03-11 20:33:37,2026-04-17 23:52:15
1223,PROD-01203,"Samsung Smart TV 65"" 4K UHD",Pantalla grande con Dolby Vision Atmos y control por voz - Modelo 2026,858.64,144,INACTIVE,2026-02-09 04:49:37,2026-03-16 04:13:04
1224,PROD-01204,"Panasonic Smart TV 75"" 4K Frameless",Televisor sin bordes de gran formato con panel LED avanzado - Modelo 2023,1265.42,33,DISCONTINUED,2025-04-05 16:31:23,2025-05-10 04:48:22
1225,PROD-01205,"Xiaomi Smart TV 32"" HD LED",Televisor LED HD con Roku integrado y sonido Dolby Audio - Modelo 2024,206.2,95,INACTIVE,2025-11-01 23:38:57,2025-12-08 00:46:08
1226,PROD-01206,"Hisense Smart TV 75"" 4K Frameless",Televisor sin bordes de gran formato con panel LED avanzado - Modelo 2025,1300.61,148,ACTIVE,2025-01-13 21:46:10,2025-02-17 18:26:22
1227,PROD-01207,"Hisense Smart TV 85"" 8K Master",Pantalla premium de máxima resolución con inteligencia artificial - Modelo 2026,2797.05,23,ACTIVE,2025-09-03 21:41:36,2025-10-10 23:30:23
1228,PROD-01208,"TCL Smart TV 85"" 8K Master",Pantalla premium de máxima resolución con inteligencia artificial - Modelo 2023,2660.89,102,INACTIVE,2026-06-27 03:00:59,2026-07-14 11:36:30
1229,PROD-01209,"Samsung Smart TV 32"" HD LED",Televisor LED HD con Roku integrado y sonido Dolby Audio - Modelo 2024,283.37,75,ACTIVE,2025-10-05 04:31:31,2025-10-06 08:01:20
1230,PROD-01210,"TCL Smart TV 32"" HD LED",Televisor LED HD con Roku integrado y sonido Dolby Audio - Modelo 2025,264.56,75,DISCONTINUED,2025-10-23 18:08:02,2025-12-01 16:22:33
1231,PROD-01211,"LG Smart TV 43"" 4K UHD",Televisor inteligente con HDR10+ y sistema operativo webOS - Modelo 2026,472.06,61,ACTIVE,2026-03-06 17:11:51,2026-03-24 07:04:52
1232,PROD-01212,"Xiaomi Smart TV 85"" 8K Master",Pantalla premium de máxima resolución con inteligencia artificial - Modelo 2023,2608.27,55,DISCONTINUED,2025-02-14 16:06:30,2025-02-22 17:22:15
1233,PROD-01213,"TCL Smart TV 40"" Full HD",Pantalla plana Full HD con puertos HDMI y USB multimedia - Modelo 2024,337.1,105,ACTIVE,2025-02-14 21:47:31,2025-02-24 19:06:55
1234,PROD-01214,"TCL Smart TV 43"" 4K UHD",Televisor inteligente con HDR10+ y sistema operativo webOS - Modelo 2025,422.91,109,ACTIVE,2026-05-07 19:57:49,2026-06-16 20:29:21
1235,PROD-01215,"Hisense Smart TV 43"" 4K UHD",Televisor inteligente con HDR10+ y sistema operativo webOS - Modelo 2026,412.15,12,ACTIVE,2025-06-24 09:01:50,2025-07-06 03:27:03
1236,PROD-01216,"Panasonic Smart TV 40"" Full HD",Pantalla plana Full HD con puertos HDMI y USB multimedia - Modelo 2023,352.18,72,ACTIVE,2026-05-24 09:08:01,2026-06-16 14:30:56
1237,PROD-01217,"Sony Smart TV 40"" Full HD",Pantalla plana Full HD con puertos HDMI y USB multimedia - Modelo 2024,287.37,147,DISCONTINUED,2025-06-12 09:18:19,2025-06-19 10:57:26
1238,PROD-01218,"Samsung Smart TV 75"" 4K Frameless",Televisor sin bordes de gran formato con panel LED avanzado - Modelo 2025,1325.61,82,ACTIVE,2026-06-05 20:50:49,2026-07-23 17:30:58
1239,PROD-01219,"Sony Smart TV 32"" HD LED",Televisor LED HD con Roku integrado y sonido Dolby Audio - Modelo 2026,219.99,146,ACTIVE,2025-11-29 22:36:27,2025-12-12 22:17:31
1240,PROD-01220,"Xiaomi Smart TV 50"" 4K Crystal",Pantalla UHD con procesador Crystal 4K y PurColor - Modelo 2023,481.05,132,ACTIVE,2025-05-12 04:13:24,2025-06-07 02:47:59
1241,PROD-01221,"LG Smart TV 43"" 4K UHD",Televisor inteligente con HDR10+ y sistema operativo webOS - Modelo 2024,387.17,137,ACTIVE,2025-04-06 18:33:30,2025-04-19 12:55:05
1242,PROD-01222,"Xiaomi Smart TV 55"" 4K QLED",Televisor QLED con tecnología Quantum Dot y diseño ultra fino - Modelo 2025,645.96,150,INACTIVE,2026-03-19 12:03:01,2026-03-28 23:31:27
1243,PROD-01223,"LG Smart TV 50"" 4K Crystal",Pantalla UHD con procesador Crystal 4K y PurColor - Modelo 2026,481.72,139,ACTIVE,2025-03-07 20:22:37,2025-04-20 18:13:00
1244,PROD-01224,"LG Smart TV 85"" 8K Master",Pantalla premium de máxima resolución con inteligencia artificial - Modelo 2023,2529.83,28,ACTIVE,2025-09-12 19:17:39,2025-10-31 12:00:27
1245,PROD-01225,"LG Smart TV 40"" Full HD",Pantalla plana Full HD con puertos HDMI y USB multimedia - Modelo 2024,318.3,101,ACTIVE,2025-02-14 10:23:32,2025-02-23 02:14:15
1246,PROD-01226,"Hisense Smart TV 32"" HD LED",Televisor LED HD con Roku integrado y sonido Dolby Audio - Modelo 2025,246.82,110,INACTIVE,2025-03-26 02:03:55,2025-04-26 13:26:13
1247,PROD-01227,"LG Smart TV 43"" 4K UHD",Televisor inteligente con HDR10+ y sistema operativo webOS - Modelo 2026,418.36,24,ACTIVE,2025-03-28 21:46:19,2025-04-21 15:41:20
1248,PROD-01228,"Panasonic Smart TV 65"" 4K UHD",Pantalla grande con Dolby Vision Atmos y control por voz - Modelo 2023,876.49,16,DISCONTINUED,2026-05-29 13:15:33,2026-06-30 03:57:46
1249,PROD-01229,"Hisense Smart TV 50"" 4K Crystal",Pantalla UHD con procesador Crystal 4K y PurColor - Modelo 2024,529.0,129,INACTIVE,2026-02-22 05:04:22,2026-03-14 00:44:36
1250,PROD-01230,"Philips Smart TV 32"" HD LED",Televisor LED HD con Roku integrado y sonido Dolby Audio - Modelo 2025,226.45,7,ACTIVE,2025-04-17 07:58:09,2025-05-08 02:28:31
1251,PROD-01231,"Philips Smart TV 32"" HD LED",Televisor LED HD con Roku integrado y sonido Dolby Audio - Modelo 2026,205.19,21,ACTIVE,2026-06-21 17:12:12,2026-06-29 06:47:47
1252,PROD-01232,"Sony Smart TV 50"" 4K Crystal",Pantalla UHD con procesador Crystal 4K y PurColor - Modelo 2023,483.61,131,ACTIVE,2025-06-06 19:04:01,2025-06-16 12:08:07
1253,PROD-01233,"LG Smart TV 55"" 4K QLED",Televisor QLED con tecnología Quantum Dot y diseño ultra fino - Modelo 2024,709.85,63,ACTIVE,2025-10-21 06:55:20,2025-12-02 14:20:43
1254,PROD-01234,"LG Smart TV 50"" 4K Crystal",Pantalla UHD con procesador Crystal 4K y PurColor - Modelo 2025,459.5,6,ACTIVE,2025-11-07 22:52:41,2025-12-15 04:03:03
1255,PROD-01235,"Samsung Smart TV 50"" 4K Crystal",Pantalla UHD con procesador Crystal 4K y PurColor - Modelo 2026,545.05,57,ACTIVE,2025-04-23 20:25:55,2025-05-21 08:30:53
1256,PROD-01236,"Hisense Smart TV 43"" 4K UHD",Televisor inteligente con HDR10+ y sistema operativo webOS - Modelo 2023,409.64,64,ACTIVE,2026-08-19 17:01:07,2026-09-10 08:17:31
1257,PROD-01237,"Sony Smart TV 65"" 4K UHD",Pantalla grande con Dolby Vision Atmos y control por voz - Modelo 2024,897.97,101,ACTIVE,2025-05-27 18:06:58,2025-07-02 07:41:11
1258,PROD-01238,"TCL Smart TV 55"" 4K QLED",Televisor QLED con tecnología Quantum Dot y diseño ultra fino - Modelo 2025,663.76,88,ACTIVE,2026-08-22 22:24:38,2026-09-18 08:04:34
1259,PROD-01239,"Hisense Smart TV 40"" Full HD",Pantalla plana Full HD con puertos HDMI y USB multimedia - Modelo 2026,343.65,114,ACTIVE,2026-04-26 15:24:27,2026-05-26 14:13:42
1260,PROD-01240,"Samsung Smart TV 65"" 4K UHD",Pantalla grande con Dolby Vision Atmos y control por voz - Modelo 2023,871.8,133,DISCONTINUED,2025-08-27 06:17:44,2025-10-10 19:11:51
1261,PROD-01241,"Panasonic Smart TV 32"" HD LED",Televisor LED HD con Roku integrado y sonido Dolby Audio - Modelo 2024,266.29,35,ACTIVE,2025-02-22 17:17:44,2025-04-07 21:44:51
1262,PROD-01242,"Sony Smart TV 43"" 4K UHD",Televisor inteligente con HDR10+ y sistema operativo webOS - Modelo 2025,474.45,59,DISCONTINUED,2025-09-27 15:44:58,2025-10-07 09:29:33
1263,PROD-01243,"Panasonic Smart TV 43"" 4K UHD",Televisor inteligente con HDR10+ y sistema operativo webOS - Modelo 2026,442.44,21,INACTIVE,2025-12-29 03:06:59,2026-01-19 23:56:57
1264,PROD-01244,"Sony Smart TV 55"" 4K QLED",Televisor QLED con tecnología Quantum Dot y diseño ultra fino - Modelo 2023,706.46,110,ACTIVE,2026-08-04 02:30:00,2026-09-14 10:48:22
1265,PROD-01245,"Hisense Smart TV 32"" HD LED",Televisor LED HD con Roku integrado y sonido Dolby Audio - Modelo 2024,242.84,13,ACTIVE,2025-10-16 11:55:13,2025-10-22 01:37:34
1266,PROD-01246,"LG Smart TV 65"" 4K UHD",Pantalla grande con Dolby Vision Atmos y control por voz - Modelo 2025,928.94,110,ACTIVE,2026-07-23 22:17:14,2026-09-06 11:43:58
1267,PROD-01247,"Philips Smart TV 75"" 4K Frameless",Televisor sin bordes de gran formato con panel LED avanzado - Modelo 2026,1194.73,76,DISCONTINUED,2025-11-12 17:51:50,2025-12-10 15:22:51
1268,PROD-01248,"Philips Smart TV 40"" Full HD",Pantalla plana Full HD con puertos HDMI y USB multimedia - Modelo 2023,318.74,144,DISCONTINUED,2026-08-21 10:35:12,2026-09-18 17:59:01
1269,PROD-01249,"Hisense Smart TV 40"" Full HD",Pantalla plana Full HD con puertos HDMI y USB multimedia - Modelo 2024,308.62,109,DISCONTINUED,2025-10-23 00:14:50,2025-12-10 09:19:38
1270,PROD-01250,"Xiaomi Smart TV 50"" 4K Crystal",Pantalla UHD con procesador Crystal 4K y PurColor - Modelo 2025,520.92,139,ACTIVE,2026-02-05 08:46:18,2026-03-25 12:48:43
1271,PROD-01251,"TCL Smart TV 32"" HD LED",Televisor LED HD con Roku integrado y sonido Dolby Audio - Modelo 2026,220.41,4,INACTIVE,2026-01-06 16:07:07,2026-01-10 09:59:12
1272,PROD-01252,"Philips Smart TV 75"" 4K Frameless",Televisor sin bordes de gran formato con panel LED avanzado - Modelo 2023,1292.23,114,DISCONTINUED,2025-06-15 02:31:34,2025-07-10 11:37:36
1273,PROD-01253,"Philips Smart TV 43"" 4K UHD",Televisor inteligente con HDR10+ y sistema operativo webOS - Modelo 2024,342.15,106,ACTIVE,2025-01-05 10:53:33,2025-02-19 16:37:00
1274,PROD-01254,"Sony Smart TV 32"" HD LED",Televisor LED HD con Roku integrado y sonido Dolby Audio - Modelo 2025,242.52,89,ACTIVE,2025-05-07 04:30:34,2025-06-10 19:04:03
1275,PROD-01255,"Xiaomi Smart TV 43"" 4K UHD",Televisor inteligente con HDR10+ y sistema operativo webOS - Modelo 2026,431.64,148,ACTIVE,2026-08-20 05:04:28,2026-09-24 13:48:51
1276,PROD-01256,"Panasonic Smart TV 50"" 4K Crystal",Pantalla UHD con procesador Crystal 4K y PurColor - Modelo 2023,480.88,117,ACTIVE,2025-11-25 05:47:06,2025-12-07 08:05:35
1277,PROD-01257,"Xiaomi Smart TV 32"" HD LED",Televisor LED HD con Roku integrado y sonido Dolby Audio - Modelo 2024,270.66,2,ACTIVE,2025-10-11 13:19:19,2025-11-09 18:44:50
1278,PROD-01258,"TCL Smart TV 43"" 4K UHD",Televisor inteligente con HDR10+ y sistema operativo webOS - Modelo 2025,444.84,115,ACTIVE,2025-06-13 18:47:37,2025-08-02 13:25:25
1279,PROD-01259,"Hisense Smart TV 40"" Full HD",Pantalla plana Full HD con puertos HDMI y USB multimedia - Modelo 2026,312.8,85,ACTIVE,2025-09-19 03:54:24,2025-11-05 00:13:17
1280,PROD-01260,"TCL Smart TV 40"" Full HD",Pantalla plana Full HD con puertos HDMI y USB multimedia - Modelo 2023,302.47,132,INACTIVE,2025-08-31 11:37:48,2025-09-13 22:05:24
1281,PROD-01261,"Sony Smart TV 75"" 4K Frameless",Televisor sin bordes de gran formato con panel LED avanzado - Modelo 2024,1275.34,41,ACTIVE,2026-02-18 22:35:30,2026-03-09 20:29:23
1282,PROD-01262,"Hisense Smart TV 65"" 4K UHD",Pantalla grande con Dolby Vision Atmos y control por voz - Modelo 2025,909.68,3,ACTIVE,2025-09-14 23:54:42,2025-10-07 22:20:52
1283,PROD-01263,"TCL Smart TV 43"" 4K UHD",Televisor inteligente con HDR10+ y sistema operativo webOS - Modelo 2026,444.92,140,ACTIVE,2025-04-04 22:33:39,2025-05-08 11:25:07
1284,PROD-01264,"Xiaomi Smart TV 43"" 4K UHD",Televisor inteligente con HDR10+ y sistema operativo webOS - Modelo 2023,395.25,130,ACTIVE,2025-04-11 10:30:24,2025-05-21 13:26:40
1285,PROD-01265,"Xiaomi Smart TV 40"" Full HD",Pantalla plana Full HD con puertos HDMI y USB multimedia - Modelo 2024,321.27,65,ACTIVE,2026-03-19 21:32:36,2026-05-08 12:14:07
1286,PROD-01266,"TCL Smart TV 50"" 4K Crystal",Pantalla UHD con procesador Crystal 4K y PurColor - Modelo 2025,452.96,120,ACTIVE,2026-04-16 17:31:36,2026-06-01 14:10:35
1287,PROD-01267,"Hisense Smart TV 65"" 4K UHD",Pantalla grande con Dolby Vision Atmos y control por voz - Modelo 2026,861.14,116,ACTIVE,2026-06-19 05:40:42,2026-07-27 12:07:54
1288,PROD-01268,"Xiaomi Smart TV 50"" 4K Crystal",Pantalla UHD con procesador Crystal 4K y PurColor - Modelo 2023,487.43,64,ACTIVE,2025-03-10 10:36:13,2025-04-26 08:31:20
1289,PROD-01269,"LG Smart TV 50"" 4K Crystal",Pantalla UHD con procesador Crystal 4K y PurColor - Modelo 2024,510.05,20,ACTIVE,2025-10-30 00:10:20,2025-12-03 13:35:13
1290,PROD-01270,"Philips Smart TV 85"" 8K Master",Pantalla premium de máxima resolución con inteligencia artificial - Modelo 2025,2527.21,11,ACTIVE,2026-03-25 14:15:10,2026-05-05 14:52:09
1291,PROD-01271,"Philips Smart TV 75"" 4K Frameless",Televisor sin bordes de gran formato con panel LED avanzado - Modelo 2026,1256.3,60,ACTIVE,2026-01-26 14:23:31,2026-02-20 09:43:30
1292,PROD-01272,"Panasonic Smart TV 85"" 8K Master",Pantalla premium de máxima resolución con inteligencia artificial - Modelo 2023,2887.95,85,DISCONTINUED,2025-07-22 21:49:36,2025-08-06 03:30:23
1293,PROD-01273,"Xiaomi Smart TV 40"" Full HD",Pantalla plana Full HD con puertos HDMI y USB multimedia - Modelo 2024,307.21,92,INACTIVE,2026-06-24 21:58:18,2026-08-11 02:35:06
1294,PROD-01274,"TCL Smart TV 43"" 4K UHD",Televisor inteligente con HDR10+ y sistema operativo webOS - Modelo 2025,361.18,121,DISCONTINUED,2025-01-09 15:42:36,2025-01-30 10:08:24
1295,PROD-01275,"Sony Smart TV 43"" 4K UHD",Televisor inteligente con HDR10+ y sistema operativo webOS - Modelo 2026,392.58,8,ACTIVE,2025-08-05 07:11:03,2025-09-15 14:00:50
1296,PROD-01276,"LG Smart TV 50"" 4K Crystal",Pantalla UHD con procesador Crystal 4K y PurColor - Modelo 2023,448.63,53,ACTIVE,2025-02-04 18:12:05,2025-02-25 07:10:55
1297,PROD-01277,"TCL Smart TV 85"" 8K Master",Pantalla premium de máxima resolución con inteligencia artificial - Modelo 2024,2836.77,86,INACTIVE,2026-02-23 03:56:51,2026-03-28 13:47:40
1298,PROD-01278,"Philips Smart TV 32"" HD LED",Televisor LED HD con Roku integrado y sonido Dolby Audio - Modelo 2025,270.64,130,ACTIVE,2026-02-10 18:51:03,2026-03-29 07:57:22
1299,PROD-01279,"Panasonic Smart TV 75"" 4K Frameless",Televisor sin bordes de gran formato con panel LED avanzado - Modelo 2026,1239.36,65,ACTIVE,2026-08-17 03:33:09,2026-08-25 23:49:26
1300,PROD-01280,"TCL Smart TV 85"" 8K Master",Pantalla premium de máxima resolución con inteligencia artificial - Modelo 2023,2772.79,108,ACTIVE,2026-05-21 05:59:12,2026-07-03 22:16:05
1301,PROD-01281,"LG Smart TV 55"" 4K QLED",Televisor QLED con tecnología Quantum Dot y diseño ultra fino - Modelo 2024,638.62,56,INACTIVE,2026-06-26 03:45:13,2026-07-30 11:16:34
1302,PROD-01282,"TCL Smart TV 50"" 4K Crystal",Pantalla UHD con procesador Crystal 4K y PurColor - Modelo 2025,545.67,1,ACTIVE,2025-01-24 08:25:16,2025-03-09 05:26:59
1303,PROD-01283,"Panasonic Smart TV 43"" 4K UHD",Televisor inteligente con HDR10+ y sistema operativo webOS - Modelo 2026,389.62,53,ACTIVE,2025-07-06 22:47:33,2025-08-25 23:19:08
1304,PROD-01284,"Philips Smart TV 43"" 4K UHD",Televisor inteligente con HDR10+ y sistema operativo webOS - Modelo 2023,375.35,16,DISCONTINUED,2026-04-14 17:20:21,2026-05-10 21:34:29
1305,PROD-01285,"Samsung Smart TV 40"" Full HD",Pantalla plana Full HD con puertos HDMI y USB multimedia - Modelo 2024,290.39,137,ACTIVE,2026-01-19 23:03:52,2026-02-06 12:34:45
1306,PROD-01286,"TCL Smart TV 55"" 4K QLED",Televisor QLED con tecnología Quantum Dot y diseño ultra fino - Modelo 2025,666.58,33,ACTIVE,2026-02-26 18:37:29,2026-02-27 04:24:34
1307,PROD-01287,"Philips Smart TV 85"" 8K Master",Pantalla premium de máxima resolución con inteligencia artificial - Modelo 2026,2687.44,113,INACTIVE,2025-07-27 17:20:22,2025-08-31 18:59:16
1308,PROD-01288,"Xiaomi Smart TV 65"" 4K UHD",Pantalla grande con Dolby Vision Atmos y control por voz - Modelo 2023,896.97,3,ACTIVE,2025-10-29 19:46:49,2025-12-17 10:30:37
1309,PROD-01289,"Panasonic Smart TV 50"" 4K Crystal",Pantalla UHD con procesador Crystal 4K y PurColor - Modelo 2024,508.8,144,INACTIVE,2025-06-24 14:33:53,2025-08-11 07:02:08
1310,PROD-01290,"Hisense Smart TV 65"" 4K UHD",Pantalla grande con Dolby Vision Atmos y control por voz - Modelo 2025,847.86,87,DISCONTINUED,2025-08-12 09:26:48,2025-09-27 10:12:03
1311,PROD-01291,"Samsung Smart TV 85"" 8K Master",Pantalla premium de máxima resolución con inteligencia artificial - Modelo 2026,2870.2,46,ACTIVE,2025-09-06 03:39:46,2025-10-08 01:41:45
1312,PROD-01292,"Xiaomi Smart TV 43"" 4K UHD",Televisor inteligente con HDR10+ y sistema operativo webOS - Modelo 2023,404.97,77,ACTIVE,2026-01-19 11:11:35,2026-02-18 11:18:42
1313,PROD-01293,"Panasonic Smart TV 85"" 8K Master",Pantalla premium de máxima resolución con inteligencia artificial - Modelo 2024,2506.24,96,INACTIVE,2025-09-19 07:17:18,2025-11-02 17:18:51
1314,PROD-01294,"Panasonic Smart TV 50"" 4K Crystal",Pantalla UHD con procesador Crystal 4K y PurColor - Modelo 2025,499.28,65,ACTIVE,2026-06-13 05:18:58,2026-06-28 11:36:12
1315,PROD-01295,"LG Smart TV 85"" 8K Master",Pantalla premium de máxima resolución con inteligencia artificial - Modelo 2026,2592.47,81,ACTIVE,2025-12-21 04:22:36,2026-02-05 03:44:11
1316,PROD-01296,"Samsung Smart TV 75"" 4K Frameless",Televisor sin bordes de gran formato con panel LED avanzado - Modelo 2023,1205.78,25,INACTIVE,2025-10-25 10:58:35,2025-12-08 13:14:32
1317,PROD-01297,"Samsung Smart TV 50"" 4K Crystal",Pantalla UHD con procesador Crystal 4K y PurColor - Modelo 2024,465.39,55,ACTIVE,2026-07-31 16:08:12,2026-09-19 08:54:22
1318,PROD-01298,"Panasonic Smart TV 65"" 4K UHD",Pantalla grande con Dolby Vision Atmos y control por voz - Modelo 2025,871.99,53,ACTIVE,2025-05-19 01:16:26,2025-06-29 12:20:18
1319,PROD-01299,"Hisense Smart TV 50"" 4K Crystal",Pantalla UHD con procesador Crystal 4K y PurColor - Modelo 2026,520.26,118,DISCONTINUED,2025-04-18 05:45:24,2025-04-29 08:37:40
1320,PROD-01300,"Samsung Smart TV 40"" Full HD",Pantalla plana Full HD con puertos HDMI y USB multimedia - Modelo 2023,313.55,51,DISCONTINUED,2025-06-11 04:31:27,2025-07-02 02:58:27
1321,PROD-01301,"TCL Smart TV 85"" 8K Master",Pantalla premium de máxima resolución con inteligencia artificial - Modelo 2024,2915.02,73,INACTIVE,2025-12-06 04:51:41,2025-12-30 06:51:24
1322,PROD-01302,"Philips Smart TV 65"" 4K UHD",Pantalla grande con Dolby Vision Atmos y control por voz - Modelo 2025,938.79,64,ACTIVE,2025-02-08 09:18:35,2025-02-26 08:01:46
1323,PROD-01303,"LG Smart TV 40"" Full HD",Pantalla plana Full HD con puertos HDMI y USB multimedia - Modelo 2026,269.52,123,ACTIVE,2026-05-24 22:26:20,2026-06-09 13:30:20
1324,PROD-01304,"Samsung Smart TV 55"" 4K QLED",Televisor QLED con tecnología Quantum Dot y diseño ultra fino - Modelo 2023,683.55,64,ACTIVE,2025-12-08 20:06:17,2025-12-26 14:45:51
1325,PROD-01305,"TCL Smart TV 50"" 4K Crystal",Pantalla UHD con procesador Crystal 4K y PurColor - Modelo 2024,554.47,17,INACTIVE,2026-05-05 00:25:34,2026-05-07 06:54:16
1326,PROD-01306,"Hisense Smart TV 43"" 4K UHD",Televisor inteligente con HDR10+ y sistema operativo webOS - Modelo 2025,451.67,139,ACTIVE,2025-06-27 13:00:33,2025-06-28 22:18:18
1327,PROD-01307,"Xiaomi Smart TV 75"" 4K Frameless",Televisor sin bordes de gran formato con panel LED avanzado - Modelo 2026,1152.66,7,ACTIVE,2026-05-05 05:21:24,2026-05-19 07:41:41
1328,PROD-01308,"TCL Smart TV 43"" 4K UHD",Televisor inteligente con HDR10+ y sistema operativo webOS - Modelo 2023,425.85,107,ACTIVE,2026-06-20 03:43:46,2026-07-08 10:37:39
1329,PROD-01309,"Xiaomi Smart TV 40"" Full HD",Pantalla plana Full HD con puertos HDMI y USB multimedia - Modelo 2024,358.4,37,ACTIVE,2025-05-13 05:22:48,2025-06-28 16:32:55
1330,PROD-01310,"TCL Smart TV 85"" 8K Master",Pantalla premium de máxima resolución con inteligencia artificial - Modelo 2025,2649.71,47,DISCONTINUED,2026-08-13 19:12:38,2026-09-30 05:43:51
1331,PROD-01311,"Xiaomi Smart TV 40"" Full HD",Pantalla plana Full HD con puertos HDMI y USB multimedia - Modelo 2026,304.29,77,DISCONTINUED,2025-02-19 10:06:11,2025-03-12 23:26:58
1332,PROD-01312,"Sony Smart TV 75"" 4K Frameless",Televisor sin bordes de gran formato con panel LED avanzado - Modelo 2023,1192.4,122,ACTIVE,2025-04-07 13:35:07,2025-04-15 18:08:10
1333,PROD-01313,"Samsung Smart TV 55"" 4K QLED",Televisor QLED con tecnología Quantum Dot y diseño ultra fino - Modelo 2024,639.89,141,DISCONTINUED,2025-09-10 02:09:08,2025-10-22 13:26:10
1334,PROD-01314,"Hisense Smart TV 40"" Full HD",Pantalla plana Full HD con puertos HDMI y USB multimedia - Modelo 2025,334.85,84,INACTIVE,2026-03-12 00:22:01,2026-04-18 16:15:54
1335,PROD-01315,"Hisense Smart TV 75"" 4K Frameless",Televisor sin bordes de gran formato con panel LED avanzado - Modelo 2026,1324.68,128,ACTIVE,2025-10-12 01:28:24,2025-11-28 07:43:51
1336,PROD-01316,"TCL Smart TV 40"" Full HD",Pantalla plana Full HD con puertos HDMI y USB multimedia - Modelo 2023,364.44,33,ACTIVE,2025-07-24 15:11:26,2025-08-21 19:55:12
1337,PROD-01317,"Xiaomi Smart TV 40"" Full HD",Pantalla plana Full HD con puertos HDMI y USB multimedia - Modelo 2024,315.91,25,ACTIVE,2025-12-10 09:29:31,2026-01-07 22:03:39
1338,PROD-01318,"Philips Smart TV 43"" 4K UHD",Televisor inteligente con HDR10+ y sistema operativo webOS - Modelo 2025,400.8,50,ACTIVE,2026-04-21 23:42:04,2026-05-23 20:48:52
1339,PROD-01319,"Xiaomi Smart TV 32"" HD LED",Televisor LED HD con Roku integrado y sonido Dolby Audio - Modelo 2026,272.61,23,ACTIVE,2025-10-14 21:55:46,2025-11-20 17:54:25
1340,PROD-01320,"Hisense Smart TV 50"" 4K Crystal",Pantalla UHD con procesador Crystal 4K y PurColor - Modelo 2023,517.65,103,INACTIVE,2026-03-13 13:13:43,2026-05-01 06:18:07
1341,PROD-01321,"Xiaomi Smart TV 43"" 4K UHD",Televisor inteligente con HDR10+ y sistema operativo webOS - Modelo 2024,443.58,60,ACTIVE,2025-07-02 08:04:23,2025-07-25 14:42:40
1342,PROD-01322,"Sony Smart TV 32"" HD LED",Televisor LED HD con Roku integrado y sonido Dolby Audio - Modelo 2025,271.3,134,ACTIVE,2025-12-20 22:01:46,2025-12-22 23:37:41
1343,PROD-01323,"Panasonic Smart TV 40"" Full HD",Pantalla plana Full HD con puertos HDMI y USB multimedia - Modelo 2026,335.57,133,DISCONTINUED,2026-03-11 11:45:49,2026-03-22 11:58:19
1344,PROD-01324,"Xiaomi Smart TV 43"" 4K UHD",Televisor inteligente con HDR10+ y sistema operativo webOS - Modelo 2023,359.6,27,INACTIVE,2026-05-28 18:55:24,2026-05-29 02:27:52
1345,PROD-01325,"Philips Smart TV 65"" 4K UHD",Pantalla grande con Dolby Vision Atmos y control por voz - Modelo 2024,921.35,122,ACTIVE,2026-07-25 11:14:22,2026-08-26 11:42:27
1346,PROD-01326,"TCL Smart TV 32"" HD LED",Televisor LED HD con Roku integrado y sonido Dolby Audio - Modelo 2025,234.39,127,ACTIVE,2026-05-05 06:05:01,2026-06-18 19:36:25
1347,PROD-01327,"Xiaomi Smart TV 40"" Full HD",Pantalla plana Full HD con puertos HDMI y USB multimedia - Modelo 2026,286.13,8,DISCONTINUED,2026-07-26 08:34:55,2026-08-06 06:59:41
1348,PROD-01328,"Panasonic Smart TV 50"" 4K Crystal",Pantalla UHD con procesador Crystal 4K y PurColor - Modelo 2023,499.85,36,ACTIVE,2025-12-17 04:38:11,2026-01-09 07:31:38
1349,PROD-01329,"Sony Smart TV 55"" 4K QLED",Televisor QLED con tecnología Quantum Dot y diseño ultra fino - Modelo 2024,614.4,25,DISCONTINUED,2026-06-11 12:03:35,2026-07-15 01:01:18
1350,PROD-01330,"Samsung Smart TV 85"" 8K Master",Pantalla premium de máxima resolución con inteligencia artificial - Modelo 2025,2728.73,141,DISCONTINUED,2025-05-28 13:55:37,2025-06-04 14:59:01
1351,PROD-01331,"Sony Smart TV 32"" HD LED",Televisor LED HD con Roku integrado y sonido Dolby Audio - Modelo 2026,224.07,126,INACTIVE,2025-01-18 16:09:21,2025-02-01 04:07:02
1352,PROD-01332,"Sony Smart TV 75"" 4K Frameless",Televisor sin bordes de gran formato con panel LED avanzado - Modelo 2023,1172.08,122,ACTIVE,2025-12-30 21:15:30,2026-02-10 10:53:18
1353,PROD-01333,"Hisense Smart TV 43"" 4K UHD",Televisor inteligente con HDR10+ y sistema operativo webOS - Modelo 2024,411.17,129,INACTIVE,2026-08-03 09:33:37,2026-08-25 22:52:30
1354,PROD-01334,"Xiaomi Smart TV 85"" 8K Master",Pantalla premium de máxima resolución con inteligencia artificial - Modelo 2025,2926.44,62,INACTIVE,2025-04-25 07:49:58,2025-05-13 20:17:01
1355,PROD-01335,"TCL Smart TV 43"" 4K UHD",Televisor inteligente con HDR10+ y sistema operativo webOS - Modelo 2026,418.48,1,ACTIVE,2025-12-27 13:42:24,2026-02-15 12:37:11
1356,PROD-01336,"Philips Smart TV 55"" 4K QLED",Televisor QLED con tecnología Quantum Dot y diseño ultra fino - Modelo 2023,702.21,118,INACTIVE,2026-05-10 01:51:37,2026-05-17 07:36:53
1357,PROD-01337,"Xiaomi Smart TV 85"" 8K Master",Pantalla premium de máxima resolución con inteligencia artificial - Modelo 2024,2577.2,34,INACTIVE,2026-04-02 09:41:01,2026-04-30 03:01:26
1358,PROD-01338,"Xiaomi Smart TV 50"" 4K Crystal",Pantalla UHD con procesador Crystal 4K y PurColor - Modelo 2025,437.26,92,ACTIVE,2025-07-14 09:06:23,2025-08-27 15:33:16
1359,PROD-01339,"TCL Smart TV 40"" Full HD",Pantalla plana Full HD con puertos HDMI y USB multimedia - Modelo 2026,291.83,118,ACTIVE,2026-05-23 08:59:26,2026-06-10 12:51:10
1360,PROD-01340,"Panasonic Smart TV 40"" Full HD",Pantalla plana Full HD con puertos HDMI y USB multimedia - Modelo 2023,286.09,138,ACTIVE,2026-03-10 00:19:47,2026-04-29 02:26:06
1361,PROD-01341,"LG Smart TV 55"" 4K QLED",Televisor QLED con tecnología Quantum Dot y diseño ultra fino - Modelo 2024,681.85,150,ACTIVE,2025-03-31 17:10:22,2025-04-01 17:57:38
1362,PROD-01342,"Samsung Smart TV 65"" 4K UHD",Pantalla grande con Dolby Vision Atmos y control por voz - Modelo 2025,873.11,43,ACTIVE,2026-02-11 05:23:59,2026-03-09 15:01:38
1363,PROD-01343,"Hisense Smart TV 55"" 4K QLED",Televisor QLED con tecnología Quantum Dot y diseño ultra fino - Modelo 2026,694.13,14,ACTIVE,2025-06-09 02:39:21,2025-06-22 12:46:37
1364,PROD-01344,"TCL Smart TV 55"" 4K QLED",Televisor QLED con tecnología Quantum Dot y diseño ultra fino - Modelo 2023,632.96,148,DISCONTINUED,2025-09-09 13:28:55,2025-09-10 19:24:10
1365,PROD-01345,"Hisense Smart TV 43"" 4K UHD",Televisor inteligente con HDR10+ y sistema operativo webOS - Modelo 2024,395.94,40,ACTIVE,2026-07-06 09:09:52,2026-08-25 11:12:14
1366,PROD-01346,"TCL Smart TV 55"" 4K QLED",Televisor QLED con tecnología Quantum Dot y diseño ultra fino - Modelo 2025,611.48,45,ACTIVE,2025-03-11 15:13:26,2025-04-12 07:33:51
1367,PROD-01347,"TCL Smart TV 50"" 4K Crystal",Pantalla UHD con procesador Crystal 4K y PurColor - Modelo 2026,426.88,148,ACTIVE,2025-12-31 18:47:12,2026-01-01 02:22:43
1368,PROD-01348,"TCL Smart TV 55"" 4K QLED",Televisor QLED con tecnología Quantum Dot y diseño ultra fino - Modelo 2023,661.87,94,ACTIVE,2025-01-15 20:43:34,2025-03-04 08:22:26
1369,PROD-01349,"Xiaomi Smart TV 55"" 4K QLED",Televisor QLED con tecnología Quantum Dot y diseño ultra fino - Modelo 2024,653.72,90,ACTIVE,2026-03-21 20:08:58,2026-04-05 16:22:46
1370,PROD-01350,"LG Smart TV 32"" HD LED",Televisor LED HD con Roku integrado y sonido Dolby Audio - Modelo 2025,245.81,82,ACTIVE,2025-12-16 11:58:59,2026-01-12 10:02:41
1371,PROD-01351,"TCL Smart TV 65"" 4K UHD",Pantalla grande con Dolby Vision Atmos y control por voz - Modelo 2026,935.09,90,INACTIVE,2026-07-04 02:42:13,2026-07-11 06:00:54
1372,PROD-01352,"Samsung Smart TV 85"" 8K Master",Pantalla premium de máxima resolución con inteligencia artificial - Modelo 2023,2749.03,92,ACTIVE,2025-10-07 22:00:32,2025-10-25 00:47:30
1373,PROD-01353,"Samsung Smart TV 55"" 4K QLED",Televisor QLED con tecnología Quantum Dot y diseño ultra fino - Modelo 2024,581.18,82,ACTIVE,2025-08-25 10:00:28,2025-10-12 21:55:38
1374,PROD-01354,"Sony Smart TV 55"" 4K QLED",Televisor QLED con tecnología Quantum Dot y diseño ultra fino - Modelo 2025,613.26,102,ACTIVE,2026-08-22 03:16:45,2026-09-10 21:08:08
1375,PROD-01355,"TCL Smart TV 40"" Full HD",Pantalla plana Full HD con puertos HDMI y USB multimedia - Modelo 2026,344.4,67,ACTIVE,2025-06-28 00:11:03,2025-07-07 17:06:44
1376,PROD-01356,"TCL Smart TV 85"" 8K Master",Pantalla premium de máxima resolución con inteligencia artificial - Modelo 2023,2612.89,143,ACTIVE,2025-01-10 05:16:05,2025-01-31 16:22:04
1377,PROD-01357,"Samsung Smart TV 43"" 4K UHD",Televisor inteligente con HDR10+ y sistema operativo webOS - Modelo 2024,420.03,92,DISCONTINUED,2025-09-06 04:59:41,2025-10-10 05:30:04
1378,PROD-01358,"Xiaomi Smart TV 40"" Full HD",Pantalla plana Full HD con puertos HDMI y USB multimedia - Modelo 2025,299.98,38,INACTIVE,2026-05-19 20:34:34,2026-06-20 09:11:59
1379,PROD-01359,"TCL Smart TV 65"" 4K UHD",Pantalla grande con Dolby Vision Atmos y control por voz - Modelo 2026,879.31,105,INACTIVE,2026-02-22 09:40:56,2026-03-30 03:29:20
1380,PROD-01360,"Samsung Smart TV 85"" 8K Master",Pantalla premium de máxima resolución con inteligencia artificial - Modelo 2023,2679.99,1,INACTIVE,2025-04-26 21:22:21,2025-05-15 04:37:19
1381,PROD-01361,"Panasonic Smart TV 32"" HD LED",Televisor LED HD con Roku integrado y sonido Dolby Audio - Modelo 2024,255.21,85,DISCONTINUED,2026-04-19 13:45:47,2026-04-30 00:11:25
1382,PROD-01362,"Samsung Smart TV 55"" 4K QLED",Televisor QLED con tecnología Quantum Dot y diseño ultra fino - Modelo 2025,666.71,88,DISCONTINUED,2025-11-17 07:51:38,2025-12-02 10:13:22
1383,PROD-01363,"Hisense Smart TV 65"" 4K UHD",Pantalla grande con Dolby Vision Atmos y control por voz - Modelo 2026,825.5,140,ACTIVE,2025-12-10 01:51:09,2026-01-09 17:23:45
1384,PROD-01364,"Philips Smart TV 43"" 4K UHD",Televisor inteligente con HDR10+ y sistema operativo webOS - Modelo 2023,444.54,27,ACTIVE,2025-03-15 23:33:21,2025-04-01 16:17:27
1385,PROD-01365,"LG Smart TV 75"" 4K Frameless",Televisor sin bordes de gran formato con panel LED avanzado - Modelo 2024,1343.97,71,INACTIVE,2026-01-21 22:02:07,2026-02-05 01:04:43
1386,PROD-01366,"Hisense Smart TV 75"" 4K Frameless",Televisor sin bordes de gran formato con panel LED avanzado - Modelo 2025,1219.05,21,ACTIVE,2026-04-29 20:06:04,2026-06-19 02:22:54
1387,PROD-01367,"Philips Smart TV 65"" 4K UHD",Pantalla grande con Dolby Vision Atmos y control por voz - Modelo 2026,885.23,21,DISCONTINUED,2026-06-25 07:53:14,2026-07-20 15:44:58
1388,PROD-01368,"Philips Smart TV 50"" 4K Crystal",Pantalla UHD con procesador Crystal 4K y PurColor - Modelo 2023,477.01,140,ACTIVE,2025-03-22 07:49:37,2025-05-03 07:29:46
1389,PROD-01369,"Philips Smart TV 85"" 8K Master",Pantalla premium de máxima resolución con inteligencia artificial - Modelo 2024,2730.6,100,ACTIVE,2025-10-21 09:38:38,2025-11-18 15:38:22
1390,PROD-01370,"LG Smart TV 40"" Full HD",Pantalla plana Full HD con puertos HDMI y USB multimedia - Modelo 2025,311.52,8,ACTIVE,2026-06-16 06:01:34,2026-07-21 00:24:43
1391,PROD-01371,"Hisense Smart TV 75"" 4K Frameless",Televisor sin bordes de gran formato con panel LED avanzado - Modelo 2026,1290.9,58,ACTIVE,2026-06-03 13:35:42,2026-07-23 03:37:27
1392,PROD-01372,"Philips Smart TV 85"" 8K Master",Pantalla premium de máxima resolución con inteligencia artificial - Modelo 2023,2795.68,90,ACTIVE,2026-02-08 01:52:44,2026-02-18 22:08:17
1393,PROD-01373,"Panasonic Smart TV 75"" 4K Frameless",Televisor sin bordes de gran formato con panel LED avanzado - Modelo 2024,1255.14,100,INACTIVE,2025-07-13 16:41:02,2025-07-27 00:40:59
1394,PROD-01374,"Samsung Smart TV 85"" 8K Master",Pantalla premium de máxima resolución con inteligencia artificial - Modelo 2025,2702.29,72,ACTIVE,2025-06-22 03:58:55,2025-06-25 03:51:57
1395,PROD-01375,"Panasonic Smart TV 65"" 4K UHD",Pantalla grande con Dolby Vision Atmos y control por voz - Modelo 2026,925.31,90,ACTIVE,2025-12-24 20:22:09,2025-12-26 16:08:56
1396,PROD-01376,"Panasonic Smart TV 32"" HD LED",Televisor LED HD con Roku integrado y sonido Dolby Audio - Modelo 2023,278.18,136,DISCONTINUED,2025-06-13 21:58:24,2025-07-18 14:24:11
1397,PROD-01377,"Panasonic Smart TV 40"" Full HD",Pantalla plana Full HD con puertos HDMI y USB multimedia - Modelo 2024,256.9,113,ACTIVE,2025-08-16 17:50:11,2025-10-04 08:37:46
1398,PROD-01378,"LG Smart TV 50"" 4K Crystal",Pantalla UHD con procesador Crystal 4K y PurColor - Modelo 2025,459.48,64,DISCONTINUED,2026-01-31 22:27:47,2026-02-16 06:50:49
1399,PROD-01379,"Samsung Smart TV 55"" 4K QLED",Televisor QLED con tecnología Quantum Dot y diseño ultra fino - Modelo 2026,650.07,128,ACTIVE,2026-07-27 23:46:47,2026-08-06 15:25:05
1400,PROD-01380,"Panasonic Smart TV 65"" 4K UHD",Pantalla grande con Dolby Vision Atmos y control por voz - Modelo 2023,886.91,80,DISCONTINUED,2025-03-06 04:16:40,2025-03-22 14:51:28
1401,PROD-01381,"Samsung Smart TV 65"" 4K UHD",Pantalla grande con Dolby Vision Atmos y control por voz - Modelo 2024,886.05,31,ACTIVE,2025-09-19 15:33:27,2025-10-24 16:17:18
1402,PROD-01382,"Samsung Smart TV 75"" 4K Frameless",Televisor sin bordes de gran formato con panel LED avanzado - Modelo 2025,1329.99,52,ACTIVE,2025-01-01 14:47:04,2025-01-05 04:47:25
1403,PROD-01383,"Sony Smart TV 43"" 4K UHD",Televisor inteligente con HDR10+ y sistema operativo webOS - Modelo 2026,395.17,96,ACTIVE,2025-06-16 16:28:02,2025-07-07 19:37:12
1404,PROD-01384,"Samsung Smart TV 32"" HD LED",Televisor LED HD con Roku integrado y sonido Dolby Audio - Modelo 2023,316.73,66,INACTIVE,2026-06-04 13:47:23,2026-07-03 17:59:00
1405,PROD-01385,"TCL Smart TV 32"" HD LED",Televisor LED HD con Roku integrado y sonido Dolby Audio - Modelo 2024,281.41,29,DISCONTINUED,2026-01-05 18:55:16,2026-01-30 17:34:24
1406,PROD-01386,"LG Smart TV 55"" 4K QLED",Televisor QLED con tecnología Quantum Dot y diseño ultra fino - Modelo 2025,693.5,131,ACTIVE,2025-08-05 08:37:14,2025-09-16 18:16:42
1407,PROD-01387,"Philips Smart TV 50"" 4K Crystal",Pantalla UHD con procesador Crystal 4K y PurColor - Modelo 2026,501.41,85,INACTIVE,2025-06-09 13:04:50,2025-06-27 02:41:51
1408,PROD-01388,"TCL Smart TV 75"" 4K Frameless",Televisor sin bordes de gran formato con panel LED avanzado - Modelo 2023,1200.48,100,ACTIVE,2025-02-28 02:22:55,2025-04-05 15:06:34
1409,PROD-01389,"Hisense Smart TV 43"" 4K UHD",Televisor inteligente con HDR10+ y sistema operativo webOS - Modelo 2024,384.6,132,DISCONTINUED,2025-09-10 23:05:51,2025-10-21 14:01:34
1410,PROD-01390,"Philips Smart TV 32"" HD LED",Televisor LED HD con Roku integrado y sonido Dolby Audio - Modelo 2025,216.33,94,DISCONTINUED,2026-06-07 13:10:38,2026-06-26 10:03:54
1411,PROD-01391,"Hisense Smart TV 65"" 4K UHD",Pantalla grande con Dolby Vision Atmos y control por voz - Modelo 2026,775.83,140,INACTIVE,2026-03-04 09:27:56,2026-03-08 03:26:09
1412,PROD-01392,"Xiaomi Smart TV 65"" 4K UHD",Pantalla grande con Dolby Vision Atmos y control por voz - Modelo 2023,900.96,11,ACTIVE,2025-04-25 16:31:01,2025-05-13 02:48:31
1413,PROD-01393,"Sony Smart TV 32"" HD LED",Televisor LED HD con Roku integrado y sonido Dolby Audio - Modelo 2024,211.23,123,ACTIVE,2026-03-30 10:32:04,2026-05-06 06:14:14
1414,PROD-01394,"Hisense Smart TV 40"" Full HD",Pantalla plana Full HD con puertos HDMI y USB multimedia - Modelo 2025,284.33,119,ACTIVE,2025-10-05 01:24:42,2025-10-24 18:53:35
1415,PROD-01395,"Sony Smart TV 50"" 4K Crystal",Pantalla UHD con procesador Crystal 4K y PurColor - Modelo 2026,520.81,33,DISCONTINUED,2025-10-23 11:52:24,2025-11-11 19:54:30
1416,PROD-01396,"Hisense Smart TV 55"" 4K QLED",Televisor QLED con tecnología Quantum Dot y diseño ultra fino - Modelo 2023,716.51,97,INACTIVE,2025-11-30 15:11:30,2025-12-21 12:38:09
1417,PROD-01397,"Panasonic Smart TV 40"" Full HD",Pantalla plana Full HD con puertos HDMI y USB multimedia - Modelo 2024,334.77,54,INACTIVE,2025-08-03 08:41:53,2025-08-18 17:06:05
1418,PROD-01398,"Xiaomi Smart TV 85"" 8K Master",Pantalla premium de máxima resolución con inteligencia artificial - Modelo 2025,2659.16,136,INACTIVE,2026-02-06 06:06:03,2026-03-23 12:56:13
1419,PROD-01399,"Sony Smart TV 50"" 4K Crystal",Pantalla UHD con procesador Crystal 4K y PurColor - Modelo 2026,460.4,107,ACTIVE,2025-03-23 11:37:25,2025-04-04 03:14:42
1420,PROD-01400,"Xiaomi Smart TV 85"" 8K Master",Pantalla premium de máxima resolución con inteligencia artificial - Modelo 2023,2723.85,32,DISCONTINUED,2025-06-05 09:26:32,2025-07-03 08:30:38
1421,PROD-01401,"Hisense Smart TV 32"" HD LED",Televisor LED HD con Roku integrado y sonido Dolby Audio - Modelo 2024,234.5,90,INACTIVE,2025-12-28 06:47:22,2026-02-11 11:42:34
1422,PROD-01402,"Sony Smart TV 85"" 8K Master",Pantalla premium de máxima resolución con inteligencia artificial - Modelo 2025,2595.11,131,ACTIVE,2026-06-08 10:11:33,2026-06-08 23:17:58
1423,PROD-01403,"Panasonic Smart TV 43"" 4K UHD",Televisor inteligente con HDR10+ y sistema operativo webOS - Modelo 2026,417.22,11,DISCONTINUED,2025-01-29 04:04:29,2025-02-04 03:46:50
1424,PROD-01404,"Panasonic Smart TV 40"" Full HD",Pantalla plana Full HD con puertos HDMI y USB multimedia - Modelo 2023,289.12,91,INACTIVE,2025-06-10 14:12:48,2025-06-29 17:24:27
1425,PROD-01405,"Sony Smart TV 65"" 4K UHD",Pantalla grande con Dolby Vision Atmos y control por voz - Modelo 2024,822.04,30,ACTIVE,2026-05-26 12:53:10,2026-06-01 06:09:02
1426,PROD-01406,"Panasonic Smart TV 75"" 4K Frameless",Televisor sin bordes de gran formato con panel LED avanzado - Modelo 2025,1330.16,32,ACTIVE,2025-09-01 15:04:20,2025-10-18 05:43:11
1427,PROD-01407,"Xiaomi Smart TV 32"" HD LED",Televisor LED HD con Roku integrado y sonido Dolby Audio - Modelo 2026,215.11,0,DISCONTINUED,2026-07-04 10:59:03,2026-07-23 11:02:24
1428,PROD-01408,"Sony Smart TV 85"" 8K Master",Pantalla premium de máxima resolución con inteligencia artificial - Modelo 2023,2840.81,132,ACTIVE,2025-03-31 01:38:24,2025-05-05 06:46:12
1429,PROD-01409,"TCL Smart TV 55"" 4K QLED",Televisor QLED con tecnología Quantum Dot y diseño ultra fino - Modelo 2024,617.24,76,DISCONTINUED,2025-11-05 17:06:22,2025-11-29 23:39:54
1430,PROD-01410,"Panasonic Smart TV 55"" 4K QLED",Televisor QLED con tecnología Quantum Dot y diseño ultra fino - Modelo 2025,638.34,75,ACTIVE,2025-10-14 20:03:20,2025-11-27 15:50:39
1431,PROD-01411,"Xiaomi Smart TV 65"" 4K UHD",Pantalla grande con Dolby Vision Atmos y control por voz - Modelo 2026,855.24,22,DISCONTINUED,2026-03-06 01:48:36,2026-04-24 16:07:49
1432,PROD-01412,"Samsung Smart TV 55"" 4K QLED",Televisor QLED con tecnología Quantum Dot y diseño ultra fino - Modelo 2023,692.3,146,ACTIVE,2026-07-06 14:08:48,2026-07-25 20:04:04
1433,PROD-01413,"Philips Smart TV 65"" 4K UHD",Pantalla grande con Dolby Vision Atmos y control por voz - Modelo 2024,899.69,123,ACTIVE,2025-03-26 20:20:23,2025-04-27 09:11:13
1434,PROD-01414,"Hisense Smart TV 65"" 4K UHD",Pantalla grande con Dolby Vision Atmos y control por voz - Modelo 2025,835.61,20,ACTIVE,2026-04-30 20:39:02,2026-06-11 02:50:11
1435,PROD-01415,"Panasonic Smart TV 40"" Full HD",Pantalla plana Full HD con puertos HDMI y USB multimedia - Modelo 2026,303.6,17,ACTIVE,2025-02-22 13:21:00,2025-02-23 18:34:54
1436,PROD-01416,"Sony Smart TV 65"" 4K UHD",Pantalla grande con Dolby Vision Atmos y control por voz - Modelo 2023,882.06,22,ACTIVE,2025-03-11 00:03:18,2025-03-27 00:08:30
1437,PROD-01417,"LG Smart TV 40"" Full HD",Pantalla plana Full HD con puertos HDMI y USB multimedia - Modelo 2024,353.12,61,DISCONTINUED,2025-02-18 17:48:35,2025-03-12 13:43:59
1438,PROD-01418,"TCL Smart TV 75"" 4K Frameless",Televisor sin bordes de gran formato con panel LED avanzado - Modelo 2025,1375.11,80,ACTIVE,2025-12-28 20:10:34,2026-01-24 05:57:55
1439,PROD-01419,"Xiaomi Smart TV 43"" 4K UHD",Televisor inteligente con HDR10+ y sistema operativo webOS - Modelo 2026,418.54,54,INACTIVE,2026-08-17 04:33:34,2026-09-10 19:04:55
1440,PROD-01420,"Hisense Smart TV 43"" 4K UHD",Televisor inteligente con HDR10+ y sistema operativo webOS - Modelo 2023,462.69,119,ACTIVE,2025-01-08 02:01:00,2025-02-02 14:45:05
1441,PROD-01421,"Panasonic Smart TV 85"" 8K Master",Pantalla premium de máxima resolución con inteligencia artificial - Modelo 2024,2610.3,10,ACTIVE,2025-06-12 06:40:07,2025-06-30 15:46:45
1442,PROD-01422,"Sony Smart TV 50"" 4K Crystal",Pantalla UHD con procesador Crystal 4K y PurColor - Modelo 2025,509.61,27,DISCONTINUED,2025-01-21 19:08:25,2025-01-24 20:36:03
1443,PROD-01423,"LG Smart TV 40"" Full HD",Pantalla plana Full HD con puertos HDMI y USB multimedia - Modelo 2026,362.17,130,INACTIVE,2025-12-15 02:31:47,2026-01-06 14:54:05
1444,PROD-01424,"Hisense Smart TV 50"" 4K Crystal",Pantalla UHD con procesador Crystal 4K y PurColor - Modelo 2023,523.46,10,ACTIVE,2025-02-11 19:14:37,2025-02-15 01:26:52
1445,PROD-01425,"Samsung Smart TV 50"" 4K Crystal",Pantalla UHD con procesador Crystal 4K y PurColor - Modelo 2024,505.81,77,DISCONTINUED,2025-05-17 16:49:57,2025-05-17 16:57:30
1446,PROD-01426,"Hisense Smart TV 32"" HD LED",Televisor LED HD con Roku integrado y sonido Dolby Audio - Modelo 2025,214.85,100,INACTIVE,2025-10-17 18:42:14,2025-11-16 00:04:15
1447,PROD-01427,"LG Smart TV 40"" Full HD",Pantalla plana Full HD con puertos HDMI y USB multimedia - Modelo 2026,335.83,56,ACTIVE,2025-10-21 00:02:20,2025-11-15 14:03:49
1448,PROD-01428,"Xiaomi Smart TV 43"" 4K UHD",Televisor inteligente con HDR10+ y sistema operativo webOS - Modelo 2023,383.71,59,DISCONTINUED,2025-11-07 04:42:51,2025-11-12 19:44:07
1449,PROD-01429,"Philips Smart TV 40"" Full HD",Pantalla plana Full HD con puertos HDMI y USB multimedia - Modelo 2024,365.45,90,ACTIVE,2026-08-22 17:11:47,2026-09-17 19:58:28
1450,PROD-01430,"Hisense Smart TV 85"" 8K Master",Pantalla premium de máxima resolución con inteligencia artificial - Modelo 2025,2675.9,99,ACTIVE,2025-03-29 13:36:40,2025-03-30 18:52:18
1451,PROD-01431,"Philips Smart TV 43"" 4K UHD",Televisor inteligente con HDR10+ y sistema operativo webOS - Modelo 2026,387.55,4,DISCONTINUED,2026-04-26 20:16:45,2026-05-13 23:25:55
1452,PROD-01432,"Philips Smart TV 50"" 4K Crystal",Pantalla UHD con procesador Crystal 4K y PurColor - Modelo 2023,490.85,102,ACTIVE,2026-02-15 13:51:30,2026-02-23 16:25:01
1453,PROD-01433,"Sony Smart TV 85"" 8K Master",Pantalla premium de máxima resolución con inteligencia artificial - Modelo 2024,2672.39,60,DISCONTINUED,2026-04-30 09:35:30,2026-05-08 12:15:21
1454,PROD-01434,"Sony Smart TV 75"" 4K Frameless",Televisor sin bordes de gran formato con panel LED avanzado - Modelo 2025,1163.09,125,INACTIVE,2026-01-17 04:25:30,2026-02-08 11:10:04
1455,PROD-01435,"LG Smart TV 32"" HD LED",Televisor LED HD con Roku integrado y sonido Dolby Audio - Modelo 2026,233.27,92,INACTIVE,2025-12-09 07:02:47,2026-01-24 02:09:32
1456,PROD-01436,"TCL Smart TV 65"" 4K UHD",Pantalla grande con Dolby Vision Atmos y control por voz - Modelo 2023,874.56,49,ACTIVE,2025-01-29 00:04:46,2025-02-06 21:33:04
1457,PROD-01437,"LG Smart TV 40"" Full HD",Pantalla plana Full HD con puertos HDMI y USB multimedia - Modelo 2024,361.28,10,ACTIVE,2025-10-30 02:53:01,2025-11-22 09:02:14
1458,PROD-01438,"Samsung Smart TV 75"" 4K Frameless",Televisor sin bordes de gran formato con panel LED avanzado - Modelo 2025,1239.56,48,ACTIVE,2025-09-29 15:32:11,2025-10-25 20:05:29
1459,PROD-01439,"Sony Smart TV 50"" 4K Crystal",Pantalla UHD con procesador Crystal 4K y PurColor - Modelo 2026,445.5,40,ACTIVE,2025-10-04 15:32:52,2025-11-22 06:45:30
1460,PROD-01440,"Panasonic Smart TV 40"" Full HD",Pantalla plana Full HD con puertos HDMI y USB multimedia - Modelo 2023,339.46,115,ACTIVE,2026-05-11 21:20:52,2026-06-16 22:18:38
1461,PROD-01441,"Xiaomi Smart TV 65"" 4K UHD",Pantalla grande con Dolby Vision Atmos y control por voz - Modelo 2024,873.73,140,ACTIVE,2025-11-09 13:37:43,2025-11-10 22:05:57
1462,PROD-01442,"Hisense Smart TV 55"" 4K QLED",Televisor QLED con tecnología Quantum Dot y diseño ultra fino - Modelo 2025,712.52,5,ACTIVE,2025-04-10 18:23:36,2025-05-07 18:00:52
1463,PROD-01443,"Samsung Smart TV 65"" 4K UHD",Pantalla grande con Dolby Vision Atmos y control por voz - Modelo 2026,869.12,56,INACTIVE,2025-10-26 14:18:23,2025-11-03 18:14:18
1464,PROD-01444,"Samsung Smart TV 75"" 4K Frameless",Televisor sin bordes de gran formato con panel LED avanzado - Modelo 2023,1277.99,82,DISCONTINUED,2025-10-03 20:34:22,2025-10-07 04:47:52
1465,PROD-01445,"TCL Smart TV 32"" HD LED",Televisor LED HD con Roku integrado y sonido Dolby Audio - Modelo 2024,307.6,131,INACTIVE,2026-06-21 16:07:58,2026-07-02 09:57:45
1466,PROD-01446,"Samsung Smart TV 75"" 4K Frameless",Televisor sin bordes de gran formato con panel LED avanzado - Modelo 2025,1230.29,78,ACTIVE,2025-06-11 13:21:25,2025-07-27 19:12:06
1467,PROD-01447,"Xiaomi Smart TV 85"" 8K Master",Pantalla premium de máxima resolución con inteligencia artificial - Modelo 2026,2677.25,27,DISCONTINUED,2026-07-17 02:24:34,2026-07-28 14:11:24
1468,PROD-01448,"TCL Smart TV 40"" Full HD",Pantalla plana Full HD con puertos HDMI y USB multimedia - Modelo 2023,256.05,82,ACTIVE,2026-06-18 11:42:58,2026-08-04 21:12:40
1469,PROD-01449,"LG Smart TV 40"" Full HD",Pantalla plana Full HD con puertos HDMI y USB multimedia - Modelo 2024,324.73,131,DISCONTINUED,2026-02-27 16:51:02,2026-03-05 08:41:21
1470,PROD-01450,"Panasonic Smart TV 75"" 4K Frameless",Televisor sin bordes de gran formato con panel LED avanzado - Modelo 2025,1319.9,27,ACTIVE,2025-02-17 10:56:28,2025-03-26 07:07:05
1471,PROD-01451,"Sony Smart TV 55"" 4K QLED",Televisor QLED con tecnología Quantum Dot y diseño ultra fino - Modelo 2026,688.23,150,ACTIVE,2025-05-20 12:56:04,2025-07-01 22:04:11
1472,PROD-01452,"Hisense Smart TV 32"" HD LED",Televisor LED HD con Roku integrado y sonido Dolby Audio - Modelo 2023,261.92,44,ACTIVE,2025-05-24 20:04:05,2025-07-13 21:56:00
1473,PROD-01453,"LG Smart TV 40"" Full HD",Pantalla plana Full HD con puertos HDMI y USB multimedia - Modelo 2024,277.42,12,ACTIVE,2025-08-23 07:58:19,2025-09-13 22:00:38
1474,PROD-01454,"Hisense Smart TV 40"" Full HD",Pantalla plana Full HD con puertos HDMI y USB multimedia - Modelo 2025,311.9,0,DISCONTINUED,2026-08-17 02:18:06,2026-09-04 15:31:00
1475,PROD-01455,"LG Smart TV 40"" Full HD",Pantalla plana Full HD con puertos HDMI y USB multimedia - Modelo 2026,303.96,6,INACTIVE,2025-05-16 23:50:52,2025-05-31 21:35:36
1476,PROD-01456,"Xiaomi Smart TV 65"" 4K UHD",Pantalla grande con Dolby Vision Atmos y control por voz - Modelo 2023,895.08,57,INACTIVE,2026-06-17 22:32:08,2026-08-03 20:29:22
1477,PROD-01457,"Philips Smart TV 32"" HD LED",Televisor LED HD con Roku integrado y sonido Dolby Audio - Modelo 2024,198.56,20,ACTIVE,2026-02-25 12:10:31,2026-03-17 18:45:49
1478,PROD-01458,"TCL Smart TV 32"" HD LED",Televisor LED HD con Roku integrado y sonido Dolby Audio - Modelo 2025,289.84,47,ACTIVE,2026-01-18 02:24:53,2026-02-07 05:46:03
1479,PROD-01459,"TCL Smart TV 55"" 4K QLED",Televisor QLED con tecnología Quantum Dot y diseño ultra fino - Modelo 2026,631.79,110,DISCONTINUED,2026-01-23 19:23:08,2026-03-03 12:57:20
1480,PROD-01460,"Samsung Smart TV 50"" 4K Crystal",Pantalla UHD con procesador Crystal 4K y PurColor - Modelo 2023,511.36,127,INACTIVE,2026-06-27 16:50:52,2026-08-16 01:17:55
1481,PROD-01461,"Philips Smart TV 32"" HD LED",Televisor LED HD con Roku integrado y sonido Dolby Audio - Modelo 2024,235.95,9,INACTIVE,2025-09-17 06:11:08,2025-10-22 14:22:27
1482,PROD-01462,"Sony Smart TV 55"" 4K QLED",Televisor QLED con tecnología Quantum Dot y diseño ultra fino - Modelo 2025,587.67,39,DISCONTINUED,2026-05-04 19:48:54,2026-05-29 14:37:37
1483,PROD-01463,"Sony Smart TV 40"" Full HD",Pantalla plana Full HD con puertos HDMI y USB multimedia - Modelo 2026,322.24,92,ACTIVE,2026-07-01 05:22:17,2026-08-06 19:30:15
1484,PROD-01464,"TCL Smart TV 85"" 8K Master",Pantalla premium de máxima resolución con inteligencia artificial - Modelo 2023,2645.39,121,INACTIVE,2026-06-07 02:18:53,2026-06-19 18:43:12
1485,PROD-01465,"Panasonic Smart TV 75"" 4K Frameless",Televisor sin bordes de gran formato con panel LED avanzado - Modelo 2024,1343.17,27,ACTIVE,2025-12-09 14:45:55,2026-01-17 13:05:27
1486,PROD-01466,"Hisense Smart TV 65"" 4K UHD",Pantalla grande con Dolby Vision Atmos y control por voz - Modelo 2025,929.52,7,ACTIVE,2025-01-28 23:41:48,2025-03-14 15:05:42
1487,PROD-01467,"Panasonic Smart TV 43"" 4K UHD",Televisor inteligente con HDR10+ y sistema operativo webOS - Modelo 2026,404.08,93,ACTIVE,2025-02-10 05:27:48,2025-02-28 05:03:26
1488,PROD-01468,"Panasonic Smart TV 40"" Full HD",Pantalla plana Full HD con puertos HDMI y USB multimedia - Modelo 2023,360.55,96,ACTIVE,2025-06-06 06:42:07,2025-06-07 21:01:42
1489,PROD-01469,"Panasonic Smart TV 65"" 4K UHD",Pantalla grande con Dolby Vision Atmos y control por voz - Modelo 2024,840.79,76,INACTIVE,2025-11-12 16:36:28,2025-11-15 10:00:58
1490,PROD-01470,"Samsung Smart TV 55"" 4K QLED",Televisor QLED con tecnología Quantum Dot y diseño ultra fino - Modelo 2025,666.24,44,INACTIVE,2025-05-15 19:21:34,2025-06-26 04:46:37
1491,PROD-01471,"LG Smart TV 85"" 8K Master",Pantalla premium de máxima resolución con inteligencia artificial - Modelo 2026,2784.7,143,ACTIVE,2025-08-25 02:05:27,2025-09-13 00:25:15
1492,PROD-01472,"LG Smart TV 43"" 4K UHD",Televisor inteligente con HDR10+ y sistema operativo webOS - Modelo 2023,413.23,117,ACTIVE,2026-01-18 04:02:20,2026-01-28 05:30:22
1493,PROD-01473,"Philips Smart TV 50"" 4K Crystal",Pantalla UHD con procesador Crystal 4K y PurColor - Modelo 2024,526.85,150,ACTIVE,2026-06-29 17:39:53,2026-07-20 07:27:16
1494,PROD-01474,"Philips Smart TV 40"" Full HD",Pantalla plana Full HD con puertos HDMI y USB multimedia - Modelo 2025,294.48,126,ACTIVE,2026-06-02 18:37:54,2026-06-14 05:30:22
1495,PROD-01475,"Sony Smart TV 50"" 4K Crystal",Pantalla UHD con procesador Crystal 4K y PurColor - Modelo 2026,476.96,136,DISCONTINUED,2026-07-18 09:59:46,2026-08-12 12:35:31
1496,PROD-01476,"Panasonic Smart TV 43"" 4K UHD",Televisor inteligente con HDR10+ y sistema operativo webOS - Modelo 2023,456.98,133,ACTIVE,2026-04-23 12:58:17,2026-05-05 00:47:49
1497,PROD-01477,"Sony Smart TV 40"" Full HD",Pantalla plana Full HD con puertos HDMI y USB multimedia - Modelo 2024,348.51,26,INACTIVE,2025-03-09 06:11:09,2025-03-11 03:28:54
1498,PROD-01478,"Hisense Smart TV 40"" Full HD",Pantalla plana Full HD con puertos HDMI y USB multimedia - Modelo 2025,323.57,8,ACTIVE,2026-06-08 14:34:15,2026-07-17 12:04:59
1499,PROD-01479,"LG Smart TV 85"" 8K Master",Pantalla premium de máxima resolución con inteligencia artificial - Modelo 2026,2967.71,58,ACTIVE,2025-11-19 14:11:39,2025-12-16 00:49:01
1500,PROD-01480,"LG Smart TV 43"" 4K UHD",Televisor inteligente con HDR10+ y sistema operativo webOS - Modelo 2023,391.26,88,ACTIVE,2025-07-09 02:11:22,2025-08-09 23:07:59
1501,PROD-01481,"LG Smart TV 32"" HD LED",Televisor LED HD con Roku integrado y sonido Dolby Audio - Modelo 2024,228.35,146,ACTIVE,2026-07-02 07:44:57,2026-08-07 17:11:10
1502,PROD-01482,"TCL Smart TV 85"" 8K Master",Pantalla premium de máxima resolución con inteligencia artificial - Modelo 2025,2825.11,35,ACTIVE,2025-05-13 21:01:29,2025-05-16 10:26:14
1503,PROD-01483,"Samsung Smart TV 32"" HD LED",Televisor LED HD con Roku integrado y sonido Dolby Audio - Modelo 2026,232.96,112,ACTIVE,2026-07-08 00:15:58,2026-07-21 01:16:05
1504,PROD-01484,"Hisense Smart TV 85"" 8K Master",Pantalla premium de máxima resolución con inteligencia artificial - Modelo 2023,2699.3,143,ACTIVE,2026-08-05 03:57:13,2026-09-08 23:30:12
1505,PROD-01485,"Hisense Smart TV 85"" 8K Master",Pantalla premium de máxima resolución con inteligencia artificial - Modelo 2024,2886.53,89,ACTIVE,2026-01-29 13:14:33,2026-02-15 09:00:15
1506,PROD-01486,"Hisense Smart TV 43"" 4K UHD",Televisor inteligente con HDR10+ y sistema operativo webOS - Modelo 2025,444.87,72,DISCONTINUED,2025-09-11 08:36:51,2025-10-26 02:24:15
1507,PROD-01487,"Xiaomi Smart TV 50"" 4K Crystal",Pantalla UHD con procesador Crystal 4K y PurColor - Modelo 2026,430.36,20,ACTIVE,2026-08-12 23:19:57,2026-09-19 00:59:30
1508,PROD-01488,"Hisense Smart TV 75"" 4K Frameless",Televisor sin bordes de gran formato con panel LED avanzado - Modelo 2023,1284.92,133,DISCONTINUED,2025-07-21 08:35:05,2025-08-30 19:27:03
1509,PROD-01489,"LG Smart TV 50"" 4K Crystal",Pantalla UHD con procesador Crystal 4K y PurColor - Modelo 2024,486.82,54,DISCONTINUED,2025-01-23 03:38:58,2025-02-07 21:36:53
1510,PROD-01490,"Panasonic Smart TV 85"" 8K Master",Pantalla premium de máxima resolución con inteligencia artificial - Modelo 2025,2798.79,117,ACTIVE,2025-12-16 10:41:56,2026-01-27 05:41:05
1511,PROD-01491,"Panasonic Smart TV 85"" 8K Master",Pantalla premium de máxima resolución con inteligencia artificial - Modelo 2026,2893.11,42,ACTIVE,2025-01-30 17:26:42,2025-03-06 00:59:51
1512,PROD-01492,"Xiaomi Smart TV 85"" 8K Master",Pantalla premium de máxima resolución con inteligencia artificial - Modelo 2023,2793.91,71,INACTIVE,2025-11-10 18:34:21,2025-11-24 10:27:09
1513,PROD-01493,"Samsung Smart TV 50"" 4K Crystal",Pantalla UHD con procesador Crystal 4K y PurColor - Modelo 2024,463.59,75,DISCONTINUED,2026-04-27 15:58:12,2026-05-22 14:37:53
1514,PROD-01494,"Xiaomi Smart TV 43"" 4K UHD",Televisor inteligente con HDR10+ y sistema operativo webOS - Modelo 2025,421.48,30,ACTIVE,2025-12-07 10:50:12,2026-01-25 00:27:08
1515,PROD-01495,"LG Smart TV 50"" 4K Crystal",Pantalla UHD con procesador Crystal 4K y PurColor - Modelo 2026,552.35,23,ACTIVE,2025-05-14 02:35:23,2025-06-02 01:58:43
1516,PROD-01496,"Philips Smart TV 65"" 4K UHD",Pantalla grande con Dolby Vision Atmos y control por voz - Modelo 2023,799.15,83,DISCONTINUED,2025-08-18 06:04:10,2025-09-09 17:35:17
1517,PROD-01497,"Hisense Smart TV 85"" 8K Master",Pantalla premium de máxima resolución con inteligencia artificial - Modelo 2024,2774.02,58,INACTIVE,2025-08-31 14:09:25,2025-10-12 00:19:38
1518,PROD-01498,"Sony Smart TV 75"" 4K Frameless",Televisor sin bordes de gran formato con panel LED avanzado - Modelo 2025,1271.0,24,ACTIVE,2025-06-22 10:03:15,2025-07-17 14:23:00
1519,PROD-01499,"Xiaomi Smart TV 55"" 4K QLED",Televisor QLED con tecnología Quantum Dot y diseño ultra fino - Modelo 2026,639.14,9,INACTIVE,2025-08-31 00:29:09,2025-10-19 07:51:23
1520,PROD-01500,"Xiaomi Smart TV 75"" 4K Frameless",Televisor sin bordes de gran formato con panel LED avanzado - Modelo 2023,1246.46,100,DISCONTINUED,2026-08-13 17:13:54,2026-08-24 17:12:42
1521,PROD-01501,"Xiaomi Smart TV 40"" Full HD",Pantalla plana Full HD con puertos HDMI y USB multimedia - Modelo 2024,360.77,69,ACTIVE,2025-09-01 07:33:57,2025-09-28 01:35:15
1522,PROD-01502,"Hisense Smart TV 65"" 4K UHD",Pantalla grande con Dolby Vision Atmos y control por voz - Modelo 2025,858.51,145,ACTIVE,2025-09-20 03:39:04,2025-10-07 06:28:48
1523,PROD-01503,"Panasonic Smart TV 55"" 4K QLED",Televisor QLED con tecnología Quantum Dot y diseño ultra fino - Modelo 2026,655.68,36,DISCONTINUED,2026-04-23 02:02:32,2026-05-23 08:54:49
1524,PROD-01504,"Philips Smart TV 40"" Full HD",Pantalla plana Full HD con puertos HDMI y USB multimedia - Modelo 2023,310.01,150,INACTIVE,2026-07-05 00:03:58,2026-08-09 01:52:59
1525,PROD-01505,"LG Smart TV 85"" 8K Master",Pantalla premium de máxima resolución con inteligencia artificial - Modelo 2024,2597.2,70,ACTIVE,2025-04-23 03:19:20,2025-06-05 15:42:27
1526,PROD-01506,"Xiaomi Smart TV 55"" 4K QLED",Televisor QLED con tecnología Quantum Dot y diseño ultra fino - Modelo 2025,624.88,16,ACTIVE,2026-05-04 06:34:50,2026-05-30 04:41:37
1527,PROD-01507,"TCL Smart TV 85"" 8K Master",Pantalla premium de máxima resolución con inteligencia artificial - Modelo 2026,2968.47,51,ACTIVE,2025-04-02 07:09:45,2025-05-12 09:47:32
1528,PROD-01508,"Philips Smart TV 50"" 4K Crystal",Pantalla UHD con procesador Crystal 4K y PurColor - Modelo 2023,532.69,120,DISCONTINUED,2025-08-26 05:31:57,2025-10-15 22:54:16
1529,PROD-01509,"Samsung Smart TV 40"" Full HD",Pantalla plana Full HD con puertos HDMI y USB multimedia - Modelo 2024,329.52,35,ACTIVE,2025-03-24 00:45:56,2025-04-03 11:21:30
1530,PROD-01510,"Samsung Smart TV 32"" HD LED",Televisor LED HD con Roku integrado y sonido Dolby Audio - Modelo 2025,298.24,112,ACTIVE,2026-05-03 14:17:30,2026-05-25 04:08:49
1531,PROD-01511,"Xiaomi Smart TV 40"" Full HD",Pantalla plana Full HD con puertos HDMI y USB multimedia - Modelo 2026,341.78,130,INACTIVE,2025-11-23 23:25:07,2026-01-08 19:43:16
1532,PROD-01512,"Hisense Smart TV 50"" 4K Crystal",Pantalla UHD con procesador Crystal 4K y PurColor - Modelo 2023,472.38,37,ACTIVE,2026-08-16 18:51:55,2026-09-11 23:46:37
1533,PROD-01513,"Panasonic Smart TV 75"" 4K Frameless",Televisor sin bordes de gran formato con panel LED avanzado - Modelo 2024,1265.61,39,DISCONTINUED,2025-12-27 22:27:53,2026-02-08 01:32:20
1534,PROD-01514,"Philips Smart TV 75"" 4K Frameless",Televisor sin bordes de gran formato con panel LED avanzado - Modelo 2025,1324.33,76,ACTIVE,2025-12-11 12:14:27,2026-01-20 18:09:04
1535,PROD-01515,"TCL Smart TV 55"" 4K QLED",Televisor QLED con tecnología Quantum Dot y diseño ultra fino - Modelo 2026,660.71,54,ACTIVE,2026-05-16 07:01:35,2026-06-08 05:40:54
1536,PROD-01516,"TCL Smart TV 55"" 4K QLED",Televisor QLED con tecnología Quantum Dot y diseño ultra fino - Modelo 2023,720.6,64,INACTIVE,2025-10-25 20:04:23,2025-11-05 07:00:14
1537,PROD-01517,"Xiaomi Smart TV 65"" 4K UHD",Pantalla grande con Dolby Vision Atmos y control por voz - Modelo 2024,850.86,88,ACTIVE,2025-03-16 21:19:50,2025-04-16 09:37:09
1538,PROD-01518,"LG Smart TV 50"" 4K Crystal",Pantalla UHD con procesador Crystal 4K y PurColor - Modelo 2025,495.94,131,INACTIVE,2026-07-17 22:47:37,2026-08-07 10:18:57
1539,PROD-01519,"TCL Smart TV 50"" 4K Crystal",Pantalla UHD con procesador Crystal 4K y PurColor - Modelo 2026,532.27,141,ACTIVE,2025-08-05 20:35:57,2025-09-18 00:28:01
1540,PROD-01520,"Hisense Smart TV 85"" 8K Master",Pantalla premium de máxima resolución con inteligencia artificial - Modelo 2023,2738.98,51,ACTIVE,2025-10-10 10:41:57,2025-10-12 01:18:53
1541,PROD-01521,"LG Smart TV 43"" 4K UHD",Televisor inteligente con HDR10+ y sistema operativo webOS - Modelo 2024,407.17,44,ACTIVE,2025-07-01 08:31:46,2025-08-02 14:28:59
1542,PROD-01522,"TCL Smart TV 43"" 4K UHD",Televisor inteligente con HDR10+ y sistema operativo webOS - Modelo 2025,458.74,135,INACTIVE,2025-04-02 02:06:01,2025-04-17 03:13:00
1543,PROD-01523,"Xiaomi Smart TV 75"" 4K Frameless",Televisor sin bordes de gran formato con panel LED avanzado - Modelo 2026,1282.62,60,ACTIVE,2025-04-07 10:24:22,2025-05-04 03:05:57
1544,PROD-01524,"Xiaomi Smart TV 85"" 8K Master",Pantalla premium de máxima resolución con inteligencia artificial - Modelo 2023,2921.46,135,INACTIVE,2026-03-29 14:29:17,2026-05-16 06:53:22
1545,PROD-01525,"Hisense Smart TV 50"" 4K Crystal",Pantalla UHD con procesador Crystal 4K y PurColor - Modelo 2024,476.41,84,INACTIVE,2026-02-15 08:11:06,2026-03-23 22:30:56
1546,PROD-01526,"Sony Smart TV 50"" 4K Crystal",Pantalla UHD con procesador Crystal 4K y PurColor - Modelo 2025,508.01,38,INACTIVE,2026-04-22 11:07:07,2026-04-25 12:51:18
1547,PROD-01527,"Hisense Smart TV 32"" HD LED",Televisor LED HD con Roku integrado y sonido Dolby Audio - Modelo 2026,234.73,141,ACTIVE,2025-06-03 09:15:48,2025-06-09 09:41:46
1548,PROD-01528,"Panasonic Smart TV 43"" 4K UHD",Televisor inteligente con HDR10+ y sistema operativo webOS - Modelo 2023,408.78,19,ACTIVE,2025-06-18 13:51:17,2025-07-25 02:32:12
1549,PROD-01529,"Sony Smart TV 85"" 8K Master",Pantalla premium de máxima resolución con inteligencia artificial - Modelo 2024,2870.29,119,ACTIVE,2026-08-12 06:06:47,2026-08-31 02:05:05
1550,PROD-01530,"Hisense Smart TV 43"" 4K UHD",Televisor inteligente con HDR10+ y sistema operativo webOS - Modelo 2025,366.2,79,INACTIVE,2025-10-03 23:16:51,2025-10-19 03:45:19
1551,PROD-01531,"TCL Smart TV 85"" 8K Master",Pantalla premium de máxima resolución con inteligencia artificial - Modelo 2026,2725.0,61,INACTIVE,2025-05-12 01:03:13,2025-06-02 17:36:40
1552,PROD-01532,"Samsung Smart TV 75"" 4K Frameless",Televisor sin bordes de gran formato con panel LED avanzado - Modelo 2023,1373.91,57,INACTIVE,2025-07-06 14:21:46,2025-08-08 12:52:35
1553,PROD-01533,"TCL Smart TV 43"" 4K UHD",Televisor inteligente con HDR10+ y sistema operativo webOS - Modelo 2024,448.8,41,DISCONTINUED,2025-08-02 23:07:46,2025-08-31 02:20:35
1554,PROD-01534,"TCL Smart TV 40"" Full HD",Pantalla plana Full HD con puertos HDMI y USB multimedia - Modelo 2025,315.42,54,ACTIVE,2026-06-07 21:03:48,2026-07-21 13:11:03
1555,PROD-01535,"Panasonic Smart TV 75"" 4K Frameless",Televisor sin bordes de gran formato con panel LED avanzado - Modelo 2026,1329.56,49,DISCONTINUED,2025-04-15 05:16:45,2025-05-31 04:24:59
1556,PROD-01536,"Hisense Smart TV 50"" 4K Crystal",Pantalla UHD con procesador Crystal 4K y PurColor - Modelo 2023,464.19,95,ACTIVE,2026-03-08 05:46:03,2026-04-15 19:19:20
1557,PROD-01537,"Sony Smart TV 85"" 8K Master",Pantalla premium de máxima resolución con inteligencia artificial - Modelo 2024,2609.55,144,ACTIVE,2026-07-05 14:49:33,2026-08-18 20:20:17
1558,PROD-01538,"Hisense Smart TV 55"" 4K QLED",Televisor QLED con tecnología Quantum Dot y diseño ultra fino - Modelo 2025,597.83,28,ACTIVE,2025-01-17 22:32:18,2025-02-01 11:26:41
1559,PROD-01539,"Philips Smart TV 85"" 8K Master",Pantalla premium de máxima resolución con inteligencia artificial - Modelo 2026,2780.05,133,ACTIVE,2026-01-20 17:02:37,2026-01-24 03:07:11
1560,PROD-01540,"LG Smart TV 32"" HD LED",Televisor LED HD con Roku integrado y sonido Dolby Audio - Modelo 2023,281.05,135,ACTIVE,2026-06-13 04:59:54,2026-07-30 00:39:02
1561,PROD-01541,"LG Smart TV 55"" 4K QLED",Televisor QLED con tecnología Quantum Dot y diseño ultra fino - Modelo 2024,655.93,61,INACTIVE,2025-05-02 15:08:37,2025-05-28 00:18:43
1562,PROD-01542,"Xiaomi Smart TV 32"" HD LED",Televisor LED HD con Roku integrado y sonido Dolby Audio - Modelo 2025,262.29,123,INACTIVE,2025-01-08 11:51:18,2025-01-22 07:13:58
1563,PROD-01543,"Xiaomi Smart TV 65"" 4K UHD",Pantalla grande con Dolby Vision Atmos y control por voz - Modelo 2026,845.39,111,DISCONTINUED,2026-03-24 02:41:38,2026-03-30 07:47:38
1564,PROD-01544,"Philips Smart TV 43"" 4K UHD",Televisor inteligente con HDR10+ y sistema operativo webOS - Modelo 2023,382.37,145,ACTIVE,2025-03-08 16:42:32,2025-03-16 07:51:42
1565,PROD-01545,"Samsung Smart TV 50"" 4K Crystal",Pantalla UHD con procesador Crystal 4K y PurColor - Modelo 2024,452.21,124,ACTIVE,2025-04-13 11:31:38,2025-05-23 18:07:15
1566,PROD-01546,"TCL Smart TV 32"" HD LED",Televisor LED HD con Roku integrado y sonido Dolby Audio - Modelo 2025,300.38,120,ACTIVE,2025-12-05 04:07:14,2026-01-12 11:59:56
1567,PROD-01547,"TCL Smart TV 50"" 4K Crystal",Pantalla UHD con procesador Crystal 4K y PurColor - Modelo 2026,510.08,100,ACTIVE,2025-07-07 19:49:54,2025-08-05 09:11:00
1568,PROD-01548,"Samsung Smart TV 75"" 4K Frameless",Televisor sin bordes de gran formato con panel LED avanzado - Modelo 2023,1330.79,93,ACTIVE,2025-07-11 06:04:51,2025-07-19 16:13:23
1569,PROD-01549,"Panasonic Smart TV 50"" 4K Crystal",Pantalla UHD con procesador Crystal 4K y PurColor - Modelo 2024,520.86,116,INACTIVE,2025-12-11 07:23:16,2025-12-20 16:13:51
1570,PROD-01550,"TCL Smart TV 55"" 4K QLED",Televisor QLED con tecnología Quantum Dot y diseño ultra fino - Modelo 2025,684.6,91,INACTIVE,2025-10-06 19:48:05,2025-11-16 03:41:17
1571,PROD-01551,"Panasonic Smart TV 32"" HD LED",Televisor LED HD con Roku integrado y sonido Dolby Audio - Modelo 2026,218.03,53,ACTIVE,2025-09-10 19:23:56,2025-10-16 23:47:55
1572,PROD-01552,"LG Smart TV 55"" 4K QLED",Televisor QLED con tecnología Quantum Dot y diseño ultra fino - Modelo 2023,633.93,137,INACTIVE,2026-07-05 09:26:00,2026-07-13 05:01:59
1573,PROD-01553,"Sony Smart TV 32"" HD LED",Televisor LED HD con Roku integrado y sonido Dolby Audio - Modelo 2024,219.91,14,ACTIVE,2026-01-31 00:23:32,2026-01-31 03:51:44
1574,PROD-01554,"TCL Smart TV 43"" 4K UHD",Televisor inteligente con HDR10+ y sistema operativo webOS - Modelo 2025,469.48,137,DISCONTINUED,2026-02-09 16:37:14,2026-02-19 18:19:06
1575,PROD-01555,"Sony Smart TV 32"" HD LED",Televisor LED HD con Roku integrado y sonido Dolby Audio - Modelo 2026,280.28,132,DISCONTINUED,2025-09-25 03:44:54,2025-10-11 08:55:41
1576,PROD-01556,"Sony Smart TV 55"" 4K QLED",Televisor QLED con tecnología Quantum Dot y diseño ultra fino - Modelo 2023,612.53,128,ACTIVE,2025-10-17 11:43:37,2025-11-12 18:49:24
1577,PROD-01557,"TCL Smart TV 43"" 4K UHD",Televisor inteligente con HDR10+ y sistema operativo webOS - Modelo 2024,436.34,39,ACTIVE,2025-06-29 21:46:40,2025-08-15 17:24:23
1578,PROD-01558,"Panasonic Smart TV 55"" 4K QLED",Televisor QLED con tecnología Quantum Dot y diseño ultra fino - Modelo 2025,619.65,33,ACTIVE,2026-07-22 00:03:13,2026-09-05 17:23:52
1579,PROD-01559,"Hisense Smart TV 55"" 4K QLED",Televisor QLED con tecnología Quantum Dot y diseño ultra fino - Modelo 2026,640.54,27,ACTIVE,2026-07-24 21:31:21,2026-08-17 14:03:52
1580,PROD-01560,"Philips Smart TV 85"" 8K Master",Pantalla premium de máxima resolución con inteligencia artificial - Modelo 2023,2749.81,14,ACTIVE,2025-08-05 12:34:56,2025-08-27 04:44:38
1581,PROD-01561,"Xiaomi Smart TV 65"" 4K UHD",Pantalla grande con Dolby Vision Atmos y control por voz - Modelo 2024,797.58,87,INACTIVE,2025-04-19 11:52:26,2025-04-22 08:37:08
1582,PROD-01562,"Philips Smart TV 50"" 4K Crystal",Pantalla UHD con procesador Crystal 4K y PurColor - Modelo 2025,493.29,50,ACTIVE,2026-03-10 13:50:19,2026-04-01 15:46:33
1583,PROD-01563,"Hisense Smart TV 85"" 8K Master",Pantalla premium de máxima resolución con inteligencia artificial - Modelo 2026,2930.04,119,DISCONTINUED,2025-10-05 14:44:11,2025-10-06 12:26:10
1584,PROD-01564,"Xiaomi Smart TV 65"" 4K UHD",Pantalla grande con Dolby Vision Atmos y control por voz - Modelo 2023,905.77,95,ACTIVE,2026-01-09 20:43:12,2026-02-26 05:20:08
1585,PROD-01565,"Xiaomi Smart TV 85"" 8K Master",Pantalla premium de máxima resolución con inteligencia artificial - Modelo 2024,2578.71,45,INACTIVE,2026-03-30 15:29:37,2026-04-18 09:06:25
1586,PROD-01566,"Hisense Smart TV 32"" HD LED",Televisor LED HD con Roku integrado y sonido Dolby Audio - Modelo 2025,249.7,82,ACTIVE,2025-06-21 05:50:30,2025-06-21 17:31:36
1587,PROD-01567,"Hisense Smart TV 40"" Full HD",Pantalla plana Full HD con puertos HDMI y USB multimedia - Modelo 2026,316.77,107,INACTIVE,2025-02-26 14:53:22,2025-03-11 10:20:07
1588,PROD-01568,"Hisense Smart TV 43"" 4K UHD",Televisor inteligente con HDR10+ y sistema operativo webOS - Modelo 2023,427.54,82,ACTIVE,2025-11-16 05:13:46,2026-01-05 18:06:42
1589,PROD-01569,"Samsung Smart TV 32"" HD LED",Televisor LED HD con Roku integrado y sonido Dolby Audio - Modelo 2024,233.1,113,ACTIVE,2025-09-01 12:19:58,2025-10-15 09:50:27
1590,PROD-01570,"Sony Smart TV 43"" 4K UHD",Televisor inteligente con HDR10+ y sistema operativo webOS - Modelo 2025,422.12,118,DISCONTINUED,2025-07-15 20:22:48,2025-08-10 18:53:21
1591,PROD-01571,"Samsung Smart TV 65"" 4K UHD",Pantalla grande con Dolby Vision Atmos y control por voz - Modelo 2026,911.56,149,ACTIVE,2025-07-09 02:32:28,2025-08-23 10:32:12
1592,PROD-01572,"Philips Smart TV 32"" HD LED",Televisor LED HD con Roku integrado y sonido Dolby Audio - Modelo 2023,224.68,2,DISCONTINUED,2025-05-26 14:00:26,2025-05-31 20:03:28
1593,PROD-01573,"Panasonic Smart TV 65"" 4K UHD",Pantalla grande con Dolby Vision Atmos y control por voz - Modelo 2024,843.55,105,ACTIVE,2025-01-10 22:40:01,2025-01-26 06:55:47
1594,PROD-01574,"Philips Smart TV 40"" Full HD",Pantalla plana Full HD con puertos HDMI y USB multimedia - Modelo 2025,301.89,19,ACTIVE,2025-01-12 15:53:37,2025-02-26 22:17:53
1595,PROD-01575,"TCL Smart TV 40"" Full HD",Pantalla plana Full HD con puertos HDMI y USB multimedia - Modelo 2026,320.24,114,ACTIVE,2025-05-13 03:26:14,2025-05-22 15:50:52
1596,PROD-01576,"Sony Smart TV 55"" 4K QLED",Televisor QLED con tecnología Quantum Dot y diseño ultra fino - Modelo 2023,659.64,131,DISCONTINUED,2025-01-23 18:58:16,2025-01-29 21:38:13
1597,PROD-01577,"Hisense Smart TV 40"" Full HD",Pantalla plana Full HD con puertos HDMI y USB multimedia - Modelo 2024,266.21,1,ACTIVE,2026-08-13 06:36:35,2026-08-25 00:28:43
1598,PROD-01578,"Samsung Smart TV 32"" HD LED",Televisor LED HD con Roku integrado y sonido Dolby Audio - Modelo 2025,228.43,37,INACTIVE,2025-01-26 12:34:47,2025-03-04 20:58:44
1599,PROD-01579,"Hisense Smart TV 50"" 4K Crystal",Pantalla UHD con procesador Crystal 4K y PurColor - Modelo 2026,454.68,148,DISCONTINUED,2025-05-10 02:34:28,2025-06-25 07:09:48
1600,PROD-01580,"TCL Smart TV 65"" 4K UHD",Pantalla grande con Dolby Vision Atmos y control por voz - Modelo 2023,916.57,119,ACTIVE,2025-07-22 20:19:28,2025-08-27 00:54:10
1601,PROD-01581,"LG Smart TV 50"" 4K Crystal",Pantalla UHD con procesador Crystal 4K y PurColor - Modelo 2024,464.96,27,ACTIVE,2025-07-07 13:07:58,2025-08-26 17:25:46
1602,PROD-01582,"Xiaomi Smart TV 50"" 4K Crystal",Pantalla UHD con procesador Crystal 4K y PurColor - Modelo 2025,537.75,107,ACTIVE,2026-04-28 05:36:15,2026-05-11 13:47:41
1603,PROD-01583,"TCL Smart TV 40"" Full HD",Pantalla plana Full HD con puertos HDMI y USB multimedia - Modelo 2026,281.13,59,INACTIVE,2026-06-21 11:46:06,2026-07-14 01:48:44
1604,PROD-01584,"LG Smart TV 85"" 8K Master",Pantalla premium de máxima resolución con inteligencia artificial - Modelo 2023,2766.31,133,DISCONTINUED,2025-05-17 14:18:31,2025-05-22 09:19:47
1605,PROD-01585,"TCL Smart TV 50"" 4K Crystal",Pantalla UHD con procesador Crystal 4K y PurColor - Modelo 2024,438.58,43,ACTIVE,2026-01-07 03:34:25,2026-01-26 03:59:29
1606,PROD-01586,"Samsung Smart TV 65"" 4K UHD",Pantalla grande con Dolby Vision Atmos y control por voz - Modelo 2025,883.38,44,ACTIVE,2025-07-31 04:23:42,2025-09-04 00:24:21
1607,PROD-01587,"Panasonic Smart TV 50"" 4K Crystal",Pantalla UHD con procesador Crystal 4K y PurColor - Modelo 2026,469.2,62,ACTIVE,2025-02-24 22:36:55,2025-03-09 04:02:27
1608,PROD-01588,"Sony Smart TV 75"" 4K Frameless",Televisor sin bordes de gran formato con panel LED avanzado - Modelo 2023,1218.52,101,INACTIVE,2025-02-27 06:58:55,2025-03-22 14:09:33
1609,PROD-01589,"Xiaomi Smart TV 65"" 4K UHD",Pantalla grande con Dolby Vision Atmos y control por voz - Modelo 2024,875.45,52,ACTIVE,2025-04-11 10:43:12,2025-04-19 13:40:32
1610,PROD-01590,"Xiaomi Smart TV 75"" 4K Frameless",Televisor sin bordes de gran formato con panel LED avanzado - Modelo 2025,1271.62,145,ACTIVE,2025-01-08 18:37:41,2025-02-09 18:08:57
1611,PROD-01591,"Samsung Smart TV 65"" 4K UHD",Pantalla grande con Dolby Vision Atmos y control por voz - Modelo 2026,781.68,69,DISCONTINUED,2025-10-17 16:55:15,2025-11-15 16:52:41
1612,PROD-01592,"LG Smart TV 65"" 4K UHD",Pantalla grande con Dolby Vision Atmos y control por voz - Modelo 2023,873.9,99,DISCONTINUED,2026-05-14 20:55:21,2026-06-02 22:57:58
1613,PROD-01593,"Panasonic Smart TV 75"" 4K Frameless",Televisor sin bordes de gran formato con panel LED avanzado - Modelo 2024,1262.79,102,DISCONTINUED,2025-01-26 23:51:38,2025-02-08 08:11:07
1614,PROD-01594,"TCL Smart TV 65"" 4K UHD",Pantalla grande con Dolby Vision Atmos y control por voz - Modelo 2025,904.49,103,DISCONTINUED,2025-10-23 13:52:11,2025-12-11 13:49:12
1615,PROD-01595,"Sony Smart TV 32"" HD LED",Televisor LED HD con Roku integrado y sonido Dolby Audio - Modelo 2026,239.94,99,ACTIVE,2026-05-10 00:04:50,2026-06-23 17:47:11
1616,PROD-01596,"TCL Smart TV 85"" 8K Master",Pantalla premium de máxima resolución con inteligencia artificial - Modelo 2023,2690.7,32,ACTIVE,2025-08-25 15:59:37,2025-09-29 22:50:39
1617,PROD-01597,"Xiaomi Smart TV 75"" 4K Frameless",Televisor sin bordes de gran formato con panel LED avanzado - Modelo 2024,1221.44,0,INACTIVE,2025-03-17 02:44:04,2025-04-01 06:20:34
1618,PROD-01598,"Hisense Smart TV 43"" 4K UHD",Televisor inteligente con HDR10+ y sistema operativo webOS - Modelo 2025,431.09,81,DISCONTINUED,2026-03-22 19:05:28,2026-03-31 11:39:52
1619,PROD-01599,"Samsung Smart TV 85"" 8K Master",Pantalla premium de máxima resolución con inteligencia artificial - Modelo 2026,2921.78,48,INACTIVE,2025-11-23 02:47:05,2025-11-26 23:42:05
1620,PROD-01600,"LG Smart TV 65"" 4K UHD",Pantalla grande con Dolby Vision Atmos y control por voz - Modelo 2023,910.13,94,DISCONTINUED,2025-09-05 19:04:25,2025-10-06 21:23:14
1621,PROD-01601,"Samsung Smart TV 50"" 4K Crystal",Pantalla UHD con procesador Crystal 4K y PurColor - Modelo 2024,481.92,37,ACTIVE,2025-07-12 23:18:04,2025-08-13 02:17:55
1622,PROD-01602,"TCL Smart TV 75"" 4K Frameless",Televisor sin bordes de gran formato con panel LED avanzado - Modelo 2025,1225.61,33,ACTIVE,2025-03-02 19:24:49,2025-03-06 15:59:12
1623,PROD-01603,"Philips Smart TV 75"" 4K Frameless",Televisor sin bordes de gran formato con panel LED avanzado - Modelo 2026,1209.42,150,DISCONTINUED,2025-04-13 10:45:28,2025-05-10 18:54:48
1624,PROD-01604,"Philips Smart TV 55"" 4K QLED",Televisor QLED con tecnología Quantum Dot y diseño ultra fino - Modelo 2023,628.16,146,ACTIVE,2025-01-24 03:04:39,2025-03-13 10:58:17
1625,PROD-01605,"LG Smart TV 85"" 8K Master",Pantalla premium de máxima resolución con inteligencia artificial - Modelo 2024,2563.89,26,ACTIVE,2025-11-22 03:22:12,2025-11-27 00:58:35
1626,PROD-01606,"Hisense Smart TV 50"" 4K Crystal",Pantalla UHD con procesador Crystal 4K y PurColor - Modelo 2025,543.65,38,ACTIVE,2025-04-28 18:40:09,2025-05-02 18:06:52
1627,PROD-01607,"Xiaomi Smart TV 40"" Full HD",Pantalla plana Full HD con puertos HDMI y USB multimedia - Modelo 2026,329.15,111,ACTIVE,2025-01-04 15:36:13,2025-02-01 19:52:11
1628,PROD-01608,"LG Smart TV 85"" 8K Master",Pantalla premium de máxima resolución con inteligencia artificial - Modelo 2023,2835.03,16,ACTIVE,2026-06-25 01:32:32,2026-06-26 18:14:09
1629,PROD-01609,"Philips Smart TV 43"" 4K UHD",Televisor inteligente con HDR10+ y sistema operativo webOS - Modelo 2024,444.78,149,ACTIVE,2025-10-05 11:29:50,2025-11-16 03:17:55
1630,PROD-01610,"Philips Smart TV 55"" 4K QLED",Televisor QLED con tecnología Quantum Dot y diseño ultra fino - Modelo 2025,608.63,4,INACTIVE,2025-08-30 15:59:40,2025-09-27 07:16:16
1631,PROD-01611,"Samsung Smart TV 65"" 4K UHD",Pantalla grande con Dolby Vision Atmos y control por voz - Modelo 2026,871.43,67,DISCONTINUED,2026-05-13 04:10:27,2026-05-17 23:49:03
1632,PROD-01612,"LG Smart TV 50"" 4K Crystal",Pantalla UHD con procesador Crystal 4K y PurColor - Modelo 2023,484.61,22,ACTIVE,2025-05-03 01:44:48,2025-05-30 06:09:03
1633,PROD-01613,"Hisense Smart TV 65"" 4K UHD",Pantalla grande con Dolby Vision Atmos y control por voz - Modelo 2024,904.13,3,DISCONTINUED,2025-05-14 00:38:36,2025-06-27 01:21:58
1634,PROD-01614,"LG Smart TV 43"" 4K UHD",Televisor inteligente con HDR10+ y sistema operativo webOS - Modelo 2025,408.84,92,ACTIVE,2025-07-20 00:27:52,2025-08-02 07:22:14
1635,PROD-01615,"Panasonic Smart TV 43"" 4K UHD",Televisor inteligente con HDR10+ y sistema operativo webOS - Modelo 2026,441.81,12,ACTIVE,2026-05-24 23:16:56,2026-06-15 08:00:40
1636,PROD-01616,"Panasonic Smart TV 43"" 4K UHD",Televisor inteligente con HDR10+ y sistema operativo webOS - Modelo 2023,422.31,29,ACTIVE,2025-01-29 07:37:51,2025-03-04 17:25:44
1637,PROD-01617,"Hisense Smart TV 55"" 4K QLED",Televisor QLED con tecnología Quantum Dot y diseño ultra fino - Modelo 2024,690.72,24,INACTIVE,2026-02-28 01:21:06,2026-03-11 21:14:25
1638,PROD-01618,"Samsung Smart TV 50"" 4K Crystal",Pantalla UHD con procesador Crystal 4K y PurColor - Modelo 2025,504.81,73,ACTIVE,2026-06-12 14:17:02,2026-07-09 13:43:22
1639,PROD-01619,"Hisense Smart TV 50"" 4K Crystal",Pantalla UHD con procesador Crystal 4K y PurColor - Modelo 2026,556.13,107,ACTIVE,2026-02-03 00:53:22,2026-02-27 19:38:53
1640,PROD-01620,"TCL Smart TV 32"" HD LED",Televisor LED HD con Roku integrado y sonido Dolby Audio - Modelo 2023,293.64,27,ACTIVE,2025-05-03 00:31:43,2025-05-27 12:35:51
1641,PROD-01621,"Xiaomi Smart TV 50"" 4K Crystal",Pantalla UHD con procesador Crystal 4K y PurColor - Modelo 2024,434.23,35,ACTIVE,2026-06-13 16:47:26,2026-06-19 17:53:39
1642,PROD-01622,"LG Smart TV 85"" 8K Master",Pantalla premium de máxima resolución con inteligencia artificial - Modelo 2025,2724.61,121,INACTIVE,2026-01-12 07:01:19,2026-02-07 15:31:14
1643,PROD-01623,"LG Smart TV 65"" 4K UHD",Pantalla grande con Dolby Vision Atmos y control por voz - Modelo 2026,856.32,126,ACTIVE,2026-02-24 08:29:25,2026-04-14 06:22:35
1644,PROD-01624,"Hisense Smart TV 40"" Full HD",Pantalla plana Full HD con puertos HDMI y USB multimedia - Modelo 2023,335.47,126,INACTIVE,2026-06-28 15:09:21,2026-07-17 03:20:22
1645,PROD-01625,"Xiaomi Smart TV 32"" HD LED",Televisor LED HD con Roku integrado y sonido Dolby Audio - Modelo 2024,282.76,10,DISCONTINUED,2025-09-02 15:25:23,2025-09-08 14:19:43
1646,PROD-01626,"Hisense Smart TV 75"" 4K Frameless",Televisor sin bordes de gran formato con panel LED avanzado - Modelo 2025,1133.14,132,ACTIVE,2026-06-25 06:55:35,2026-07-25 07:13:35
1647,PROD-01627,"Samsung Smart TV 85"" 8K Master",Pantalla premium de máxima resolución con inteligencia artificial - Modelo 2026,2628.43,64,DISCONTINUED,2026-07-05 18:38:04,2026-08-12 12:37:08
1648,PROD-01628,"LG Smart TV 65"" 4K UHD",Pantalla grande con Dolby Vision Atmos y control por voz - Modelo 2023,927.23,82,ACTIVE,2025-01-30 18:12:26,2025-02-20 18:06:27
1649,PROD-01629,"Samsung Smart TV 75"" 4K Frameless",Televisor sin bordes de gran formato con panel LED avanzado - Modelo 2024,1251.9,127,ACTIVE,2025-06-25 22:54:22,2025-06-27 06:40:52
1650,PROD-01630,"Samsung Smart TV 85"" 8K Master",Pantalla premium de máxima resolución con inteligencia artificial - Modelo 2025,2849.06,45,INACTIVE,2025-06-24 17:44:51,2025-08-10 10:39:58
1651,PROD-01631,"Xiaomi Smart TV 32"" HD LED",Televisor LED HD con Roku integrado y sonido Dolby Audio - Modelo 2026,274.28,42,ACTIVE,2025-09-15 17:53:25,2025-10-12 18:59:44
1652,PROD-01632,"TCL Smart TV 43"" 4K UHD",Televisor inteligente con HDR10+ y sistema operativo webOS - Modelo 2023,363.16,130,INACTIVE,2025-11-06 19:24:54,2025-11-22 21:29:46
1653,PROD-01633,"Samsung Smart TV 43"" 4K UHD",Televisor inteligente con HDR10+ y sistema operativo webOS - Modelo 2024,382.83,25,ACTIVE,2026-07-03 05:00:35,2026-07-23 04:41:37
1654,PROD-01634,"Panasonic Smart TV 40"" Full HD",Pantalla plana Full HD con puertos HDMI y USB multimedia - Modelo 2025,335.48,21,ACTIVE,2026-06-05 00:48:26,2026-06-12 12:32:36
1655,PROD-01635,"Hisense Smart TV 32"" HD LED",Televisor LED HD con Roku integrado y sonido Dolby Audio - Modelo 2026,271.7,8,ACTIVE,2025-03-28 13:54:42,2025-04-13 08:55:04
1656,PROD-01636,"TCL Smart TV 65"" 4K UHD",Pantalla grande con Dolby Vision Atmos y control por voz - Modelo 2023,809.17,7,ACTIVE,2025-02-23 04:25:02,2025-03-22 06:31:02
1657,PROD-01637,"Panasonic Smart TV 32"" HD LED",Televisor LED HD con Roku integrado y sonido Dolby Audio - Modelo 2024,203.91,82,DISCONTINUED,2025-09-30 00:50:22,2025-10-13 16:14:12
1658,PROD-01638,"Hisense Smart TV 75"" 4K Frameless",Televisor sin bordes de gran formato con panel LED avanzado - Modelo 2025,1335.93,79,INACTIVE,2025-06-21 17:21:00,2025-06-28 21:03:49
1659,PROD-01639,"Hisense Smart TV 40"" Full HD",Pantalla plana Full HD con puertos HDMI y USB multimedia - Modelo 2026,327.91,129,ACTIVE,2025-12-17 20:22:09,2026-01-20 09:25:38
1660,PROD-01640,"LG Smart TV 55"" 4K QLED",Televisor QLED con tecnología Quantum Dot y diseño ultra fino - Modelo 2023,648.15,63,DISCONTINUED,2026-04-04 16:08:00,2026-05-03 19:01:38
1661,PROD-01641,"LG Smart TV 65"" 4K UHD",Pantalla grande con Dolby Vision Atmos y control por voz - Modelo 2024,965.68,77,INACTIVE,2026-06-27 21:18:19,2026-08-08 07:49:20
1662,PROD-01642,"Philips Smart TV 43"" 4K UHD",Televisor inteligente con HDR10+ y sistema operativo webOS - Modelo 2025,353.36,130,INACTIVE,2026-05-28 14:47:04,2026-06-17 13:34:34
1663,PROD-01643,"Samsung Smart TV 55"" 4K QLED",Televisor QLED con tecnología Quantum Dot y diseño ultra fino - Modelo 2026,634.62,83,ACTIVE,2026-05-16 22:29:35,2026-06-12 08:40:39
1664,PROD-01644,"Philips Smart TV 32"" HD LED",Televisor LED HD con Roku integrado y sonido Dolby Audio - Modelo 2023,239.25,23,DISCONTINUED,2025-06-11 09:54:27,2025-06-14 21:23:31
1665,PROD-01645,"Xiaomi Smart TV 85"" 8K Master",Pantalla premium de máxima resolución con inteligencia artificial - Modelo 2024,2771.33,44,DISCONTINUED,2025-04-28 09:51:30,2025-05-29 02:08:02
1666,PROD-01646,"Panasonic Smart TV 85"" 8K Master",Pantalla premium de máxima resolución con inteligencia artificial - Modelo 2025,2823.45,36,ACTIVE,2026-02-15 18:28:08,2026-02-27 20:08:56
1667,PROD-01647,"LG Smart TV 43"" 4K UHD",Televisor inteligente con HDR10+ y sistema operativo webOS - Modelo 2026,450.9,126,ACTIVE,2025-07-31 17:17:51,2025-08-01 21:40:48
1668,PROD-01648,"Samsung Smart TV 32"" HD LED",Televisor LED HD con Roku integrado y sonido Dolby Audio - Modelo 2023,213.53,0,ACTIVE,2026-01-21 17:39:40,2026-02-20 08:23:59
1669,PROD-01649,"Panasonic Smart TV 50"" 4K Crystal",Pantalla UHD con procesador Crystal 4K y PurColor - Modelo 2024,471.48,74,ACTIVE,2025-12-07 02:38:51,2025-12-07 23:52:35
1670,PROD-01650,"Hisense Smart TV 43"" 4K UHD",Televisor inteligente con HDR10+ y sistema operativo webOS - Modelo 2025,435.72,20,INACTIVE,2026-06-09 11:37:46,2026-06-21 00:16:18
1671,PROD-01651,"Hisense Smart TV 43"" 4K UHD",Televisor inteligente con HDR10+ y sistema operativo webOS - Modelo 2026,433.63,90,DISCONTINUED,2025-09-13 12:28:29,2025-10-15 15:40:39
1672,PROD-01652,"TCL Smart TV 55"" 4K QLED",Televisor QLED con tecnología Quantum Dot y diseño ultra fino - Modelo 2023,693.13,41,DISCONTINUED,2025-06-08 01:26:59,2025-07-25 21:48:09
1673,PROD-01653,"Samsung Smart TV 43"" 4K UHD",Televisor inteligente con HDR10+ y sistema operativo webOS - Modelo 2024,438.14,77,ACTIVE,2026-02-16 18:36:42,2026-02-19 07:46:57
1674,PROD-01654,"Samsung Smart TV 55"" 4K QLED",Televisor QLED con tecnología Quantum Dot y diseño ultra fino - Modelo 2025,687.98,100,ACTIVE,2025-06-29 22:05:22,2025-08-07 16:21:27
1675,PROD-01655,"TCL Smart TV 32"" HD LED",Televisor LED HD con Roku integrado y sonido Dolby Audio - Modelo 2026,263.76,144,ACTIVE,2026-02-06 19:19:20,2026-03-07 13:52:05
1676,PROD-01656,"Samsung Smart TV 75"" 4K Frameless",Televisor sin bordes de gran formato con panel LED avanzado - Modelo 2023,1194.76,77,ACTIVE,2025-03-09 23:17:16,2025-04-15 17:56:41
1677,PROD-01657,"Panasonic Smart TV 65"" 4K UHD",Pantalla grande con Dolby Vision Atmos y control por voz - Modelo 2024,770.38,55,INACTIVE,2026-01-25 01:04:13,2026-03-05 05:35:12
1678,PROD-01658,"LG Smart TV 50"" 4K Crystal",Pantalla UHD con procesador Crystal 4K y PurColor - Modelo 2025,567.11,45,DISCONTINUED,2025-05-12 21:57:57,2025-06-22 17:15:10
1679,PROD-01659,"Philips Smart TV 85"" 8K Master",Pantalla premium de máxima resolución con inteligencia artificial - Modelo 2026,2978.34,37,ACTIVE,2025-07-06 06:25:18,2025-08-05 11:01:00
1680,PROD-01660,"Xiaomi Smart TV 55"" 4K QLED",Televisor QLED con tecnología Quantum Dot y diseño ultra fino - Modelo 2023,646.49,144,DISCONTINUED,2026-03-14 16:53:13,2026-04-23 11:00:56
1681,PROD-01661,"Sony Smart TV 65"" 4K UHD",Pantalla grande con Dolby Vision Atmos y control por voz - Modelo 2024,819.5,76,ACTIVE,2025-05-27 20:21:24,2025-06-19 19:02:17
1682,PROD-01662,"Panasonic Smart TV 65"" 4K UHD",Pantalla grande con Dolby Vision Atmos y control por voz - Modelo 2025,790.97,83,ACTIVE,2025-11-09 16:12:44,2025-11-23 23:12:20
1683,PROD-01663,"Xiaomi Smart TV 85"" 8K Master",Pantalla premium de máxima resolución con inteligencia artificial - Modelo 2026,2762.97,33,INACTIVE,2026-01-04 05:37:50,2026-01-29 03:41:24
1684,PROD-01664,"Philips Smart TV 32"" HD LED",Televisor LED HD con Roku integrado y sonido Dolby Audio - Modelo 2023,277.47,15,INACTIVE,2026-07-28 15:13:54,2026-08-01 11:09:45
1685,PROD-01665,"LG Smart TV 32"" HD LED",Televisor LED HD con Roku integrado y sonido Dolby Audio - Modelo 2024,223.15,47,ACTIVE,2025-08-23 21:33:30,2025-09-10 00:51:32
1686,PROD-01666,"Philips Smart TV 65"" 4K UHD",Pantalla grande con Dolby Vision Atmos y control por voz - Modelo 2025,924.49,48,ACTIVE,2025-10-27 10:47:21,2025-12-05 12:24:09
1687,PROD-01667,"Hisense Smart TV 65"" 4K UHD",Pantalla grande con Dolby Vision Atmos y control por voz - Modelo 2026,883.7,146,ACTIVE,2025-05-26 05:31:37,2025-06-15 15:08:44
1688,PROD-01668,"Samsung Smart TV 65"" 4K UHD",Pantalla grande con Dolby Vision Atmos y control por voz - Modelo 2023,817.45,56,DISCONTINUED,2025-08-11 00:19:28,2025-08-16 11:20:36
1689,PROD-01669,"Philips Smart TV 65"" 4K UHD",Pantalla grande con Dolby Vision Atmos y control por voz - Modelo 2024,867.97,115,ACTIVE,2026-02-26 19:19:28,2026-04-03 21:18:24
1690,PROD-01670,"Sony Smart TV 55"" 4K QLED",Televisor QLED con tecnología Quantum Dot y diseño ultra fino - Modelo 2025,620.78,150,ACTIVE,2026-01-23 17:38:15,2026-02-11 22:09:14
1691,PROD-01671,"Xiaomi Smart TV 75"" 4K Frameless",Televisor sin bordes de gran formato con panel LED avanzado - Modelo 2026,1161.88,14,ACTIVE,2026-01-05 23:04:15,2026-02-09 15:55:11
1692,PROD-01672,"Hisense Smart TV 32"" HD LED",Televisor LED HD con Roku integrado y sonido Dolby Audio - Modelo 2023,272.32,133,INACTIVE,2026-03-06 05:33:43,2026-03-14 11:48:53
1693,PROD-01673,"Sony Smart TV 50"" 4K Crystal",Pantalla UHD con procesador Crystal 4K y PurColor - Modelo 2024,487.75,50,ACTIVE,2025-02-14 16:56:09,2025-03-13 09:53:00
1694,PROD-01674,"Panasonic Smart TV 32"" HD LED",Televisor LED HD con Roku integrado y sonido Dolby Audio - Modelo 2025,298.22,111,ACTIVE,2026-06-21 18:48:12,2026-08-05 18:38:26
1695,PROD-01675,"Philips Smart TV 43"" 4K UHD",Televisor inteligente con HDR10+ y sistema operativo webOS - Modelo 2026,436.69,127,ACTIVE,2025-09-19 17:51:20,2025-09-24 05:20:47
1696,PROD-01676,"Samsung Smart TV 50"" 4K Crystal",Pantalla UHD con procesador Crystal 4K y PurColor - Modelo 2023,443.5,48,ACTIVE,2025-11-23 09:23:13,2025-12-23 21:43:05
1697,PROD-01677,"Panasonic Smart TV 40"" Full HD",Pantalla plana Full HD con puertos HDMI y USB multimedia - Modelo 2024,303.37,30,ACTIVE,2026-07-10 14:50:33,2026-08-02 18:29:27
1698,PROD-01678,"TCL Smart TV 43"" 4K UHD",Televisor inteligente con HDR10+ y sistema operativo webOS - Modelo 2025,451.91,132,ACTIVE,2026-02-03 14:11:10,2026-03-10 23:54:05
1699,PROD-01679,"Hisense Smart TV 75"" 4K Frameless",Televisor sin bordes de gran formato con panel LED avanzado - Modelo 2026,1143.15,14,ACTIVE,2025-07-16 15:28:11,2025-08-11 17:37:58
1700,PROD-01680,"LG Smart TV 32"" HD LED",Televisor LED HD con Roku integrado y sonido Dolby Audio - Modelo 2023,301.75,88,ACTIVE,2025-05-13 06:00:24,2025-06-19 07:59:36
1701,PROD-01681,"Panasonic Smart TV 40"" Full HD",Pantalla plana Full HD con puertos HDMI y USB multimedia - Modelo 2024,346.94,19,ACTIVE,2025-12-18 14:39:00,2026-01-08 19:18:49
1702,PROD-01682,"Samsung Smart TV 40"" Full HD",Pantalla plana Full HD con puertos HDMI y USB multimedia - Modelo 2025,322.58,55,ACTIVE,2026-01-11 08:17:22,2026-01-18 19:47:19
1703,PROD-01683,"Hisense Smart TV 75"" 4K Frameless",Televisor sin bordes de gran formato con panel LED avanzado - Modelo 2026,1302.29,70,ACTIVE,2025-08-10 22:13:12,2025-08-19 12:50:51
1704,PROD-01684,"Samsung Smart TV 50"" 4K Crystal",Pantalla UHD con procesador Crystal 4K y PurColor - Modelo 2023,448.25,113,DISCONTINUED,2025-12-23 01:41:30,2026-01-01 22:40:26
1705,PROD-01685,"Panasonic Smart TV 75"" 4K Frameless",Televisor sin bordes de gran formato con panel LED avanzado - Modelo 2024,1300.08,45,ACTIVE,2026-03-29 13:57:36,2026-04-23 19:15:38
1706,PROD-01686,"Xiaomi Smart TV 65"" 4K UHD",Pantalla grande con Dolby Vision Atmos y control por voz - Modelo 2025,933.24,77,ACTIVE,2025-09-30 23:42:36,2025-10-26 07:44:10
1707,PROD-01687,"Samsung Smart TV 75"" 4K Frameless",Televisor sin bordes de gran formato con panel LED avanzado - Modelo 2026,1233.85,79,ACTIVE,2026-04-01 14:08:35,2026-04-27 16:16:24
1708,PROD-01688,"Philips Smart TV 43"" 4K UHD",Televisor inteligente con HDR10+ y sistema operativo webOS - Modelo 2023,424.62,68,ACTIVE,2025-06-21 00:42:46,2025-08-05 02:16:02
1709,PROD-01689,"Philips Smart TV 65"" 4K UHD",Pantalla grande con Dolby Vision Atmos y control por voz - Modelo 2024,799.63,129,ACTIVE,2025-05-27 11:42:33,2025-06-19 19:02:45
1710,PROD-01690,"Samsung Smart TV 50"" 4K Crystal",Pantalla UHD con procesador Crystal 4K y PurColor - Modelo 2025,528.33,14,ACTIVE,2026-04-02 22:39:04,2026-04-17 19:49:41
1711,PROD-01691,"Hisense Smart TV 50"" 4K Crystal",Pantalla UHD con procesador Crystal 4K y PurColor - Modelo 2026,442.67,118,ACTIVE,2025-07-09 11:39:09,2025-08-07 05:21:26
1712,PROD-01692,"Panasonic Smart TV 85"" 8K Master",Pantalla premium de máxima resolución con inteligencia artificial - Modelo 2023,2868.06,50,DISCONTINUED,2026-03-17 21:51:25,2026-05-06 09:13:29
1713,PROD-01693,"LG Smart TV 43"" 4K UHD",Televisor inteligente con HDR10+ y sistema operativo webOS - Modelo 2024,414.51,94,DISCONTINUED,2025-10-26 17:21:41,2025-11-12 01:52:53
1714,PROD-01694,"Sony Smart TV 43"" 4K UHD",Televisor inteligente con HDR10+ y sistema operativo webOS - Modelo 2025,453.38,46,ACTIVE,2026-04-20 07:52:37,2026-05-23 22:54:54
1715,PROD-01695,"Panasonic Smart TV 85"" 8K Master",Pantalla premium de máxima resolución con inteligencia artificial - Modelo 2026,2742.2,34,ACTIVE,2025-05-10 11:47:02,2025-05-14 16:27:13
1716,PROD-01696,"Philips Smart TV 75"" 4K Frameless",Televisor sin bordes de gran formato con panel LED avanzado - Modelo 2023,1316.77,122,ACTIVE,2025-08-22 08:08:18,2025-09-24 19:22:23
1717,PROD-01697,"Xiaomi Smart TV 65"" 4K UHD",Pantalla grande con Dolby Vision Atmos y control por voz - Modelo 2024,861.53,129,DISCONTINUED,2025-03-31 19:37:41,2025-05-11 06:29:17
1718,PROD-01698,"Samsung Smart TV 55"" 4K QLED",Televisor QLED con tecnología Quantum Dot y diseño ultra fino - Modelo 2025,620.26,91,INACTIVE,2026-07-09 09:15:02,2026-07-28 04:20:05
1719,PROD-01699,"TCL Smart TV 85"" 8K Master",Pantalla premium de máxima resolución con inteligencia artificial - Modelo 2026,2656.58,49,ACTIVE,2025-05-08 06:13:32,2025-06-17 13:31:12
1720,PROD-01700,"LG Smart TV 50"" 4K Crystal",Pantalla UHD con procesador Crystal 4K y PurColor - Modelo 2023,438.5,127,ACTIVE,2025-05-01 14:13:17,2025-05-02 06:30:15
1721,PROD-01701,"Hisense Smart TV 32"" HD LED",Televisor LED HD con Roku integrado y sonido Dolby Audio - Modelo 2024,235.97,51,DISCONTINUED,2026-06-25 09:57:18,2026-08-15 05:28:07
1722,PROD-01702,"Samsung Smart TV 85"" 8K Master",Pantalla premium de máxima resolución con inteligencia artificial - Modelo 2025,2616.72,18,ACTIVE,2026-07-19 11:18:36,2026-07-20 01:59:21
1723,PROD-01703,"Panasonic Smart TV 40"" Full HD",Pantalla plana Full HD con puertos HDMI y USB multimedia - Modelo 2026,383.34,53,DISCONTINUED,2026-02-08 08:49:31,2026-02-19 23:45:35
1724,PROD-01704,"Panasonic Smart TV 43"" 4K UHD",Televisor inteligente con HDR10+ y sistema operativo webOS - Modelo 2023,411.12,72,ACTIVE,2025-05-16 08:37:43,2025-06-11 04:49:56
1725,PROD-01705,"Philips Smart TV 40"" Full HD",Pantalla plana Full HD con puertos HDMI y USB multimedia - Modelo 2024,344.7,30,ACTIVE,2026-04-15 20:39:55,2026-06-03 16:43:35
1726,PROD-01706,"Hisense Smart TV 65"" 4K UHD",Pantalla grande con Dolby Vision Atmos y control por voz - Modelo 2025,853.34,87,ACTIVE,2025-12-08 07:22:16,2026-01-02 03:07:25
1727,PROD-01707,"LG Smart TV 32"" HD LED",Televisor LED HD con Roku integrado y sonido Dolby Audio - Modelo 2026,246.08,137,ACTIVE,2025-08-23 09:38:59,2025-09-23 01:56:17
1728,PROD-01708,"Panasonic Smart TV 75"" 4K Frameless",Televisor sin bordes de gran formato con panel LED avanzado - Modelo 2023,1300.92,135,ACTIVE,2025-02-16 10:20:03,2025-02-25 02:36:21
1729,PROD-01709,"Hisense Smart TV 55"" 4K QLED",Televisor QLED con tecnología Quantum Dot y diseño ultra fino - Modelo 2024,591.16,127,INACTIVE,2025-12-10 16:15:30,2026-01-20 01:52:06
1730,PROD-01710,"TCL Smart TV 85"" 8K Master",Pantalla premium de máxima resolución con inteligencia artificial - Modelo 2025,2577.48,119,ACTIVE,2026-08-18 09:47:26,2026-09-07 15:58:30
1731,PROD-01711,"Hisense Smart TV 55"" 4K QLED",Televisor QLED con tecnología Quantum Dot y diseño ultra fino - Modelo 2026,609.49,98,DISCONTINUED,2026-07-29 18:22:21,2026-08-24 18:23:20
1732,PROD-01712,"Panasonic Smart TV 85"" 8K Master",Pantalla premium de máxima resolución con inteligencia artificial - Modelo 2023,2768.76,51,ACTIVE,2025-03-08 02:20:08,2025-03-21 14:10:37
1733,PROD-01713,"Panasonic Smart TV 43"" 4K UHD",Televisor inteligente con HDR10+ y sistema operativo webOS - Modelo 2024,434.7,118,ACTIVE,2026-01-16 18:05:54,2026-01-20 11:47:33
1734,PROD-01714,"Sony Smart TV 40"" Full HD",Pantalla plana Full HD con puertos HDMI y USB multimedia - Modelo 2025,337.44,135,DISCONTINUED,2025-01-04 04:51:41,2025-02-02 13:23:36
1735,PROD-01715,"Philips Smart TV 85"" 8K Master",Pantalla premium de máxima resolución con inteligencia artificial - Modelo 2026,2635.94,124,DISCONTINUED,2026-08-19 05:01:13,2026-09-09 06:43:06
1736,PROD-01716,"Panasonic Smart TV 43"" 4K UHD",Televisor inteligente con HDR10+ y sistema operativo webOS - Modelo 2023,410.42,55,INACTIVE,2026-07-15 16:03:49,2026-07-21 04:40:52
1737,PROD-01717,"Samsung Smart TV 50"" 4K Crystal",Pantalla UHD con procesador Crystal 4K y PurColor - Modelo 2024,511.99,36,ACTIVE,2025-05-12 15:54:55,2025-06-07 14:49:46
1738,PROD-01718,"LG Smart TV 65"" 4K UHD",Pantalla grande con Dolby Vision Atmos y control por voz - Modelo 2025,900.76,137,INACTIVE,2025-07-19 22:48:48,2025-08-17 20:47:58
1739,PROD-01719,"TCL Smart TV 65"" 4K UHD",Pantalla grande con Dolby Vision Atmos y control por voz - Modelo 2026,903.42,22,DISCONTINUED,2025-02-12 17:12:35,2025-02-17 00:53:27
1740,PROD-01720,"Hisense Smart TV 75"" 4K Frameless",Televisor sin bordes de gran formato con panel LED avanzado - Modelo 2023,1337.83,89,ACTIVE,2026-03-22 20:53:27,2026-05-01 22:54:27
1741,PROD-01721,"TCL Smart TV 40"" Full HD",Pantalla plana Full HD con puertos HDMI y USB multimedia - Modelo 2024,288.94,8,DISCONTINUED,2026-06-02 17:19:53,2026-07-23 14:42:45
1742,PROD-01722,"Panasonic Smart TV 85"" 8K Master",Pantalla premium de máxima resolución con inteligencia artificial - Modelo 2025,2734.8,7,ACTIVE,2025-06-18 19:09:09,2025-07-03 12:07:36
1743,PROD-01723,"Hisense Smart TV 40"" Full HD",Pantalla plana Full HD con puertos HDMI y USB multimedia - Modelo 2026,331.2,145,ACTIVE,2026-07-30 07:49:44,2026-08-06 00:43:53
1744,PROD-01724,"Samsung Smart TV 43"" 4K UHD",Televisor inteligente con HDR10+ y sistema operativo webOS - Modelo 2023,418.43,71,ACTIVE,2026-01-26 23:30:41,2026-02-03 23:40:58
1745,PROD-01725,"Samsung Smart TV 65"" 4K UHD",Pantalla grande con Dolby Vision Atmos y control por voz - Modelo 2024,885.5,65,DISCONTINUED,2025-01-16 05:55:10,2025-01-31 07:36:55
1746,PROD-01726,"Sony Smart TV 75"" 4K Frameless",Televisor sin bordes de gran formato con panel LED avanzado - Modelo 2025,1344.15,2,INACTIVE,2025-01-11 22:59:38,2025-01-16 12:57:03
1747,PROD-01727,"Xiaomi Smart TV 85"" 8K Master",Pantalla premium de máxima resolución con inteligencia artificial - Modelo 2026,2620.37,49,INACTIVE,2026-06-29 05:30:29,2026-07-31 23:21:39
1748,PROD-01728,"Philips Smart TV 85"" 8K Master",Pantalla premium de máxima resolución con inteligencia artificial - Modelo 2023,2883.88,46,INACTIVE,2026-07-31 21:51:40,2026-08-12 20:34:59
1749,PROD-01729,"Samsung Smart TV 85"" 8K Master",Pantalla premium de máxima resolución con inteligencia artificial - Modelo 2024,2683.94,102,ACTIVE,2025-05-06 07:17:35,2025-05-12 04:21:51
1750,PROD-01730,"TCL Smart TV 65"" 4K UHD",Pantalla grande con Dolby Vision Atmos y control por voz - Modelo 2025,886.5,80,ACTIVE,2025-10-11 03:51:27,2025-10-22 04:39:20
1751,PROD-01731,"Sony Smart TV 40"" Full HD",Pantalla plana Full HD con puertos HDMI y USB multimedia - Modelo 2026,279.75,75,INACTIVE,2026-07-04 04:26:56,2026-08-13 00:20:25
1752,PROD-01732,"Panasonic Smart TV 32"" HD LED",Televisor LED HD con Roku integrado y sonido Dolby Audio - Modelo 2023,225.64,74,ACTIVE,2025-03-29 04:30:44,2025-05-16 06:53:33
1753,PROD-01733,"Sony Smart TV 32"" HD LED",Televisor LED HD con Roku integrado y sonido Dolby Audio - Modelo 2024,274.79,45,ACTIVE,2026-08-08 03:26:16,2026-09-08 16:17:57
1754,PROD-01734,"LG Smart TV 43"" 4K UHD",Televisor inteligente con HDR10+ y sistema operativo webOS - Modelo 2025,399.5,138,DISCONTINUED,2025-02-21 19:08:59,2025-03-17 00:04:50
1755,PROD-01735,"Philips Smart TV 43"" 4K UHD",Televisor inteligente con HDR10+ y sistema operativo webOS - Modelo 2026,477.31,39,DISCONTINUED,2025-11-19 09:28:48,2025-12-05 03:57:27
1756,PROD-01736,"Hisense Smart TV 40"" Full HD",Pantalla plana Full HD con puertos HDMI y USB multimedia - Modelo 2023,366.92,135,ACTIVE,2025-01-17 17:14:15,2025-02-15 00:03:59
1757,PROD-01737,"Panasonic Smart TV 50"" 4K Crystal",Pantalla UHD con procesador Crystal 4K y PurColor - Modelo 2024,541.91,54,DISCONTINUED,2025-11-04 15:03:12,2025-11-20 22:55:32
1758,PROD-01738,"Sony Smart TV 85"" 8K Master",Pantalla premium de máxima resolución con inteligencia artificial - Modelo 2025,2549.07,94,INACTIVE,2025-04-01 03:29:11,2025-04-06 04:01:10
1759,PROD-01739,"Xiaomi Smart TV 43"" 4K UHD",Televisor inteligente con HDR10+ y sistema operativo webOS - Modelo 2026,396.1,56,ACTIVE,2025-11-07 19:51:12,2025-12-18 09:54:01
1760,PROD-01740,"Hisense Smart TV 85"" 8K Master",Pantalla premium de máxima resolución con inteligencia artificial - Modelo 2023,2928.93,32,DISCONTINUED,2026-02-10 09:30:16,2026-03-18 06:04:16
1761,PROD-01741,"TCL Smart TV 85"" 8K Master",Pantalla premium de máxima resolución con inteligencia artificial - Modelo 2024,2865.99,92,INACTIVE,2025-07-30 01:53:57,2025-08-18 20:09:25
1762,PROD-01742,"LG Smart TV 40"" Full HD",Pantalla plana Full HD con puertos HDMI y USB multimedia - Modelo 2025,254.47,119,ACTIVE,2025-06-28 03:06:01,2025-07-07 13:54:11
1763,PROD-01743,"Hisense Smart TV 40"" Full HD",Pantalla plana Full HD con puertos HDMI y USB multimedia - Modelo 2026,307.81,126,INACTIVE,2025-03-30 00:20:11,2025-04-22 23:16:18
1764,PROD-01744,"Hisense Smart TV 32"" HD LED",Televisor LED HD con Roku integrado y sonido Dolby Audio - Modelo 2023,213.71,85,ACTIVE,2025-11-20 22:25:53,2025-12-30 14:39:53
1765,PROD-01745,"Panasonic Smart TV 43"" 4K UHD",Televisor inteligente con HDR10+ y sistema operativo webOS - Modelo 2024,390.11,149,ACTIVE,2025-10-05 00:50:14,2025-11-16 13:21:09
1766,PROD-01746,"Panasonic Smart TV 65"" 4K UHD",Pantalla grande con Dolby Vision Atmos y control por voz - Modelo 2025,866.41,93,DISCONTINUED,2026-04-18 19:33:29,2026-05-01 23:14:46
1767,PROD-01747,"Xiaomi Smart TV 50"" 4K Crystal",Pantalla UHD con procesador Crystal 4K y PurColor - Modelo 2026,503.56,49,ACTIVE,2026-06-09 23:59:47,2026-07-24 15:51:12
1768,PROD-01748,"Samsung Smart TV 75"" 4K Frameless",Televisor sin bordes de gran formato con panel LED avanzado - Modelo 2023,1197.09,42,ACTIVE,2025-03-08 05:46:17,2025-03-20 09:57:32
1769,PROD-01749,"LG Smart TV 75"" 4K Frameless",Televisor sin bordes de gran formato con panel LED avanzado - Modelo 2024,1138.89,114,DISCONTINUED,2026-06-28 01:44:52,2026-08-02 21:12:26
1770,PROD-01750,"Panasonic Smart TV 65"" 4K UHD",Pantalla grande con Dolby Vision Atmos y control por voz - Modelo 2025,904.69,150,ACTIVE,2025-06-12 17:05:09,2025-07-31 18:13:09
1771,PROD-01751,"Philips Smart TV 40"" Full HD",Pantalla plana Full HD con puertos HDMI y USB multimedia - Modelo 2026,333.0,79,ACTIVE,2026-03-02 07:52:22,2026-04-21 05:23:47
1772,PROD-01752,"TCL Smart TV 32"" HD LED",Televisor LED HD con Roku integrado y sonido Dolby Audio - Modelo 2023,298.03,6,ACTIVE,2025-02-25 16:18:01,2025-03-22 15:11:12
1773,PROD-01753,"Sony Smart TV 50"" 4K Crystal",Pantalla UHD con procesador Crystal 4K y PurColor - Modelo 2024,551.96,39,INACTIVE,2026-02-28 19:21:08,2026-03-29 20:55:40
1774,PROD-01754,"LG Smart TV 85"" 8K Master",Pantalla premium de máxima resolución con inteligencia artificial - Modelo 2025,2714.41,70,DISCONTINUED,2025-12-08 16:10:14,2026-01-13 09:46:03
1775,PROD-01755,"Philips Smart TV 85"" 8K Master",Pantalla premium de máxima resolución con inteligencia artificial - Modelo 2026,2607.58,18,ACTIVE,2026-06-01 01:02:27,2026-07-22 00:07:18
1776,PROD-01756,"Philips Smart TV 32"" HD LED",Televisor LED HD con Roku integrado y sonido Dolby Audio - Modelo 2023,236.3,138,DISCONTINUED,2025-02-23 15:28:14,2025-04-06 20:57:54
1777,PROD-01757,"LG Smart TV 65"" 4K UHD",Pantalla grande con Dolby Vision Atmos y control por voz - Modelo 2024,806.49,132,ACTIVE,2025-06-13 02:25:31,2025-07-11 03:01:22
1778,PROD-01758,"Xiaomi Smart TV 55"" 4K QLED",Televisor QLED con tecnología Quantum Dot y diseño ultra fino - Modelo 2025,637.35,16,ACTIVE,2025-08-09 08:38:19,2025-08-10 20:05:56
1779,PROD-01759,"Sony Smart TV 65"" 4K UHD",Pantalla grande con Dolby Vision Atmos y control por voz - Modelo 2026,940.57,70,ACTIVE,2025-05-30 19:38:35,2025-06-06 11:42:34
1780,PROD-01760,"Xiaomi Smart TV 65"" 4K UHD",Pantalla grande con Dolby Vision Atmos y control por voz - Modelo 2023,932.59,48,ACTIVE,2025-04-17 14:01:54,2025-04-18 13:25:13
1781,PROD-01761,"Sony Smart TV 43"" 4K UHD",Televisor inteligente con HDR10+ y sistema operativo webOS - Modelo 2024,403.16,140,INACTIVE,2025-04-16 22:18:53,2025-05-21 23:04:27
1782,PROD-01762,"LG Smart TV 50"" 4K Crystal",Pantalla UHD con procesador Crystal 4K y PurColor - Modelo 2025,460.93,5,ACTIVE,2026-01-09 02:59:41,2026-01-25 00:11:47
1783,PROD-01763,"Sony Smart TV 50"" 4K Crystal",Pantalla UHD con procesador Crystal 4K y PurColor - Modelo 2026,484.48,70,INACTIVE,2025-09-18 00:17:19,2025-09-22 15:21:53
1784,PROD-01764,"Sony Smart TV 85"" 8K Master",Pantalla premium de máxima resolución con inteligencia artificial - Modelo 2023,2762.79,36,ACTIVE,2025-07-25 09:18:16,2025-08-09 01:51:41
1785,PROD-01765,"LG Smart TV 50"" 4K Crystal",Pantalla UHD con procesador Crystal 4K y PurColor - Modelo 2024,495.07,98,DISCONTINUED,2025-04-24 16:33:36,2025-04-29 11:18:30
1786,PROD-01766,"TCL Smart TV 43"" 4K UHD",Televisor inteligente con HDR10+ y sistema operativo webOS - Modelo 2025,429.12,88,INACTIVE,2025-07-17 02:40:01,2025-08-30 16:36:24
1787,PROD-01767,"Sony Smart TV 50"" 4K Crystal",Pantalla UHD con procesador Crystal 4K y PurColor - Modelo 2026,474.18,6,ACTIVE,2025-11-10 10:52:30,2025-12-10 09:48:11
1788,PROD-01768,"Panasonic Smart TV 75"" 4K Frameless",Televisor sin bordes de gran formato con panel LED avanzado - Modelo 2023,1228.62,122,ACTIVE,2026-03-04 18:52:46,2026-03-31 22:13:21
1789,PROD-01769,"Panasonic Smart TV 65"" 4K UHD",Pantalla grande con Dolby Vision Atmos y control por voz - Modelo 2024,826.98,61,ACTIVE,2026-02-22 04:49:27,2026-03-12 18:27:13
1790,PROD-01770,"Philips Smart TV 40"" Full HD",Pantalla plana Full HD con puertos HDMI y USB multimedia - Modelo 2025,362.82,107,ACTIVE,2026-05-17 03:52:15,2026-06-10 17:34:31
1791,PROD-01771,"Samsung Smart TV 32"" HD LED",Televisor LED HD con Roku integrado y sonido Dolby Audio - Modelo 2026,234.08,143,ACTIVE,2026-06-16 21:14:15,2026-07-17 03:04:58
1792,PROD-01772,"LG Smart TV 65"" 4K UHD",Pantalla grande con Dolby Vision Atmos y control por voz - Modelo 2023,874.24,19,ACTIVE,2025-01-07 14:56:28,2025-01-08 14:33:46
1793,PROD-01773,"Hisense Smart TV 55"" 4K QLED",Televisor QLED con tecnología Quantum Dot y diseño ultra fino - Modelo 2024,574.62,50,INACTIVE,2025-12-08 18:05:36,2025-12-27 23:55:48
1794,PROD-01774,"TCL Smart TV 55"" 4K QLED",Televisor QLED con tecnología Quantum Dot y diseño ultra fino - Modelo 2025,647.33,34,DISCONTINUED,2025-09-06 11:38:42,2025-10-17 21:29:58
1795,PROD-01775,"Philips Smart TV 50"" 4K Crystal",Pantalla UHD con procesador Crystal 4K y PurColor - Modelo 2026,437.81,26,ACTIVE,2025-04-07 16:18:49,2025-04-25 22:06:49
1796,PROD-01776,"Panasonic Smart TV 32"" HD LED",Televisor LED HD con Roku integrado y sonido Dolby Audio - Modelo 2023,283.19,146,ACTIVE,2026-08-24 22:17:21,2026-09-30 20:46:28
1797,PROD-01777,"Philips Smart TV 32"" HD LED",Televisor LED HD con Roku integrado y sonido Dolby Audio - Modelo 2024,275.11,76,ACTIVE,2025-05-30 02:26:10,2025-06-11 18:06:19
1798,PROD-01778,"Hisense Smart TV 75"" 4K Frameless",Televisor sin bordes de gran formato con panel LED avanzado - Modelo 2025,1210.44,122,ACTIVE,2026-02-19 16:04:55,2026-04-04 13:35:37
1799,PROD-01779,"Panasonic Smart TV 55"" 4K QLED",Televisor QLED con tecnología Quantum Dot y diseño ultra fino - Modelo 2026,617.94,21,DISCONTINUED,2025-06-28 04:52:12,2025-07-07 03:54:02
1800,PROD-01780,"TCL Smart TV 43"" 4K UHD",Televisor inteligente con HDR10+ y sistema operativo webOS - Modelo 2023,405.21,143,DISCONTINUED,2025-10-13 11:29:27,2025-10-25 16:42:02
1801,PROD-01781,"TCL Smart TV 43"" 4K UHD",Televisor inteligente con HDR10+ y sistema operativo webOS - Modelo 2024,446.97,73,DISCONTINUED,2026-03-07 07:00:38,2026-03-21 01:44:10
1802,PROD-01782,"Samsung Smart TV 75"" 4K Frameless",Televisor sin bordes de gran formato con panel LED avanzado - Modelo 2025,1318.46,148,ACTIVE,2026-02-25 20:33:36,2026-03-21 15:06:04
1803,PROD-01783,"Panasonic Smart TV 43"" 4K UHD",Televisor inteligente con HDR10+ y sistema operativo webOS - Modelo 2026,417.02,99,INACTIVE,2026-06-07 19:25:27,2026-06-24 02:30:17
1804,PROD-01784,"Sony Smart TV 43"" 4K UHD",Televisor inteligente con HDR10+ y sistema operativo webOS - Modelo 2023,391.6,68,ACTIVE,2026-03-24 17:25:49,2026-04-01 10:52:05
1805,PROD-01785,"Hisense Smart TV 32"" HD LED",Televisor LED HD con Roku integrado y sonido Dolby Audio - Modelo 2024,252.28,67,ACTIVE,2025-02-22 03:44:15,2025-03-27 12:33:26
1806,PROD-01786,"Xiaomi Smart TV 75"" 4K Frameless",Televisor sin bordes de gran formato con panel LED avanzado - Modelo 2025,1294.09,147,ACTIVE,2026-05-16 13:45:28,2026-06-08 22:17:28
1807,PROD-01787,"Xiaomi Smart TV 65"" 4K UHD",Pantalla grande con Dolby Vision Atmos y control por voz - Modelo 2026,884.43,149,ACTIVE,2025-02-23 19:48:22,2025-04-06 19:31:52
1808,PROD-01788,"Xiaomi Smart TV 43"" 4K UHD",Televisor inteligente con HDR10+ y sistema operativo webOS - Modelo 2023,349.23,61,ACTIVE,2026-03-23 05:49:51,2026-03-27 17:39:57
1809,PROD-01789,"Sony Smart TV 32"" HD LED",Televisor LED HD con Roku integrado y sonido Dolby Audio - Modelo 2024,278.06,90,DISCONTINUED,2025-09-25 11:39:26,2025-11-09 00:13:30
1810,PROD-01790,"Samsung Smart TV 85"" 8K Master",Pantalla premium de máxima resolución con inteligencia artificial - Modelo 2025,2738.58,68,DISCONTINUED,2025-07-02 03:22:55,2025-08-12 11:18:48
1811,PROD-01791,"Panasonic Smart TV 55"" 4K QLED",Televisor QLED con tecnología Quantum Dot y diseño ultra fino - Modelo 2026,644.31,19,ACTIVE,2026-01-15 15:14:11,2026-02-01 18:06:36
1812,PROD-01792,"LG Smart TV 43"" 4K UHD",Televisor inteligente con HDR10+ y sistema operativo webOS - Modelo 2023,391.54,46,ACTIVE,2025-10-18 08:04:30,2025-11-02 17:42:17
1813,PROD-01793,"Panasonic Smart TV 65"" 4K UHD",Pantalla grande con Dolby Vision Atmos y control por voz - Modelo 2024,860.58,65,ACTIVE,2026-04-30 16:44:47,2026-06-19 12:29:12
1814,PROD-01794,"Philips Smart TV 85"" 8K Master",Pantalla premium de máxima resolución con inteligencia artificial - Modelo 2025,2576.13,20,ACTIVE,2025-12-13 05:27:51,2025-12-18 16:06:14
1815,PROD-01795,"Sony Smart TV 85"" 8K Master",Pantalla premium de máxima resolución con inteligencia artificial - Modelo 2026,2774.97,109,ACTIVE,2026-07-16 19:01:56,2026-08-04 15:58:23
1816,PROD-01796,"Philips Smart TV 65"" 4K UHD",Pantalla grande con Dolby Vision Atmos y control por voz - Modelo 2023,882.25,42,ACTIVE,2025-06-28 01:11:50,2025-07-29 19:52:40
1817,PROD-01797,"Hisense Smart TV 55"" 4K QLED",Televisor QLED con tecnología Quantum Dot y diseño ultra fino - Modelo 2024,671.02,13,ACTIVE,2026-08-03 22:31:02,2026-09-23 15:16:50
1818,PROD-01798,"LG Smart TV 85"" 8K Master",Pantalla premium de máxima resolución con inteligencia artificial - Modelo 2025,2642.27,140,DISCONTINUED,2026-08-17 10:35:20,2026-08-28 15:54:13
1819,PROD-01799,"Panasonic Smart TV 55"" 4K QLED",Televisor QLED con tecnología Quantum Dot y diseño ultra fino - Modelo 2026,683.88,15,ACTIVE,2026-05-29 13:57:10,2026-06-02 18:00:11
1820,PROD-01800,"Panasonic Smart TV 32"" HD LED",Televisor LED HD con Roku integrado y sonido Dolby Audio - Modelo 2023,284.05,131,INACTIVE,2026-06-26 03:57:24,2026-07-13 08:31:56
1821,PROD-01801,"TCL Smart TV 40"" Full HD",Pantalla plana Full HD con puertos HDMI y USB multimedia - Modelo 2024,343.24,91,ACTIVE,2025-03-06 23:22:31,2025-04-01 11:42:22
1822,PROD-01802,"Hisense Smart TV 43"" 4K UHD",Televisor inteligente con HDR10+ y sistema operativo webOS - Modelo 2025,435.22,61,ACTIVE,2025-11-02 19:37:12,2025-12-05 00:45:46
1823,PROD-01803,"Xiaomi Smart TV 55"" 4K QLED",Televisor QLED con tecnología Quantum Dot y diseño ultra fino - Modelo 2026,608.32,18,ACTIVE,2026-07-29 18:55:56,2026-09-01 03:04:29
1824,PROD-01804,"Panasonic Smart TV 55"" 4K QLED",Televisor QLED con tecnología Quantum Dot y diseño ultra fino - Modelo 2023,589.66,33,ACTIVE,2026-08-02 09:21:52,2026-08-19 21:52:55
1825,PROD-01805,"Samsung Smart TV 32"" HD LED",Televisor LED HD con Roku integrado y sonido Dolby Audio - Modelo 2024,285.19,32,INACTIVE,2025-02-17 07:14:07,2025-03-18 06:51:33
1826,PROD-01806,"Panasonic Smart TV 75"" 4K Frameless",Televisor sin bordes de gran formato con panel LED avanzado - Modelo 2025,1265.76,50,ACTIVE,2025-07-14 09:09:04,2025-07-28 08:02:11
1827,PROD-01807,"Panasonic Smart TV 40"" Full HD",Pantalla plana Full HD con puertos HDMI y USB multimedia - Modelo 2026,275.78,2,ACTIVE,2025-04-05 06:56:22,2025-04-06 14:41:03
1828,PROD-01808,"Sony Smart TV 55"" 4K QLED",Televisor QLED con tecnología Quantum Dot y diseño ultra fino - Modelo 2023,658.43,95,ACTIVE,2026-08-03 03:50:27,2026-09-16 13:16:22
1829,PROD-01809,"Hisense Smart TV 75"" 4K Frameless",Televisor sin bordes de gran formato con panel LED avanzado - Modelo 2024,1347.83,99,ACTIVE,2025-09-04 07:24:09,2025-09-17 17:57:51
1830,PROD-01810,"Panasonic Smart TV 32"" HD LED",Televisor LED HD con Roku integrado y sonido Dolby Audio - Modelo 2025,279.28,3,ACTIVE,2025-05-23 14:36:06,2025-06-07 23:29:43
1831,PROD-01811,"Hisense Smart TV 85"" 8K Master",Pantalla premium de máxima resolución con inteligencia artificial - Modelo 2026,2913.56,74,ACTIVE,2025-05-30 05:37:33,2025-07-02 05:47:43
1832,PROD-01812,"Hisense Smart TV 50"" 4K Crystal",Pantalla UHD con procesador Crystal 4K y PurColor - Modelo 2023,465.09,56,INACTIVE,2025-05-29 20:50:43,2025-06-04 12:21:25
1833,PROD-01813,"Sony Smart TV 75"" 4K Frameless",Televisor sin bordes de gran formato con panel LED avanzado - Modelo 2024,1210.28,2,ACTIVE,2025-04-08 13:31:57,2025-04-13 10:02:06
1834,PROD-01814,"Philips Smart TV 50"" 4K Crystal",Pantalla UHD con procesador Crystal 4K y PurColor - Modelo 2025,483.56,137,INACTIVE,2025-01-09 07:12:43,2025-01-17 13:03:25
1835,PROD-01815,"Sony Smart TV 65"" 4K UHD",Pantalla grande con Dolby Vision Atmos y control por voz - Modelo 2026,911.78,79,ACTIVE,2025-03-07 17:10:51,2025-03-13 22:39:03
1836,PROD-01816,"LG Smart TV 50"" 4K Crystal",Pantalla UHD con procesador Crystal 4K y PurColor - Modelo 2023,553.36,128,DISCONTINUED,2025-10-17 10:55:49,2025-11-12 05:20:24
1837,PROD-01817,"LG Smart TV 75"" 4K Frameless",Televisor sin bordes de gran formato con panel LED avanzado - Modelo 2024,1158.99,142,ACTIVE,2025-11-09 00:29:39,2025-11-11 12:26:53
1838,PROD-01818,"Samsung Smart TV 65"" 4K UHD",Pantalla grande con Dolby Vision Atmos y control por voz - Modelo 2025,820.9,52,INACTIVE,2025-02-01 21:28:20,2025-03-15 23:40:27
1839,PROD-01819,"TCL Smart TV 65"" 4K UHD",Pantalla grande con Dolby Vision Atmos y control por voz - Modelo 2026,897.1,24,DISCONTINUED,2026-07-01 07:18:14,2026-07-11 04:54:10
1840,PROD-01820,"Philips Smart TV 75"" 4K Frameless",Televisor sin bordes de gran formato con panel LED avanzado - Modelo 2023,1124.62,82,DISCONTINUED,2025-08-13 19:46:51,2025-08-22 22:38:58
1841,PROD-01821,"Sony Smart TV 55"" 4K QLED",Televisor QLED con tecnología Quantum Dot y diseño ultra fino - Modelo 2024,738.03,94,ACTIVE,2025-02-18 21:18:40,2025-03-09 04:03:23
1842,PROD-01822,"LG Smart TV 32"" HD LED",Televisor LED HD con Roku integrado y sonido Dolby Audio - Modelo 2025,277.9,45,ACTIVE,2025-07-08 01:02:49,2025-07-26 22:10:50
1843,PROD-01823,"TCL Smart TV 43"" 4K UHD",Televisor inteligente con HDR10+ y sistema operativo webOS - Modelo 2026,380.41,110,ACTIVE,2025-05-04 15:09:49,2025-05-19 00:06:24
1844,PROD-01824,"Panasonic Smart TV 32"" HD LED",Televisor LED HD con Roku integrado y sonido Dolby Audio - Modelo 2023,308.58,133,DISCONTINUED,2026-04-10 15:44:06,2026-05-31 05:31:57
1845,PROD-01825,"Sony Smart TV 32"" HD LED",Televisor LED HD con Roku integrado y sonido Dolby Audio - Modelo 2024,213.1,33,ACTIVE,2025-02-27 03:20:15,2025-04-02 03:59:38
1846,PROD-01826,"LG Smart TV 50"" 4K Crystal",Pantalla UHD con procesador Crystal 4K y PurColor - Modelo 2025,483.17,110,ACTIVE,2025-01-03 00:44:13,2025-01-27 00:23:19
1847,PROD-01827,"LG Smart TV 50"" 4K Crystal",Pantalla UHD con procesador Crystal 4K y PurColor - Modelo 2026,478.61,48,ACTIVE,2026-03-08 17:28:19,2026-03-23 01:37:55
1848,PROD-01828,"Hisense Smart TV 43"" 4K UHD",Televisor inteligente con HDR10+ y sistema operativo webOS - Modelo 2023,401.73,0,ACTIVE,2025-12-26 12:36:01,2026-02-05 18:07:03
1849,PROD-01829,"LG Smart TV 32"" HD LED",Televisor LED HD con Roku integrado y sonido Dolby Audio - Modelo 2024,221.12,71,INACTIVE,2025-05-09 03:54:43,2025-06-27 22:10:29
1850,PROD-01830,"Philips Smart TV 65"" 4K UHD",Pantalla grande con Dolby Vision Atmos y control por voz - Modelo 2025,901.45,113,ACTIVE,2025-06-23 20:01:05,2025-08-10 00:40:17
1851,PROD-01831,"Samsung Smart TV 32"" HD LED",Televisor LED HD con Roku integrado y sonido Dolby Audio - Modelo 2026,286.77,149,ACTIVE,2025-02-10 17:47:46,2025-03-16 04:59:14
1852,PROD-01832,"Sony Smart TV 75"" 4K Frameless",Televisor sin bordes de gran formato con panel LED avanzado - Modelo 2023,1146.72,149,INACTIVE,2025-09-17 06:29:32,2025-10-10 23:48:51
1853,PROD-01833,"TCL Smart TV 40"" Full HD",Pantalla plana Full HD con puertos HDMI y USB multimedia - Modelo 2024,316.53,75,ACTIVE,2025-03-08 16:35:07,2025-03-17 01:30:19
1854,PROD-01834,"TCL Smart TV 32"" HD LED",Televisor LED HD con Roku integrado y sonido Dolby Audio - Modelo 2025,262.83,140,ACTIVE,2026-02-26 18:50:40,2026-04-06 09:58:56
1855,PROD-01835,"Philips Smart TV 43"" 4K UHD",Televisor inteligente con HDR10+ y sistema operativo webOS - Modelo 2026,484.34,24,ACTIVE,2025-04-29 21:53:17,2025-06-13 05:06:51
1856,PROD-01836,"Xiaomi Smart TV 65"" 4K UHD",Pantalla grande con Dolby Vision Atmos y control por voz - Modelo 2023,871.06,75,ACTIVE,2026-08-17 12:16:14,2026-09-26 08:44:15
1857,PROD-01837,"TCL Smart TV 85"" 8K Master",Pantalla premium de máxima resolución con inteligencia artificial - Modelo 2024,2690.6,110,ACTIVE,2025-02-06 19:14:33,2025-03-20 01:15:23
1858,PROD-01838,"Xiaomi Smart TV 32"" HD LED",Televisor LED HD con Roku integrado y sonido Dolby Audio - Modelo 2025,270.76,13,ACTIVE,2026-05-26 16:55:41,2026-07-05 07:30:40
1859,PROD-01839,"TCL Smart TV 85"" 8K Master",Pantalla premium de máxima resolución con inteligencia artificial - Modelo 2026,2904.65,72,DISCONTINUED,2025-07-24 09:00:23,2025-08-13 07:37:14
1860,PROD-01840,"Philips Smart TV 75"" 4K Frameless",Televisor sin bordes de gran formato con panel LED avanzado - Modelo 2023,1247.16,108,ACTIVE,2026-03-29 03:50:01,2026-04-03 21:17:37
1861,PROD-01841,"TCL Smart TV 32"" HD LED",Televisor LED HD con Roku integrado y sonido Dolby Audio - Modelo 2024,210.62,133,INACTIVE,2026-08-21 00:02:51,2026-09-22 19:30:47
1862,PROD-01842,"Hisense Smart TV 40"" Full HD",Pantalla plana Full HD con puertos HDMI y USB multimedia - Modelo 2025,289.78,31,INACTIVE,2025-07-01 01:54:49,2025-08-02 23:38:33
1863,PROD-01843,"Samsung Smart TV 55"" 4K QLED",Televisor QLED con tecnología Quantum Dot y diseño ultra fino - Modelo 2026,630.48,96,INACTIVE,2025-05-17 10:06:59,2025-06-06 17:34:38
1864,PROD-01844,"TCL Smart TV 50"" 4K Crystal",Pantalla UHD con procesador Crystal 4K y PurColor - Modelo 2023,478.46,143,DISCONTINUED,2025-09-07 10:34:03,2025-09-19 01:37:48
1865,PROD-01845,"Hisense Smart TV 50"" 4K Crystal",Pantalla UHD con procesador Crystal 4K y PurColor - Modelo 2024,511.48,88,ACTIVE,2026-01-05 15:28:44,2026-01-21 14:03:19
1866,PROD-01846,"TCL Smart TV 55"" 4K QLED",Televisor QLED con tecnología Quantum Dot y diseño ultra fino - Modelo 2025,600.06,115,DISCONTINUED,2026-06-13 02:06:00,2026-07-02 17:55:23
1867,PROD-01847,"LG Smart TV 43"" 4K UHD",Televisor inteligente con HDR10+ y sistema operativo webOS - Modelo 2026,460.76,108,INACTIVE,2025-06-11 09:15:32,2025-06-19 02:48:29
1868,PROD-01848,"LG Smart TV 65"" 4K UHD",Pantalla grande con Dolby Vision Atmos y control por voz - Modelo 2023,859.28,57,DISCONTINUED,2026-04-18 21:35:18,2026-05-07 10:16:35
1869,PROD-01849,"Philips Smart TV 43"" 4K UHD",Televisor inteligente con HDR10+ y sistema operativo webOS - Modelo 2024,385.9,86,ACTIVE,2025-05-13 18:49:39,2025-06-02 15:10:27
1870,PROD-01850,"Samsung Smart TV 40"" Full HD",Pantalla plana Full HD con puertos HDMI y USB multimedia - Modelo 2025,322.98,16,ACTIVE,2025-12-16 18:37:44,2026-01-22 19:04:24
1871,PROD-01851,"Hisense Smart TV 75"" 4K Frameless",Televisor sin bordes de gran formato con panel LED avanzado - Modelo 2026,1367.44,15,ACTIVE,2026-07-16 05:39:43,2026-08-22 04:35:29
1872,PROD-01852,"Hisense Smart TV 50"" 4K Crystal",Pantalla UHD con procesador Crystal 4K y PurColor - Modelo 2023,532.77,21,ACTIVE,2026-03-31 17:32:53,2026-04-03 07:51:49
1873,PROD-01853,"TCL Smart TV 85"" 8K Master",Pantalla premium de máxima resolución con inteligencia artificial - Modelo 2024,2900.43,45,ACTIVE,2025-09-07 07:28:39,2025-09-19 19:28:36
1874,PROD-01854,"Panasonic Smart TV 55"" 4K QLED",Televisor QLED con tecnología Quantum Dot y diseño ultra fino - Modelo 2025,651.37,30,INACTIVE,2026-06-06 17:11:34,2026-06-12 18:48:54
1875,PROD-01855,"Philips Smart TV 32"" HD LED",Televisor LED HD con Roku integrado y sonido Dolby Audio - Modelo 2026,307.83,29,DISCONTINUED,2026-03-21 06:25:48,2026-04-08 12:39:45
1876,PROD-01856,"Sony Smart TV 65"" 4K UHD",Pantalla grande con Dolby Vision Atmos y control por voz - Modelo 2023,773.7,38,DISCONTINUED,2025-01-31 11:56:00,2025-02-10 06:36:29
1877,PROD-01857,"Xiaomi Smart TV 40"" Full HD",Pantalla plana Full HD con puertos HDMI y USB multimedia - Modelo 2024,368.45,127,ACTIVE,2025-04-15 16:15:17,2025-05-05 04:02:47
1878,PROD-01858,"Philips Smart TV 65"" 4K UHD",Pantalla grande con Dolby Vision Atmos y control por voz - Modelo 2025,847.24,36,DISCONTINUED,2026-01-16 03:51:44,2026-02-14 13:00:44
1879,PROD-01859,"Samsung Smart TV 32"" HD LED",Televisor LED HD con Roku integrado y sonido Dolby Audio - Modelo 2026,273.01,102,ACTIVE,2025-05-01 11:56:46,2025-05-02 15:57:24
1880,PROD-01860,"Samsung Smart TV 85"" 8K Master",Pantalla premium de máxima resolución con inteligencia artificial - Modelo 2023,2692.01,16,ACTIVE,2025-11-07 17:42:40,2025-11-18 00:46:50
1881,PROD-01861,"TCL Smart TV 40"" Full HD",Pantalla plana Full HD con puertos HDMI y USB multimedia - Modelo 2024,329.7,6,ACTIVE,2026-03-10 11:16:29,2026-04-21 10:18:45
1882,PROD-01862,"Samsung Smart TV 40"" Full HD",Pantalla plana Full HD con puertos HDMI y USB multimedia - Modelo 2025,328.86,13,ACTIVE,2025-02-21 21:57:47,2025-04-08 00:35:43
1883,PROD-01863,"Sony Smart TV 40"" Full HD",Pantalla plana Full HD con puertos HDMI y USB multimedia - Modelo 2026,356.7,91,ACTIVE,2025-03-28 18:30:56,2025-04-05 00:50:14
1884,PROD-01864,"LG Smart TV 50"" 4K Crystal",Pantalla UHD con procesador Crystal 4K y PurColor - Modelo 2023,450.85,5,ACTIVE,2025-07-16 06:15:21,2025-07-23 01:21:48
1885,PROD-01865,"Panasonic Smart TV 32"" HD LED",Televisor LED HD con Roku integrado y sonido Dolby Audio - Modelo 2024,231.41,144,INACTIVE,2025-11-09 04:00:41,2025-12-13 17:43:48
1886,PROD-01866,"Xiaomi Smart TV 40"" Full HD",Pantalla plana Full HD con puertos HDMI y USB multimedia - Modelo 2025,297.74,142,DISCONTINUED,2026-01-20 14:04:17,2026-02-12 15:35:01
1887,PROD-01867,"Panasonic Smart TV 40"" Full HD",Pantalla plana Full HD con puertos HDMI y USB multimedia - Modelo 2026,361.23,143,ACTIVE,2026-02-01 14:41:31,2026-02-04 16:19:56
1888,PROD-01868,"Samsung Smart TV 40"" Full HD",Pantalla plana Full HD con puertos HDMI y USB multimedia - Modelo 2023,321.43,52,ACTIVE,2025-12-27 10:08:25,2026-01-03 01:13:53
1889,PROD-01869,"Sony Smart TV 40"" Full HD",Pantalla plana Full HD con puertos HDMI y USB multimedia - Modelo 2024,268.69,50,ACTIVE,2026-08-08 16:26:18,2026-08-10 21:55:09
1890,PROD-01870,"Sony Smart TV 55"" 4K QLED",Televisor QLED con tecnología Quantum Dot y diseño ultra fino - Modelo 2025,639.9,47,ACTIVE,2026-06-05 06:25:58,2026-06-16 02:34:36
1891,PROD-01871,"Xiaomi Smart TV 40"" Full HD",Pantalla plana Full HD con puertos HDMI y USB multimedia - Modelo 2026,267.83,17,ACTIVE,2026-03-19 09:32:48,2026-04-01 10:22:14
1892,PROD-01872,"Sony Smart TV 40"" Full HD",Pantalla plana Full HD con puertos HDMI y USB multimedia - Modelo 2023,376.23,134,ACTIVE,2026-06-11 11:04:03,2026-06-14 13:14:57
1893,PROD-01873,"LG Smart TV 50"" 4K Crystal",Pantalla UHD con procesador Crystal 4K y PurColor - Modelo 2024,459.38,67,DISCONTINUED,2025-12-09 05:44:45,2025-12-11 08:06:02
1894,PROD-01874,"Philips Smart TV 43"" 4K UHD",Televisor inteligente con HDR10+ y sistema operativo webOS - Modelo 2025,459.7,72,ACTIVE,2025-10-01 14:22:37,2025-10-10 10:24:19
1895,PROD-01875,"Panasonic Smart TV 75"" 4K Frameless",Televisor sin bordes de gran formato con panel LED avanzado - Modelo 2026,1162.86,33,ACTIVE,2025-04-16 15:52:52,2025-05-12 11:19:05
1896,PROD-01876,"Panasonic Smart TV 65"" 4K UHD",Pantalla grande con Dolby Vision Atmos y control por voz - Modelo 2023,899.42,97,INACTIVE,2025-01-04 04:31:04,2025-02-20 03:56:06
1897,PROD-01877,"Panasonic Smart TV 40"" Full HD",Pantalla plana Full HD con puertos HDMI y USB multimedia - Modelo 2024,308.12,111,INACTIVE,2025-08-14 16:23:16,2025-09-10 13:03:55
1898,PROD-01878,"Samsung Smart TV 65"" 4K UHD",Pantalla grande con Dolby Vision Atmos y control por voz - Modelo 2025,938.7,139,INACTIVE,2026-05-28 10:38:47,2026-06-20 09:26:58
1899,PROD-01879,"Samsung Smart TV 75"" 4K Frameless",Televisor sin bordes de gran formato con panel LED avanzado - Modelo 2026,1148.38,115,DISCONTINUED,2025-09-26 07:18:08,2025-10-19 19:40:22
1900,PROD-01880,"Panasonic Smart TV 32"" HD LED",Televisor LED HD con Roku integrado y sonido Dolby Audio - Modelo 2023,279.99,135,ACTIVE,2026-05-07 12:54:29,2026-05-21 10:01:59
1901,PROD-01881,"Xiaomi Smart TV 65"" 4K UHD",Pantalla grande con Dolby Vision Atmos y control por voz - Modelo 2024,909.39,10,INACTIVE,2026-02-04 16:46:28,2026-03-12 03:34:52
1902,PROD-01882,"Philips Smart TV 50"" 4K Crystal",Pantalla UHD con procesador Crystal 4K y PurColor - Modelo 2025,485.65,29,INACTIVE,2025-05-08 17:53:07,2025-05-17 08:32:23
1903,PROD-01883,"Hisense Smart TV 50"" 4K Crystal",Pantalla UHD con procesador Crystal 4K y PurColor - Modelo 2026,444.95,45,INACTIVE,2025-07-24 00:40:18,2025-08-23 01:35:17
1904,PROD-01884,"LG Smart TV 43"" 4K UHD",Televisor inteligente con HDR10+ y sistema operativo webOS - Modelo 2023,370.58,83,ACTIVE,2026-03-30 05:11:07,2026-04-02 06:34:34
1905,PROD-01885,"Xiaomi Smart TV 75"" 4K Frameless",Televisor sin bordes de gran formato con panel LED avanzado - Modelo 2024,1200.25,84,ACTIVE,2026-07-21 07:07:45,2026-07-31 22:05:04
1906,PROD-01886,"Hisense Smart TV 50"" 4K Crystal",Pantalla UHD con procesador Crystal 4K y PurColor - Modelo 2025,432.97,135,DISCONTINUED,2025-06-16 18:35:05,2025-07-04 21:08:58
1907,PROD-01887,"TCL Smart TV 32"" HD LED",Televisor LED HD con Roku integrado y sonido Dolby Audio - Modelo 2026,250.67,9,ACTIVE,2026-03-30 09:40:44,2026-04-01 02:56:36
1908,PROD-01888,"TCL Smart TV 85"" 8K Master",Pantalla premium de máxima resolución con inteligencia artificial - Modelo 2023,2695.4,64,DISCONTINUED,2026-05-09 18:17:22,2026-06-23 19:16:12
1909,PROD-01889,"Philips Smart TV 75"" 4K Frameless",Televisor sin bordes de gran formato con panel LED avanzado - Modelo 2024,1256.59,12,INACTIVE,2025-08-26 01:23:58,2025-08-31 06:24:20
1910,PROD-01890,"LG Smart TV 50"" 4K Crystal",Pantalla UHD con procesador Crystal 4K y PurColor - Modelo 2025,511.67,71,DISCONTINUED,2025-06-17 01:51:54,2025-06-19 06:53:56
1911,PROD-01891,"Philips Smart TV 75"" 4K Frameless",Televisor sin bordes de gran formato con panel LED avanzado - Modelo 2026,1346.45,108,DISCONTINUED,2025-12-12 09:37:42,2025-12-26 02:47:26
1912,PROD-01892,"Hisense Smart TV 32"" HD LED",Televisor LED HD con Roku integrado y sonido Dolby Audio - Modelo 2023,274.59,29,DISCONTINUED,2025-06-01 05:46:47,2025-06-14 05:04:04
1913,PROD-01893,"Sony Smart TV 65"" 4K UHD",Pantalla grande con Dolby Vision Atmos y control por voz - Modelo 2024,810.71,9,DISCONTINUED,2025-03-10 11:05:31,2025-04-22 02:31:12
1914,PROD-01894,"LG Smart TV 43"" 4K UHD",Televisor inteligente con HDR10+ y sistema operativo webOS - Modelo 2025,414.27,116,ACTIVE,2025-10-14 07:32:47,2025-11-04 16:09:23
1915,PROD-01895,"Sony Smart TV 75"" 4K Frameless",Televisor sin bordes de gran formato con panel LED avanzado - Modelo 2026,1262.34,59,ACTIVE,2025-02-05 23:39:11,2025-02-14 12:37:13
1916,PROD-01896,"TCL Smart TV 75"" 4K Frameless",Televisor sin bordes de gran formato con panel LED avanzado - Modelo 2023,1311.63,28,DISCONTINUED,2025-08-05 15:02:27,2025-09-19 14:12:11
1917,PROD-01897,"Hisense Smart TV 43"" 4K UHD",Televisor inteligente con HDR10+ y sistema operativo webOS - Modelo 2024,396.61,113,ACTIVE,2026-06-02 08:15:06,2026-07-19 07:26:15
1918,PROD-01898,"Sony Smart TV 85"" 8K Master",Pantalla premium de máxima resolución con inteligencia artificial - Modelo 2025,2705.93,51,ACTIVE,2026-04-13 20:22:35,2026-04-18 17:21:21
1919,PROD-01899,"LG Smart TV 65"" 4K UHD",Pantalla grande con Dolby Vision Atmos y control por voz - Modelo 2026,859.1,149,DISCONTINUED,2025-12-30 17:08:16,2026-02-11 20:05:31
1920,PROD-01900,"Panasonic Smart TV 55"" 4K QLED",Televisor QLED con tecnología Quantum Dot y diseño ultra fino - Modelo 2023,567.36,98,ACTIVE,2025-02-16 13:20:03,2025-03-29 19:44:32
1921,PROD-01901,"Philips Smart TV 32"" HD LED",Televisor LED HD con Roku integrado y sonido Dolby Audio - Modelo 2024,215.54,100,ACTIVE,2025-07-22 15:12:44,2025-08-11 11:05:08
1922,PROD-01902,"Philips Smart TV 50"" 4K Crystal",Pantalla UHD con procesador Crystal 4K y PurColor - Modelo 2025,503.48,96,INACTIVE,2025-10-11 08:17:22,2025-11-09 19:30:45
1923,PROD-01903,"Samsung Smart TV 65"" 4K UHD",Pantalla grande con Dolby Vision Atmos y control por voz - Modelo 2026,836.0,145,ACTIVE,2026-06-27 18:02:23,2026-08-06 04:22:57
1924,PROD-01904,"Sony Smart TV 32"" HD LED",Televisor LED HD con Roku integrado y sonido Dolby Audio - Modelo 2023,222.53,104,INACTIVE,2025-11-04 13:42:30,2025-12-21 19:51:49
1925,PROD-01905,"Hisense Smart TV 55"" 4K QLED",Televisor QLED con tecnología Quantum Dot y diseño ultra fino - Modelo 2024,617.81,90,DISCONTINUED,2025-10-24 20:18:35,2025-11-08 00:24:53
1926,PROD-01906,"Philips Smart TV 50"" 4K Crystal",Pantalla UHD con procesador Crystal 4K y PurColor - Modelo 2025,503.27,75,INACTIVE,2025-03-05 23:45:11,2025-03-25 15:26:11
1927,PROD-01907,"Xiaomi Smart TV 43"" 4K UHD",Televisor inteligente con HDR10+ y sistema operativo webOS - Modelo 2026,409.67,6,ACTIVE,2026-06-27 17:26:08,2026-08-07 09:35:24
1928,PROD-01908,"Samsung Smart TV 85"" 8K Master",Pantalla premium de máxima resolución con inteligencia artificial - Modelo 2023,2692.0,40,ACTIVE,2025-05-15 08:44:58,2025-06-21 14:16:31
1929,PROD-01909,"Sony Smart TV 85"" 8K Master",Pantalla premium de máxima resolución con inteligencia artificial - Modelo 2024,2633.77,34,DISCONTINUED,2025-08-22 23:40:07,2025-09-24 00:31:58
1930,PROD-01910,"Sony Smart TV 65"" 4K UHD",Pantalla grande con Dolby Vision Atmos y control por voz - Modelo 2025,882.87,76,DISCONTINUED,2026-03-05 03:23:55,2026-04-20 09:48:16
1931,PROD-01911,"LG Smart TV 32"" HD LED",Televisor LED HD con Roku integrado y sonido Dolby Audio - Modelo 2026,215.23,109,DISCONTINUED,2025-01-18 17:41:16,2025-02-23 16:11:54
1932,PROD-01912,"Hisense Smart TV 75"" 4K Frameless",Televisor sin bordes de gran formato con panel LED avanzado - Modelo 2023,1233.27,115,DISCONTINUED,2025-07-28 17:11:15,2025-09-04 18:08:15
1933,PROD-01913,"Xiaomi Smart TV 55"" 4K QLED",Televisor QLED con tecnología Quantum Dot y diseño ultra fino - Modelo 2024,629.64,78,ACTIVE,2025-04-10 05:04:49,2025-05-22 15:17:59
1934,PROD-01914,"Xiaomi Smart TV 85"" 8K Master",Pantalla premium de máxima resolución con inteligencia artificial - Modelo 2025,2594.59,20,ACTIVE,2025-03-14 16:35:49,2025-04-09 22:54:56
1935,PROD-01915,"Panasonic Smart TV 85"" 8K Master",Pantalla premium de máxima resolución con inteligencia artificial - Modelo 2026,2651.97,119,ACTIVE,2026-06-09 21:37:33,2026-06-22 11:57:21
1936,PROD-01916,"Philips Smart TV 55"" 4K QLED",Televisor QLED con tecnología Quantum Dot y diseño ultra fino - Modelo 2023,649.01,47,INACTIVE,2025-08-11 17:10:35,2025-08-19 15:26:08
1937,PROD-01917,"Panasonic Smart TV 50"" 4K Crystal",Pantalla UHD con procesador Crystal 4K y PurColor - Modelo 2024,540.11,8,ACTIVE,2025-03-07 04:31:33,2025-04-18 07:01:30
1938,PROD-01918,"Philips Smart TV 55"" 4K QLED",Televisor QLED con tecnología Quantum Dot y diseño ultra fino - Modelo 2025,725.11,146,ACTIVE,2025-07-05 09:15:17,2025-07-05 20:52:17
1939,PROD-01919,"Samsung Smart TV 43"" 4K UHD",Televisor inteligente con HDR10+ y sistema operativo webOS - Modelo 2026,391.59,112,DISCONTINUED,2025-05-24 01:42:15,2025-06-29 10:33:53
1940,PROD-01920,"Samsung Smart TV 65"" 4K UHD",Pantalla grande con Dolby Vision Atmos y control por voz - Modelo 2023,829.4,71,ACTIVE,2025-01-14 22:37:22,2025-02-12 07:33:05
1941,PROD-01921,"Sony Smart TV 55"" 4K QLED",Televisor QLED con tecnología Quantum Dot y diseño ultra fino - Modelo 2024,607.46,73,INACTIVE,2025-06-21 20:17:29,2025-07-02 09:58:22
1942,PROD-01922,"Sony Smart TV 40"" Full HD",Pantalla plana Full HD con puertos HDMI y USB multimedia - Modelo 2025,351.42,109,ACTIVE,2026-06-21 00:15:48,2026-07-15 15:43:36
1943,PROD-01923,"TCL Smart TV 85"" 8K Master",Pantalla premium de máxima resolución con inteligencia artificial - Modelo 2026,2871.2,61,ACTIVE,2025-12-17 04:37:28,2025-12-18 08:41:46
1944,PROD-01924,"Hisense Smart TV 32"" HD LED",Televisor LED HD con Roku integrado y sonido Dolby Audio - Modelo 2023,262.91,25,ACTIVE,2026-07-01 06:40:53,2026-07-19 01:37:38
1945,PROD-01925,"Samsung Smart TV 75"" 4K Frameless",Televisor sin bordes de gran formato con panel LED avanzado - Modelo 2024,1249.79,19,ACTIVE,2026-05-29 11:39:13,2026-06-25 22:46:24
1946,PROD-01926,"Sony Smart TV 65"" 4K UHD",Pantalla grande con Dolby Vision Atmos y control por voz - Modelo 2025,845.06,98,ACTIVE,2025-03-29 07:22:56,2025-04-05 18:32:27
1947,PROD-01927,"TCL Smart TV 55"" 4K QLED",Televisor QLED con tecnología Quantum Dot y diseño ultra fino - Modelo 2026,670.82,15,ACTIVE,2026-03-12 18:45:54,2026-03-22 06:08:38
1948,PROD-01928,"Hisense Smart TV 32"" HD LED",Televisor LED HD con Roku integrado y sonido Dolby Audio - Modelo 2023,294.38,118,ACTIVE,2026-05-26 08:15:52,2026-06-05 16:58:15
1949,PROD-01929,"Xiaomi Smart TV 50"" 4K Crystal",Pantalla UHD con procesador Crystal 4K y PurColor - Modelo 2024,536.45,49,DISCONTINUED,2026-01-26 04:27:53,2026-02-12 00:08:09
1950,PROD-01930,"Sony Smart TV 43"" 4K UHD",Televisor inteligente con HDR10+ y sistema operativo webOS - Modelo 2025,442.83,15,DISCONTINUED,2026-05-17 05:07:33,2026-05-22 10:43:36
1951,PROD-01931,"TCL Smart TV 32"" HD LED",Televisor LED HD con Roku integrado y sonido Dolby Audio - Modelo 2026,261.41,47,ACTIVE,2025-01-31 02:29:20,2025-02-10 18:32:38
1952,PROD-01932,"Xiaomi Smart TV 75"" 4K Frameless",Televisor sin bordes de gran formato con panel LED avanzado - Modelo 2023,1221.21,124,ACTIVE,2025-01-12 10:24:31,2025-01-24 13:41:58
1953,PROD-01933,"Philips Smart TV 65"" 4K UHD",Pantalla grande con Dolby Vision Atmos y control por voz - Modelo 2024,833.11,12,DISCONTINUED,2025-01-20 18:32:04,2025-03-06 21:19:32
1954,PROD-01934,"LG Smart TV 65"" 4K UHD",Pantalla grande con Dolby Vision Atmos y control por voz - Modelo 2025,880.52,139,DISCONTINUED,2025-07-07 22:51:00,2025-08-01 07:59:16
1955,PROD-01935,"Xiaomi Smart TV 43"" 4K UHD",Televisor inteligente con HDR10+ y sistema operativo webOS - Modelo 2026,432.04,145,INACTIVE,2026-04-12 23:28:46,2026-04-17 21:54:10
1956,PROD-01936,"Hisense Smart TV 75"" 4K Frameless",Televisor sin bordes de gran formato con panel LED avanzado - Modelo 2023,1244.56,27,DISCONTINUED,2026-04-20 10:57:22,2026-05-26 16:48:13
1957,PROD-01937,"Philips Smart TV 85"" 8K Master",Pantalla premium de máxima resolución con inteligencia artificial - Modelo 2024,2605.57,142,INACTIVE,2025-08-23 00:02:23,2025-08-31 02:38:58
1958,PROD-01938,"Xiaomi Smart TV 40"" Full HD",Pantalla plana Full HD con puertos HDMI y USB multimedia - Modelo 2025,291.04,7,ACTIVE,2026-06-08 22:16:52,2026-07-17 09:18:14
1959,PROD-01939,"Sony Smart TV 32"" HD LED",Televisor LED HD con Roku integrado y sonido Dolby Audio - Modelo 2026,285.28,85,DISCONTINUED,2026-06-28 14:27:56,2026-07-18 16:59:20
1960,PROD-01940,"Samsung Smart TV 50"" 4K Crystal",Pantalla UHD con procesador Crystal 4K y PurColor - Modelo 2023,507.99,94,ACTIVE,2026-05-04 09:01:59,2026-05-26 14:51:21
1961,PROD-01941,"Sony Smart TV 50"" 4K Crystal",Pantalla UHD con procesador Crystal 4K y PurColor - Modelo 2024,554.93,115,DISCONTINUED,2026-01-05 18:09:40,2026-01-16 05:26:41
1962,PROD-01942,"Samsung Smart TV 43"" 4K UHD",Televisor inteligente con HDR10+ y sistema operativo webOS - Modelo 2025,412.96,20,ACTIVE,2026-02-09 10:11:29,2026-03-15 15:51:28
1963,PROD-01943,"Xiaomi Smart TV 65"" 4K UHD",Pantalla grande con Dolby Vision Atmos y control por voz - Modelo 2026,941.0,42,ACTIVE,2025-09-27 13:41:50,2025-11-02 22:18:12
1964,PROD-01944,"Sony Smart TV 75"" 4K Frameless",Televisor sin bordes de gran formato con panel LED avanzado - Modelo 2023,1346.52,28,ACTIVE,2025-01-01 01:21:41,2025-01-29 07:19:38
1965,PROD-01945,"Hisense Smart TV 43"" 4K UHD",Televisor inteligente con HDR10+ y sistema operativo webOS - Modelo 2024,359.51,29,INACTIVE,2025-12-22 01:10:05,2026-01-04 19:31:42
1966,PROD-01946,"Panasonic Smart TV 65"" 4K UHD",Pantalla grande con Dolby Vision Atmos y control por voz - Modelo 2025,885.15,37,INACTIVE,2026-05-05 09:42:20,2026-05-13 21:44:21
1967,PROD-01947,"Sony Smart TV 50"" 4K Crystal",Pantalla UHD con procesador Crystal 4K y PurColor - Modelo 2026,489.67,121,INACTIVE,2026-02-16 18:38:31,2026-02-21 06:48:08
1968,PROD-01948,"Samsung Smart TV 40"" Full HD",Pantalla plana Full HD con puertos HDMI y USB multimedia - Modelo 2023,294.93,145,INACTIVE,2026-05-14 16:01:06,2026-06-07 22:42:33
1969,PROD-01949,"Panasonic Smart TV 40"" Full HD",Pantalla plana Full HD con puertos HDMI y USB multimedia - Modelo 2024,367.69,74,INACTIVE,2025-07-01 08:45:20,2025-07-10 16:18:53
1970,PROD-01950,"LG Smart TV 32"" HD LED",Televisor LED HD con Roku integrado y sonido Dolby Audio - Modelo 2025,215.63,95,DISCONTINUED,2025-02-18 00:26:38,2025-03-26 05:57:57
1971,PROD-01951,"Hisense Smart TV 50"" 4K Crystal",Pantalla UHD con procesador Crystal 4K y PurColor - Modelo 2026,480.41,147,INACTIVE,2025-10-24 00:24:50,2025-11-16 02:29:44
1972,PROD-01952,"Panasonic Smart TV 65"" 4K UHD",Pantalla grande con Dolby Vision Atmos y control por voz - Modelo 2023,861.79,149,ACTIVE,2025-02-05 16:45:06,2025-03-19 00:15:03
1973,PROD-01953,"Samsung Smart TV 50"" 4K Crystal",Pantalla UHD con procesador Crystal 4K y PurColor - Modelo 2024,432.93,19,DISCONTINUED,2026-02-13 00:36:46,2026-03-29 02:46:20
1974,PROD-01954,"TCL Smart TV 55"" 4K QLED",Televisor QLED con tecnología Quantum Dot y diseño ultra fino - Modelo 2025,644.9,15,ACTIVE,2026-04-06 20:59:20,2026-04-26 12:11:45
1975,PROD-01955,"TCL Smart TV 40"" Full HD",Pantalla plana Full HD con puertos HDMI y USB multimedia - Modelo 2026,321.86,69,DISCONTINUED,2026-07-21 08:29:35,2026-07-29 12:35:17
1976,PROD-01956,"Panasonic Smart TV 55"" 4K QLED",Televisor QLED con tecnología Quantum Dot y diseño ultra fino - Modelo 2023,638.92,12,ACTIVE,2026-01-11 09:55:49,2026-01-16 11:02:37
1977,PROD-01957,"Xiaomi Smart TV 40"" Full HD",Pantalla plana Full HD con puertos HDMI y USB multimedia - Modelo 2024,313.34,91,ACTIVE,2025-02-23 21:31:41,2025-03-10 22:32:37
1978,PROD-01958,"Samsung Smart TV 55"" 4K QLED",Televisor QLED con tecnología Quantum Dot y diseño ultra fino - Modelo 2025,624.65,28,ACTIVE,2026-05-07 08:23:05,2026-05-11 12:43:10
1979,PROD-01959,"Panasonic Smart TV 85"" 8K Master",Pantalla premium de máxima resolución con inteligencia artificial - Modelo 2026,2766.28,108,INACTIVE,2025-07-06 06:27:07,2025-07-30 07:39:43
1980,PROD-01960,"LG Smart TV 43"" 4K UHD",Televisor inteligente con HDR10+ y sistema operativo webOS - Modelo 2023,356.8,134,ACTIVE,2026-04-10 12:30:08,2026-05-06 08:35:00
1981,PROD-01961,"Xiaomi Smart TV 55"" 4K QLED",Televisor QLED con tecnología Quantum Dot y diseño ultra fino - Modelo 2024,613.89,88,INACTIVE,2025-02-15 10:18:24,2025-03-27 11:01:50
1982,PROD-01962,"LG Smart TV 65"" 4K UHD",Pantalla grande con Dolby Vision Atmos y control por voz - Modelo 2025,865.56,148,ACTIVE,2026-01-01 05:59:13,2026-01-29 06:28:51
1983,PROD-01963,"Philips Smart TV 50"" 4K Crystal",Pantalla UHD con procesador Crystal 4K y PurColor - Modelo 2026,444.7,54,INACTIVE,2025-06-02 19:07:15,2025-07-12 15:24:40
1984,PROD-01964,"Hisense Smart TV 65"" 4K UHD",Pantalla grande con Dolby Vision Atmos y control por voz - Modelo 2023,865.96,73,ACTIVE,2025-01-09 00:50:47,2025-01-30 05:31:45
1985,PROD-01965,"Samsung Smart TV 40"" Full HD",Pantalla plana Full HD con puertos HDMI y USB multimedia - Modelo 2024,322.92,80,ACTIVE,2026-02-04 05:00:45,2026-02-10 20:31:58
1986,PROD-01966,"TCL Smart TV 55"" 4K QLED",Televisor QLED con tecnología Quantum Dot y diseño ultra fino - Modelo 2025,583.96,89,INACTIVE,2026-03-03 12:21:18,2026-03-24 08:39:46
1987,PROD-01967,"TCL Smart TV 55"" 4K QLED",Televisor QLED con tecnología Quantum Dot y diseño ultra fino - Modelo 2026,621.63,65,ACTIVE,2025-08-14 03:05:24,2025-09-30 03:51:40
1988,PROD-01968,"Panasonic Smart TV 40"" Full HD",Pantalla plana Full HD con puertos HDMI y USB multimedia - Modelo 2023,324.43,39,DISCONTINUED,2026-07-27 04:12:57,2026-08-26 19:00:59
1989,PROD-01969,"Samsung Smart TV 55"" 4K QLED",Televisor QLED con tecnología Quantum Dot y diseño ultra fino - Modelo 2024,597.18,121,INACTIVE,2025-06-13 19:08:19,2025-06-26 16:41:39
1990,PROD-01970,"Samsung Smart TV 43"" 4K UHD",Televisor inteligente con HDR10+ y sistema operativo webOS - Modelo 2025,400.92,121,INACTIVE,2025-06-18 04:21:59,2025-07-03 11:27:33
1991,PROD-01971,"Xiaomi Smart TV 40"" Full HD",Pantalla plana Full HD con puertos HDMI y USB multimedia - Modelo 2026,289.34,75,ACTIVE,2026-08-20 05:36:01,2026-08-24 22:58:57
1992,PROD-01972,"Samsung Smart TV 40"" Full HD",Pantalla plana Full HD con puertos HDMI y USB multimedia - Modelo 2023,330.96,82,ACTIVE,2025-06-18 18:48:54,2025-07-30 17:05:20
1993,PROD-01973,"Sony Smart TV 40"" Full HD",Pantalla plana Full HD con puertos HDMI y USB multimedia - Modelo 2024,318.05,94,ACTIVE,2025-07-23 08:22:48,2025-08-18 04:23:26
1994,PROD-01974,"Sony Smart TV 50"" 4K Crystal",Pantalla UHD con procesador Crystal 4K y PurColor - Modelo 2025,457.19,40,ACTIVE,2026-04-27 03:45:22,2026-05-06 23:09:42
1995,PROD-01975,"Hisense Smart TV 55"" 4K QLED",Televisor QLED con tecnología Quantum Dot y diseño ultra fino - Modelo 2026,567.79,141,DISCONTINUED,2025-01-06 10:51:59,2025-02-23 03:29:34
1996,PROD-01976,"Samsung Smart TV 50"" 4K Crystal",Pantalla UHD con procesador Crystal 4K y PurColor - Modelo 2023,439.7,97,ACTIVE,2026-07-28 20:18:13,2026-08-27 03:20:00
1997,PROD-01977,"TCL Smart TV 75"" 4K Frameless",Televisor sin bordes de gran formato con panel LED avanzado - Modelo 2024,1226.28,92,ACTIVE,2026-03-18 17:21:24,2026-05-02 09:37:34
1998,PROD-01978,"Panasonic Smart TV 65"" 4K UHD",Pantalla grande con Dolby Vision Atmos y control por voz - Modelo 2025,810.69,97,INACTIVE,2025-07-15 10:24:06,2025-09-01 07:28:38
1999,PROD-01979,"Hisense Smart TV 55"" 4K QLED",Televisor QLED con tecnología Quantum Dot y diseño ultra fino - Modelo 2026,632.24,128,ACTIVE,2025-03-12 03:40:31,2025-03-14 03:41:07
2000,PROD-01980,"Panasonic Smart TV 50"" 4K Crystal",Pantalla UHD con procesador Crystal 4K y PurColor - Modelo 2023,460.66,146,DISCONTINUED,2026-01-04 04:51:33,2026-02-04 17:19:05
2001,PROD-01981,"Philips Smart TV 40"" Full HD",Pantalla plana Full HD con puertos HDMI y USB multimedia - Modelo 2024,351.01,96,DISCONTINUED,2025-12-27 15:50:36,2026-01-14 09:07:33
2002,PROD-01982,"Sony Smart TV 55"" 4K QLED",Televisor QLED con tecnología Quantum Dot y diseño ultra fino - Modelo 2025,614.91,116,ACTIVE,2025-04-03 00:22:58,2025-05-02 20:06:39
2003,PROD-01983,"LG Smart TV 50"" 4K Crystal",Pantalla UHD con procesador Crystal 4K y PurColor - Modelo 2026,460.44,70,ACTIVE,2025-12-31 15:13:18,2026-02-18 20:42:24
2004,PROD-01984,"Hisense Smart TV 55"" 4K QLED",Televisor QLED con tecnología Quantum Dot y diseño ultra fino - Modelo 2023,662.21,88,ACTIVE,2025-10-24 10:02:53,2025-11-23 07:36:04
2005,PROD-01985,"TCL Smart TV 40"" Full HD",Pantalla plana Full HD con puertos HDMI y USB multimedia - Modelo 2024,269.03,137,DISCONTINUED,2025-07-19 13:49:46,2025-09-02 14:51:33
2006,PROD-01986,"Samsung Smart TV 32"" HD LED",Televisor LED HD con Roku integrado y sonido Dolby Audio - Modelo 2025,296.11,22,ACTIVE,2025-01-12 10:38:53,2025-02-28 12:58:11
2007,PROD-01987,"LG Smart TV 85"" 8K Master",Pantalla premium de máxima resolución con inteligencia artificial - Modelo 2026,2720.02,4,DISCONTINUED,2025-11-07 07:39:27,2025-12-04 05:11:23
2008,PROD-01988,"TCL Smart TV 50"" 4K Crystal",Pantalla UHD con procesador Crystal 4K y PurColor - Modelo 2023,460.65,139,INACTIVE,2025-03-05 08:05:24,2025-03-16 07:40:49
2009,PROD-01989,"Philips Smart TV 55"" 4K QLED",Televisor QLED con tecnología Quantum Dot y diseño ultra fino - Modelo 2024,632.87,79,ACTIVE,2025-01-07 12:39:16,2025-02-24 14:14:24
2010,PROD-01990,"Hisense Smart TV 75"" 4K Frameless",Televisor sin bordes de gran formato con panel LED avanzado - Modelo 2025,1252.78,133,DISCONTINUED,2026-08-16 14:36:42,2026-09-25 19:39:04
2011,PROD-01991,"Sony Smart TV 85"" 8K Master",Pantalla premium de máxima resolución con inteligencia artificial - Modelo 2026,2597.31,93,DISCONTINUED,2026-03-12 15:12:10,2026-03-26 21:19:59
2012,PROD-01992,"Sony Smart TV 40"" Full HD",Pantalla plana Full HD con puertos HDMI y USB multimedia - Modelo 2023,282.54,63,INACTIVE,2026-08-22 09:12:49,2026-10-10 13:23:53
2013,PROD-01993,"Xiaomi Smart TV 85"" 8K Master",Pantalla premium de máxima resolución con inteligencia artificial - Modelo 2024,2885.36,84,ACTIVE,2026-01-27 14:41:27,2026-03-11 16:49:37
2014,PROD-01994,"Samsung Smart TV 85"" 8K Master",Pantalla premium de máxima resolución con inteligencia artificial - Modelo 2025,2776.45,140,INACTIVE,2025-11-24 14:57:45,2025-12-22 17:01:05
2015,PROD-01995,"TCL Smart TV 43"" 4K UHD",Televisor inteligente con HDR10+ y sistema operativo webOS - Modelo 2026,460.29,139,INACTIVE,2026-03-28 19:53:21,2026-04-30 04:35:42
2016,PROD-01996,"Hisense Smart TV 55"" 4K QLED",Televisor QLED con tecnología Quantum Dot y diseño ultra fino - Modelo 2023,690.48,119,DISCONTINUED,2025-01-18 21:58:01,2025-02-24 02:12:17
2017,PROD-01997,"Hisense Smart TV 55"" 4K QLED",Televisor QLED con tecnología Quantum Dot y diseño ultra fino - Modelo 2024,611.48,119,ACTIVE,2025-02-08 14:20:02,2025-03-31 13:14:29
2018,PROD-01998,"Samsung Smart TV 75"" 4K Frameless",Televisor sin bordes de gran formato con panel LED avanzado - Modelo 2025,1227.22,94,ACTIVE,2025-06-07 22:39:51,2025-07-06 15:33:26
2019,PROD-01999,"LG Smart TV 75"" 4K Frameless",Televisor sin bordes de gran formato con panel LED avanzado - Modelo 2026,1217.91,114,ACTIVE,2026-08-09 05:54:58,2026-08-23 03:22:23
2020,PROD-02000,"Hisense Smart TV 75"" 4K Frameless",Televisor sin bordes de gran formato con panel LED avanzado - Modelo 2023,1315.12,120,INACTIVE,2025-09-21 01:39:47,2025-10-14 16:52:21
2021,PROD-02001,"TCL Smart TV 85"" 8K Master",Pantalla premium de máxima resolución con inteligencia artificial - Modelo 2024,2790.02,127,INACTIVE,2025-05-24 00:36:07,2025-06-18 06:29:48
2022,PROD-02002,"Sony Smart TV 75"" 4K Frameless",Televisor sin bordes de gran formato con panel LED avanzado - Modelo 2025,1311.39,2,ACTIVE,2025-07-23 13:32:32,2025-08-01 21:45:04
2023,PROD-02003,"Samsung Smart TV 43"" 4K UHD",Televisor inteligente con HDR10+ y sistema operativo webOS - Modelo 2026,380.82,83,DISCONTINUED,2025-06-26 23:43:35,2025-07-31 18:04:27
2024,PROD-02004,"LG Smart TV 75"" 4K Frameless",Televisor sin bordes de gran formato con panel LED avanzado - Modelo 2023,1182.92,102,ACTIVE,2025-08-13 20:11:46,2025-09-30 22:12:16
2025,PROD-02005,"Philips Smart TV 40"" Full HD",Pantalla plana Full HD con puertos HDMI y USB multimedia - Modelo 2024,315.54,115,ACTIVE,2025-08-29 08:09:31,2025-10-09 16:03:42
2026,PROD-02006,"Hisense Smart TV 40"" Full HD",Pantalla plana Full HD con puertos HDMI y USB multimedia - Modelo 2025,304.45,26,INACTIVE,2025-07-29 10:31:51,2025-08-19 05:21:23
2027,PROD-02007,"Panasonic Smart TV 65"" 4K UHD",Pantalla grande con Dolby Vision Atmos y control por voz - Modelo 2026,866.39,111,ACTIVE,2025-09-22 17:06:39,2025-10-07 17:50:53
2028,PROD-02008,"Samsung Smart TV 50"" 4K Crystal",Pantalla UHD con procesador Crystal 4K y PurColor - Modelo 2023,486.31,150,ACTIVE,2025-12-10 20:18:00,2026-01-07 04:27:41
2029,PROD-02009,"Panasonic Smart TV 65"" 4K UHD",Pantalla grande con Dolby Vision Atmos y control por voz - Modelo 2024,887.15,7,ACTIVE,2025-05-15 23:25:34,2025-06-04 22:22:16
2030,PROD-02010,"Xiaomi Smart TV 85"" 8K Master",Pantalla premium de máxima resolución con inteligencia artificial - Modelo 2025,2648.03,91,DISCONTINUED,2025-05-17 16:37:33,2025-06-26 05:46:36
2031,PROD-02011,"LG Smart TV 40"" Full HD",Pantalla plana Full HD con puertos HDMI y USB multimedia - Modelo 2026,273.1,41,ACTIVE,2025-05-10 12:49:38,2025-05-25 01:03:36
2032,PROD-02012,"Sony Smart TV 32"" HD LED",Televisor LED HD con Roku integrado y sonido Dolby Audio - Modelo 2023,230.99,2,INACTIVE,2025-10-10 10:50:55,2025-11-07 02:50:00
2033,PROD-02013,"Samsung Smart TV 75"" 4K Frameless",Televisor sin bordes de gran formato con panel LED avanzado - Modelo 2024,1220.22,31,INACTIVE,2026-06-17 04:00:31,2026-08-01 17:28:18
2034,PROD-02014,"Samsung Smart TV 55"" 4K QLED",Televisor QLED con tecnología Quantum Dot y diseño ultra fino - Modelo 2025,668.46,44,ACTIVE,2025-08-03 11:41:51,2025-08-12 23:34:27
2035,PROD-02015,"TCL Smart TV 85"" 8K Master",Pantalla premium de máxima resolución con inteligencia artificial - Modelo 2026,2701.51,30,DISCONTINUED,2026-06-08 17:47:09,2026-07-26 00:31:56
2036,PROD-02016,"Hisense Smart TV 50"" 4K Crystal",Pantalla UHD con procesador Crystal 4K y PurColor - Modelo 2023,465.29,124,ACTIVE,2026-02-06 13:53:38,2026-03-24 17:07:51
2037,PROD-02017,"LG Smart TV 40"" Full HD",Pantalla plana Full HD con puertos HDMI y USB multimedia - Modelo 2024,331.01,145,DISCONTINUED,2025-11-26 01:22:39,2026-01-14 02:20:52
2038,PROD-02018,"Xiaomi Smart TV 43"" 4K UHD",Televisor inteligente con HDR10+ y sistema operativo webOS - Modelo 2025,421.91,96,ACTIVE,2025-05-23 17:36:53,2025-05-31 19:08:49
2039,PROD-02019,"Hisense Smart TV 50"" 4K Crystal",Pantalla UHD con procesador Crystal 4K y PurColor - Modelo 2026,490.14,143,ACTIVE,2025-12-04 13:40:08,2025-12-27 20:38:43
2040,PROD-02020,"LG Smart TV 65"" 4K UHD",Pantalla grande con Dolby Vision Atmos y control por voz - Modelo 2023,795.6,22,DISCONTINUED,2025-04-18 03:15:42,2025-04-29 01:55:38
2041,PROD-02021,"Hisense Smart TV 40"" Full HD",Pantalla plana Full HD con puertos HDMI y USB multimedia - Modelo 2024,386.64,101,INACTIVE,2026-06-27 10:13:43,2026-07-24 06:20:59
2042,PROD-02022,"TCL Smart TV 65"" 4K UHD",Pantalla grande con Dolby Vision Atmos y control por voz - Modelo 2025,921.94,100,ACTIVE,2026-03-21 07:53:20,2026-03-21 16:57:58
2043,PROD-02023,"LG Smart TV 75"" 4K Frameless",Televisor sin bordes de gran formato con panel LED avanzado - Modelo 2026,1205.79,109,ACTIVE,2025-04-25 12:24:03,2025-04-29 05:32:27
2044,PROD-02024,"Xiaomi Smart TV 43"" 4K UHD",Televisor inteligente con HDR10+ y sistema operativo webOS - Modelo 2023,379.1,58,ACTIVE,2025-10-07 00:31:19,2025-11-17 22:32:56
2045,PROD-02025,"TCL Smart TV 50"" 4K Crystal",Pantalla UHD con procesador Crystal 4K y PurColor - Modelo 2024,546.53,95,ACTIVE,2025-03-20 17:26:05,2025-05-04 12:19:26
2046,PROD-02026,"TCL Smart TV 32"" HD LED",Televisor LED HD con Roku integrado y sonido Dolby Audio - Modelo 2025,246.92,22,DISCONTINUED,2026-08-10 01:28:59,2026-08-27 04:19:47
2047,PROD-02027,"Panasonic Smart TV 50"" 4K Crystal",Pantalla UHD con procesador Crystal 4K y PurColor - Modelo 2026,457.46,113,INACTIVE,2026-02-26 21:53:20,2026-03-22 03:35:58
2048,PROD-02028,"Hisense Smart TV 40"" Full HD",Pantalla plana Full HD con puertos HDMI y USB multimedia - Modelo 2023,375.67,53,ACTIVE,2025-09-29 05:04:34,2025-11-01 08:28:25
2049,PROD-02029,"Hisense Smart TV 65"" 4K UHD",Pantalla grande con Dolby Vision Atmos y control por voz - Modelo 2024,835.51,41,ACTIVE,2026-03-04 11:50:30,2026-04-02 22:08:20
2050,PROD-02030,"Sony Smart TV 55"" 4K QLED",Televisor QLED con tecnología Quantum Dot y diseño ultra fino - Modelo 2025,624.66,94,ACTIVE,2025-11-08 15:48:02,2025-11-30 10:46:43
2051,PROD-02031,"Sony Smart TV 50"" 4K Crystal",Pantalla UHD con procesador Crystal 4K y PurColor - Modelo 2026,477.23,141,DISCONTINUED,2026-03-15 07:12:14,2026-03-30 14:40:12
2052,PROD-02032,"Philips Smart TV 75"" 4K Frameless",Televisor sin bordes de gran formato con panel LED avanzado - Modelo 2023,1247.0,70,DISCONTINUED,2025-10-17 18:30:09,2025-10-23 07:07:52
2053,PROD-02033,"Panasonic Smart TV 85"" 8K Master",Pantalla premium de máxima resolución con inteligencia artificial - Modelo 2024,2609.54,30,INACTIVE,2025-04-21 02:18:48,2025-04-23 07:03:11
2054,PROD-02034,"Samsung Smart TV 65"" 4K UHD",Pantalla grande con Dolby Vision Atmos y control por voz - Modelo 2025,929.81,38,ACTIVE,2025-06-23 06:24:54,2025-07-24 20:45:16
2055,PROD-02035,"Sony Smart TV 75"" 4K Frameless",Televisor sin bordes de gran formato con panel LED avanzado - Modelo 2026,1262.74,132,ACTIVE,2026-01-07 21:58:07,2026-02-17 19:26:29
2056,PROD-02036,"Philips Smart TV 40"" Full HD",Pantalla plana Full HD con puertos HDMI y USB multimedia - Modelo 2023,273.57,113,DISCONTINUED,2026-08-14 22:14:22,2026-09-28 17:29:05
2057,PROD-02037,"Panasonic Smart TV 75"" 4K Frameless",Televisor sin bordes de gran formato con panel LED avanzado - Modelo 2024,1266.76,115,DISCONTINUED,2025-11-28 11:50:13,2025-12-20 11:46:40
2058,PROD-02038,"Panasonic Smart TV 75"" 4K Frameless",Televisor sin bordes de gran formato con panel LED avanzado - Modelo 2025,1204.39,44,ACTIVE,2026-05-13 23:15:48,2026-05-17 03:45:04
2059,PROD-02039,"Xiaomi Smart TV 75"" 4K Frameless",Televisor sin bordes de gran formato con panel LED avanzado - Modelo 2026,1278.35,14,ACTIVE,2026-01-22 09:47:10,2026-02-07 13:52:03
2060,PROD-02040,"Xiaomi Smart TV 85"" 8K Master",Pantalla premium de máxima resolución con inteligencia artificial - Modelo 2023,2866.19,12,ACTIVE,2025-12-29 18:06:07,2026-01-30 03:41:42
2061,PROD-02041,"Hisense Smart TV 85"" 8K Master",Pantalla premium de máxima resolución con inteligencia artificial - Modelo 2024,2959.31,100,ACTIVE,2025-09-17 16:08:25,2025-10-06 21:16:33
2062,PROD-02042,"Samsung Smart TV 32"" HD LED",Televisor LED HD con Roku integrado y sonido Dolby Audio - Modelo 2025,258.84,124,INACTIVE,2025-06-02 07:26:55,2025-07-04 21:06:28
2063,PROD-02043,"Panasonic Smart TV 65"" 4K UHD",Pantalla grande con Dolby Vision Atmos y control por voz - Modelo 2026,871.12,140,INACTIVE,2025-08-01 00:22:02,2025-08-02 18:37:38
2064,PROD-02044,"Philips Smart TV 85"" 8K Master",Pantalla premium de máxima resolución con inteligencia artificial - Modelo 2023,2587.89,100,ACTIVE,2026-03-23 16:21:02,2026-03-28 02:46:07
2065,PROD-02045,"Samsung Smart TV 85"" 8K Master",Pantalla premium de máxima resolución con inteligencia artificial - Modelo 2024,2705.42,70,DISCONTINUED,2025-09-08 20:56:35,2025-10-12 20:06:01
2066,PROD-02046,"Xiaomi Smart TV 50"" 4K Crystal",Pantalla UHD con procesador Crystal 4K y PurColor - Modelo 2025,511.45,37,ACTIVE,2025-06-20 07:31:48,2025-08-06 02:13:40
2067,PROD-02047,"Samsung Smart TV 40"" Full HD",Pantalla plana Full HD con puertos HDMI y USB multimedia - Modelo 2026,298.83,59,DISCONTINUED,2025-08-08 16:09:01,2025-09-03 06:05:40
2068,PROD-02048,"Philips Smart TV 85"" 8K Master",Pantalla premium de máxima resolución con inteligencia artificial - Modelo 2023,2622.96,140,ACTIVE,2025-08-08 19:01:50,2025-09-14 22:40:42
2069,PROD-02049,"Xiaomi Smart TV 75"" 4K Frameless",Televisor sin bordes de gran formato con panel LED avanzado - Modelo 2024,1176.45,18,ACTIVE,2026-04-14 06:47:51,2026-04-14 20:35:09
2070,PROD-02050,"Sony Smart TV 75"" 4K Frameless",Televisor sin bordes de gran formato con panel LED avanzado - Modelo 2025,1276.58,136,ACTIVE,2025-06-22 09:33:06,2025-07-17 14:26:03
2071,PROD-02051,"LG Smart TV 43"" 4K UHD",Televisor inteligente con HDR10+ y sistema operativo webOS - Modelo 2026,454.8,77,DISCONTINUED,2026-01-20 15:42:55,2026-01-23 14:54:35
2072,PROD-02052,"Sony Smart TV 40"" Full HD",Pantalla plana Full HD con puertos HDMI y USB multimedia - Modelo 2023,269.79,136,ACTIVE,2025-12-30 21:41:52,2026-02-11 18:11:27
2073,PROD-02053,"Sony Smart TV 32"" HD LED",Televisor LED HD con Roku integrado y sonido Dolby Audio - Modelo 2024,315.8,35,INACTIVE,2025-03-14 17:57:12,2025-04-26 08:07:48
2074,PROD-02054,"Xiaomi Smart TV 43"" 4K UHD",Televisor inteligente con HDR10+ y sistema operativo webOS - Modelo 2025,394.47,28,INACTIVE,2025-06-06 13:55:45,2025-06-23 12:11:31
2075,PROD-02055,"Sony Smart TV 75"" 4K Frameless",Televisor sin bordes de gran formato con panel LED avanzado - Modelo 2026,1181.0,63,INACTIVE,2026-03-26 15:15:56,2026-05-15 23:39:46
2076,PROD-02056,"Panasonic Smart TV 75"" 4K Frameless",Televisor sin bordes de gran formato con panel LED avanzado - Modelo 2023,1203.31,134,ACTIVE,2026-02-26 17:14:26,2026-03-21 15:31:48
2077,PROD-02057,"Hisense Smart TV 65"" 4K UHD",Pantalla grande con Dolby Vision Atmos y control por voz - Modelo 2024,909.94,83,DISCONTINUED,2025-01-01 06:20:29,2025-01-22 07:21:03
2078,PROD-02058,"Panasonic Smart TV 40"" Full HD",Pantalla plana Full HD con puertos HDMI y USB multimedia - Modelo 2025,333.0,132,ACTIVE,2026-04-08 09:50:00,2026-05-04 09:40:46
2079,PROD-02059,"Xiaomi Smart TV 55"" 4K QLED",Televisor QLED con tecnología Quantum Dot y diseño ultra fino - Modelo 2026,652.94,120,DISCONTINUED,2026-02-24 02:22:13,2026-03-27 15:32:40
2080,PROD-02060,"Xiaomi Smart TV 40"" Full HD",Pantalla plana Full HD con puertos HDMI y USB multimedia - Modelo 2023,296.33,134,ACTIVE,2026-01-19 22:59:46,2026-02-18 08:24:30
2081,PROD-02061,"Samsung Smart TV 32"" HD LED",Televisor LED HD con Roku integrado y sonido Dolby Audio - Modelo 2024,304.86,132,ACTIVE,2026-05-21 21:25:23,2026-06-20 03:56:48
2082,PROD-02062,"Xiaomi Smart TV 40"" Full HD",Pantalla plana Full HD con puertos HDMI y USB multimedia - Modelo 2025,351.22,24,ACTIVE,2025-03-24 07:57:01,2025-04-23 20:20:38
2083,PROD-02063,"Xiaomi Smart TV 55"" 4K QLED",Televisor QLED con tecnología Quantum Dot y diseño ultra fino - Modelo 2026,668.63,23,ACTIVE,2026-08-23 01:31:25,2026-09-14 01:11:17
2084,PROD-02064,"Philips Smart TV 65"" 4K UHD",Pantalla grande con Dolby Vision Atmos y control por voz - Modelo 2023,891.29,98,ACTIVE,2026-02-05 05:26:10,2026-02-26 22:48:01
2085,PROD-02065,"Sony Smart TV 50"" 4K Crystal",Pantalla UHD con procesador Crystal 4K y PurColor - Modelo 2024,561.87,80,ACTIVE,2026-04-29 19:35:52,2026-06-01 08:39:49
2086,PROD-02066,"Xiaomi Smart TV 75"" 4K Frameless",Televisor sin bordes de gran formato con panel LED avanzado - Modelo 2025,1314.16,132,ACTIVE,2026-03-27 01:19:23,2026-05-13 21:41:27
2087,PROD-02067,"Samsung Smart TV 32"" HD LED",Televisor LED HD con Roku integrado y sonido Dolby Audio - Modelo 2026,288.41,19,ACTIVE,2026-03-30 13:01:43,2026-04-26 12:57:32
2088,PROD-02068,"Samsung Smart TV 85"" 8K Master",Pantalla premium de máxima resolución con inteligencia artificial - Modelo 2023,2606.88,82,ACTIVE,2026-01-21 17:53:35,2026-03-01 04:36:44
2089,PROD-02069,"Xiaomi Smart TV 40"" Full HD",Pantalla plana Full HD con puertos HDMI y USB multimedia - Modelo 2024,364.18,88,ACTIVE,2025-06-10 03:59:31,2025-07-25 11:34:05
2090,PROD-02070,"Xiaomi Smart TV 32"" HD LED",Televisor LED HD con Roku integrado y sonido Dolby Audio - Modelo 2025,221.21,119,ACTIVE,2025-06-28 11:23:17,2025-07-13 04:32:31
2091,PROD-02071,"Hisense Smart TV 40"" Full HD",Pantalla plana Full HD con puertos HDMI y USB multimedia - Modelo 2026,294.08,28,DISCONTINUED,2026-06-21 11:55:12,2026-07-10 17:47:48
2092,PROD-02072,"Sony Smart TV 50"" 4K Crystal",Pantalla UHD con procesador Crystal 4K y PurColor - Modelo 2023,544.72,23,ACTIVE,2025-04-11 23:43:33,2025-04-24 12:03:12
2093,PROD-02073,"Philips Smart TV 85"" 8K Master",Pantalla premium de máxima resolución con inteligencia artificial - Modelo 2024,2635.6,90,ACTIVE,2025-09-30 09:19:53,2025-10-20 22:01:06
2094,PROD-02074,"Xiaomi Smart TV 75"" 4K Frameless",Televisor sin bordes de gran formato con panel LED avanzado - Modelo 2025,1328.05,45,ACTIVE,2025-11-05 16:13:31,2025-12-17 02:40:45
2095,PROD-02075,"Philips Smart TV 32"" HD LED",Televisor LED HD con Roku integrado y sonido Dolby Audio - Modelo 2026,263.36,135,DISCONTINUED,2025-10-18 10:11:17,2025-11-14 17:07:53
2096,PROD-02076,"Xiaomi Smart TV 32"" HD LED",Televisor LED HD con Roku integrado y sonido Dolby Audio - Modelo 2023,216.97,22,ACTIVE,2025-09-03 15:02:30,2025-09-25 17:39:31
2097,PROD-02077,"Xiaomi Smart TV 75"" 4K Frameless",Televisor sin bordes de gran formato con panel LED avanzado - Modelo 2024,1236.84,89,ACTIVE,2025-10-30 01:28:17,2025-12-11 13:56:02
2098,PROD-02078,"LG Smart TV 85"" 8K Master",Pantalla premium de máxima resolución con inteligencia artificial - Modelo 2025,2726.33,136,ACTIVE,2026-02-13 10:50:15,2026-02-18 22:04:20
2099,PROD-02079,"Xiaomi Smart TV 65"" 4K UHD",Pantalla grande con Dolby Vision Atmos y control por voz - Modelo 2026,889.94,81,INACTIVE,2026-06-03 11:21:13,2026-07-13 14:52:51
2100,PROD-02080,"Samsung Smart TV 65"" 4K UHD",Pantalla grande con Dolby Vision Atmos y control por voz - Modelo 2023,856.18,17,ACTIVE,2026-06-24 17:58:19,2026-07-06 23:12:52
2101,PROD-02081,"Xiaomi Smart TV 32"" HD LED",Televisor LED HD con Roku integrado y sonido Dolby Audio - Modelo 2024,240.36,107,ACTIVE,2025-07-18 04:24:48,2025-07-29 06:04:12
2102,PROD-02082,"Hisense Smart TV 75"" 4K Frameless",Televisor sin bordes de gran formato con panel LED avanzado - Modelo 2025,1311.7,86,ACTIVE,2025-01-29 18:56:11,2025-02-22 02:06:11
2103,PROD-02083,"Sony Smart TV 55"" 4K QLED",Televisor QLED con tecnología Quantum Dot y diseño ultra fino - Modelo 2026,614.77,87,INACTIVE,2026-08-22 18:04:04,2026-09-14 13:41:20
2104,PROD-02084,"Samsung Smart TV 50"" 4K Crystal",Pantalla UHD con procesador Crystal 4K y PurColor - Modelo 2023,501.21,86,ACTIVE,2025-02-22 01:19:48,2025-03-19 15:41:12
2105,PROD-02085,"TCL Smart TV 75"" 4K Frameless",Televisor sin bordes de gran formato con panel LED avanzado - Modelo 2024,1228.06,69,ACTIVE,2025-08-06 03:59:33,2025-09-13 01:41:10
2106,PROD-02086,"Samsung Smart TV 75"" 4K Frameless",Televisor sin bordes de gran formato con panel LED avanzado - Modelo 2025,1262.76,31,ACTIVE,2025-03-07 21:44:35,2025-04-06 17:23:03
2107,PROD-02087,"Hisense Smart TV 75"" 4K Frameless",Televisor sin bordes de gran formato con panel LED avanzado - Modelo 2026,1244.17,70,INACTIVE,2026-07-30 05:04:00,2026-08-22 01:54:16
2108,PROD-02088,"Philips Smart TV 85"" 8K Master",Pantalla premium de máxima resolución con inteligencia artificial - Modelo 2023,2775.36,106,ACTIVE,2026-02-02 08:48:10,2026-02-21 21:15:38
2109,PROD-02089,"Xiaomi Smart TV 32"" HD LED",Televisor LED HD con Roku integrado y sonido Dolby Audio - Modelo 2024,289.78,107,DISCONTINUED,2025-06-17 07:21:00,2025-07-06 15:55:36
2110,PROD-02090,"Xiaomi Smart TV 32"" HD LED",Televisor LED HD con Roku integrado y sonido Dolby Audio - Modelo 2025,247.98,23,ACTIVE,2025-11-15 02:30:54,2025-12-26 22:03:10
2111,PROD-02091,"Xiaomi Smart TV 32"" HD LED",Televisor LED HD con Roku integrado y sonido Dolby Audio - Modelo 2026,237.51,69,ACTIVE,2026-08-15 04:14:27,2026-09-17 21:22:03
2112,PROD-02092,"Xiaomi Smart TV 40"" Full HD",Pantalla plana Full HD con puertos HDMI y USB multimedia - Modelo 2023,328.67,37,INACTIVE,2025-09-13 11:50:44,2025-10-12 10:57:49
2113,PROD-02093,"LG Smart TV 75"" 4K Frameless",Televisor sin bordes de gran formato con panel LED avanzado - Modelo 2024,1292.99,117,ACTIVE,2025-10-19 20:06:29,2025-11-25 16:08:50
2114,PROD-02094,"Panasonic Smart TV 50"" 4K Crystal",Pantalla UHD con procesador Crystal 4K y PurColor - Modelo 2025,425.48,17,DISCONTINUED,2026-06-28 21:55:41,2026-07-28 14:50:43
2115,PROD-02095,"Sony Smart TV 32"" HD LED",Televisor LED HD con Roku integrado y sonido Dolby Audio - Modelo 2026,260.25,64,DISCONTINUED,2026-06-18 00:50:25,2026-06-24 00:05:41
2116,PROD-02096,"TCL Smart TV 32"" HD LED",Televisor LED HD con Roku integrado y sonido Dolby Audio - Modelo 2023,205.76,87,DISCONTINUED,2026-08-22 16:55:09,2026-08-28 00:20:43
2117,PROD-02097,"Samsung Smart TV 43"" 4K UHD",Televisor inteligente con HDR10+ y sistema operativo webOS - Modelo 2024,396.33,38,ACTIVE,2025-10-11 10:43:31,2025-10-30 01:42:51
2118,PROD-02098,"Xiaomi Smart TV 50"" 4K Crystal",Pantalla UHD con procesador Crystal 4K y PurColor - Modelo 2025,459.78,54,ACTIVE,2025-08-30 17:30:20,2025-09-05 18:57:42
2119,PROD-02099,"Philips Smart TV 40"" Full HD",Pantalla plana Full HD con puertos HDMI y USB multimedia - Modelo 2026,372.27,26,ACTIVE,2025-11-05 00:53:24,2025-12-17 05:18:08
2120,PROD-02100,"TCL Smart TV 43"" 4K UHD",Televisor inteligente con HDR10+ y sistema operativo webOS - Modelo 2023,420.52,19,ACTIVE,2025-09-13 10:46:38,2025-09-17 02:27:38
2121,PROD-02101,"Hisense Smart TV 55"" 4K QLED",Televisor QLED con tecnología Quantum Dot y diseño ultra fino - Modelo 2024,630.35,24,DISCONTINUED,2025-08-13 12:58:51,2025-08-22 01:46:28
2122,PROD-02102,"TCL Smart TV 55"" 4K QLED",Televisor QLED con tecnología Quantum Dot y diseño ultra fino - Modelo 2025,650.25,112,ACTIVE,2025-07-23 23:40:16,2025-08-16 17:02:39
2123,PROD-02103,"Philips Smart TV 50"" 4K Crystal",Pantalla UHD con procesador Crystal 4K y PurColor - Modelo 2026,428.43,128,ACTIVE,2025-03-29 20:48:37,2025-05-12 20:38:24
2124,PROD-02104,"Panasonic Smart TV 55"" 4K QLED",Televisor QLED con tecnología Quantum Dot y diseño ultra fino - Modelo 2023,682.34,61,ACTIVE,2026-08-14 09:56:15,2026-09-03 10:42:02
2125,PROD-02105,"Hisense Smart TV 55"" 4K QLED",Televisor QLED con tecnología Quantum Dot y diseño ultra fino - Modelo 2024,652.6,92,ACTIVE,2026-06-11 06:17:41,2026-07-16 05:59:05
2126,PROD-02106,"LG Smart TV 55"" 4K QLED",Televisor QLED con tecnología Quantum Dot y diseño ultra fino - Modelo 2025,654.85,58,ACTIVE,2025-07-04 01:19:12,2025-07-27 00:54:46
2127,PROD-02107,"Sony Smart TV 65"" 4K UHD",Pantalla grande con Dolby Vision Atmos y control por voz - Modelo 2026,959.29,63,INACTIVE,2025-03-30 22:04:21,2025-04-06 04:21:18
2128,PROD-02108,"Sony Smart TV 40"" Full HD",Pantalla plana Full HD con puertos HDMI y USB multimedia - Modelo 2023,373.33,117,ACTIVE,2026-07-15 13:39:57,2026-07-19 16:32:46
2129,PROD-02109,"LG Smart TV 85"" 8K Master",Pantalla premium de máxima resolución con inteligencia artificial - Modelo 2024,2799.13,94,DISCONTINUED,2026-02-28 09:23:53,2026-04-09 09:08:44
2130,PROD-02110,"Sony Smart TV 55"" 4K QLED",Televisor QLED con tecnología Quantum Dot y diseño ultra fino - Modelo 2025,689.8,145,DISCONTINUED,2025-04-06 02:28:24,2025-05-03 14:28:56
2131,PROD-02111,"Samsung Smart TV 85"" 8K Master",Pantalla premium de máxima resolución con inteligencia artificial - Modelo 2026,2556.33,45,ACTIVE,2025-11-13 19:00:19,2025-12-25 01:57:03
2132,PROD-02112,"LG Smart TV 43"" 4K UHD",Televisor inteligente con HDR10+ y sistema operativo webOS - Modelo 2023,421.46,92,ACTIVE,2026-03-01 10:11:08,2026-04-10 13:44:07
2133,PROD-02113,"Samsung Smart TV 85"" 8K Master",Pantalla premium de máxima resolución con inteligencia artificial - Modelo 2024,2956.12,42,INACTIVE,2026-08-21 02:34:42,2026-09-10 20:43:25
2134,PROD-02114,"Samsung Smart TV 40"" Full HD",Pantalla plana Full HD con puertos HDMI y USB multimedia - Modelo 2025,301.28,114,ACTIVE,2026-03-06 15:47:21,2026-03-17 15:09:37
2135,PROD-02115,"Panasonic Smart TV 75"" 4K Frameless",Televisor sin bordes de gran formato con panel LED avanzado - Modelo 2026,1246.79,105,INACTIVE,2025-08-26 01:49:18,2025-08-31 04:31:06
2136,PROD-02116,"Panasonic Smart TV 75"" 4K Frameless",Televisor sin bordes de gran formato con panel LED avanzado - Modelo 2023,1220.09,62,INACTIVE,2026-03-29 09:57:57,2026-04-07 15:24:42
2137,PROD-02117,"LG Smart TV 40"" Full HD",Pantalla plana Full HD con puertos HDMI y USB multimedia - Modelo 2024,340.47,80,ACTIVE,2026-01-14 07:11:34,2026-01-14 21:22:59
2138,PROD-02118,"Hisense Smart TV 55"" 4K QLED",Televisor QLED con tecnología Quantum Dot y diseño ultra fino - Modelo 2025,643.56,74,ACTIVE,2025-08-03 10:49:28,2025-09-03 15:29:19
2139,PROD-02119,"LG Smart TV 75"" 4K Frameless",Televisor sin bordes de gran formato con panel LED avanzado - Modelo 2026,1293.22,116,ACTIVE,2025-05-23 15:38:45,2025-05-29 14:23:43
2140,PROD-02120,"Sony Smart TV 85"" 8K Master",Pantalla premium de máxima resolución con inteligencia artificial - Modelo 2023,2644.68,113,ACTIVE,2025-08-14 20:27:04,2025-09-01 09:27:44
2141,PROD-02121,"Xiaomi Smart TV 85"" 8K Master",Pantalla premium de máxima resolución con inteligencia artificial - Modelo 2024,2919.37,73,DISCONTINUED,2026-03-31 05:31:56,2026-04-13 15:20:51
2142,PROD-02122,"Hisense Smart TV 32"" HD LED",Televisor LED HD con Roku integrado y sonido Dolby Audio - Modelo 2025,305.06,45,ACTIVE,2025-04-20 01:17:56,2025-06-04 07:07:59
2143,PROD-02123,"Xiaomi Smart TV 40"" Full HD",Pantalla plana Full HD con puertos HDMI y USB multimedia - Modelo 2026,339.99,97,ACTIVE,2026-06-29 14:08:30,2026-08-05 05:08:23
2144,PROD-02124,"LG Smart TV 50"" 4K Crystal",Pantalla UHD con procesador Crystal 4K y PurColor - Modelo 2023,452.25,122,DISCONTINUED,2025-07-16 21:42:39,2025-09-03 19:46:46
2145,PROD-02125,"Xiaomi Smart TV 43"" 4K UHD",Televisor inteligente con HDR10+ y sistema operativo webOS - Modelo 2024,433.51,3,INACTIVE,2025-05-31 20:01:11,2025-06-29 15:51:05
2146,PROD-02126,"Hisense Smart TV 65"" 4K UHD",Pantalla grande con Dolby Vision Atmos y control por voz - Modelo 2025,877.03,83,ACTIVE,2026-03-02 14:45:14,2026-04-05 22:34:47
2147,PROD-02127,"LG Smart TV 65"" 4K UHD",Pantalla grande con Dolby Vision Atmos y control por voz - Modelo 2026,959.78,103,ACTIVE,2025-07-27 15:14:05,2025-08-24 21:18:06
2148,PROD-02128,"TCL Smart TV 50"" 4K Crystal",Pantalla UHD con procesador Crystal 4K y PurColor - Modelo 2023,487.28,34,ACTIVE,2026-01-23 17:04:22,2026-02-23 14:53:41
2149,PROD-02129,"LG Smart TV 55"" 4K QLED",Televisor QLED con tecnología Quantum Dot y diseño ultra fino - Modelo 2024,718.67,32,INACTIVE,2026-06-18 17:44:14,2026-07-04 20:14:20
2150,PROD-02130,"TCL Smart TV 43"" 4K UHD",Televisor inteligente con HDR10+ y sistema operativo webOS - Modelo 2025,406.88,63,ACTIVE,2025-09-25 20:13:48,2025-10-31 18:21:40
2151,PROD-02131,"Xiaomi Smart TV 55"" 4K QLED",Televisor QLED con tecnología Quantum Dot y diseño ultra fino - Modelo 2026,591.47,0,INACTIVE,2026-03-01 17:23:56,2026-03-22 23:42:52
2152,PROD-02132,"Samsung Smart TV 32"" HD LED",Televisor LED HD con Roku integrado y sonido Dolby Audio - Modelo 2023,284.92,133,ACTIVE,2026-01-26 02:27:06,2026-01-30 05:11:40
2153,PROD-02133,"Xiaomi Smart TV 50"" 4K Crystal",Pantalla UHD con procesador Crystal 4K y PurColor - Modelo 2024,463.88,21,INACTIVE,2025-03-22 03:48:48,2025-04-09 06:10:46
2154,PROD-02134,"Philips Smart TV 75"" 4K Frameless",Televisor sin bordes de gran formato con panel LED avanzado - Modelo 2025,1268.61,70,DISCONTINUED,2025-03-07 23:20:11,2025-03-27 03:32:20
2155,PROD-02135,"Panasonic Smart TV 55"" 4K QLED",Televisor QLED con tecnología Quantum Dot y diseño ultra fino - Modelo 2026,679.52,57,INACTIVE,2025-12-16 14:02:13,2026-01-18 20:56:09
2156,PROD-02136,"Xiaomi Smart TV 43"" 4K UHD",Televisor inteligente con HDR10+ y sistema operativo webOS - Modelo 2023,413.07,35,ACTIVE,2025-04-22 21:59:06,2025-05-26 21:27:06
2157,PROD-02137,"Sony Smart TV 32"" HD LED",Televisor LED HD con Roku integrado y sonido Dolby Audio - Modelo 2024,283.54,112,ACTIVE,2025-11-05 16:05:58,2025-12-04 21:48:32
2158,PROD-02138,"Samsung Smart TV 40"" Full HD",Pantalla plana Full HD con puertos HDMI y USB multimedia - Modelo 2025,304.0,27,ACTIVE,2025-08-11 08:15:31,2025-08-26 11:00:27
2159,PROD-02139,"Hisense Smart TV 50"" 4K Crystal",Pantalla UHD con procesador Crystal 4K y PurColor - Modelo 2026,456.7,82,ACTIVE,2026-02-13 15:54:52,2026-02-26 14:29:36
2160,PROD-02140,"Hisense Smart TV 55"" 4K QLED",Televisor QLED con tecnología Quantum Dot y diseño ultra fino - Modelo 2023,644.87,12,DISCONTINUED,2025-10-18 03:33:32,2025-10-20 23:19:52
2161,PROD-02141,"Hisense Smart TV 43"" 4K UHD",Televisor inteligente con HDR10+ y sistema operativo webOS - Modelo 2024,414.81,83,ACTIVE,2026-07-09 11:43:55,2026-07-20 04:17:11
2162,PROD-02142,"LG Smart TV 85"" 8K Master",Pantalla premium de máxima resolución con inteligencia artificial - Modelo 2025,2911.72,47,DISCONTINUED,2025-08-08 02:34:06,2025-08-27 13:50:27
2163,PROD-02143,"Panasonic Smart TV 85"" 8K Master",Pantalla premium de máxima resolución con inteligencia artificial - Modelo 2026,2750.97,55,ACTIVE,2025-02-15 20:27:09,2025-03-01 02:25:53
2164,PROD-02144,"Panasonic Smart TV 32"" HD LED",Televisor LED HD con Roku integrado y sonido Dolby Audio - Modelo 2023,249.99,78,INACTIVE,2026-05-06 01:46:41,2026-06-19 08:06:12
2165,PROD-02145,"Xiaomi Smart TV 65"" 4K UHD",Pantalla grande con Dolby Vision Atmos y control por voz - Modelo 2024,895.19,82,ACTIVE,2026-08-24 12:48:21,2026-10-12 08:59:13
2166,PROD-02146,"Samsung Smart TV 40"" Full HD",Pantalla plana Full HD con puertos HDMI y USB multimedia - Modelo 2025,278.78,131,INACTIVE,2026-01-02 02:16:30,2026-01-13 01:37:01
2167,PROD-02147,"Xiaomi Smart TV 40"" Full HD",Pantalla plana Full HD con puertos HDMI y USB multimedia - Modelo 2026,325.93,34,ACTIVE,2025-05-14 06:56:39,2025-05-28 13:22:23
2168,PROD-02148,"Sony Smart TV 85"" 8K Master",Pantalla premium de máxima resolución con inteligencia artificial - Modelo 2023,2586.57,24,INACTIVE,2025-09-25 04:21:49,2025-10-18 21:02:39
2169,PROD-02149,"LG Smart TV 43"" 4K UHD",Televisor inteligente con HDR10+ y sistema operativo webOS - Modelo 2024,404.35,126,ACTIVE,2026-02-21 04:16:29,2026-03-05 05:22:07
2170,PROD-02150,"Panasonic Smart TV 43"" 4K UHD",Televisor inteligente con HDR10+ y sistema operativo webOS - Modelo 2025,436.5,107,ACTIVE,2026-06-22 21:54:03,2026-08-09 21:00:12
2171,PROD-02151,"Philips Smart TV 32"" HD LED",Televisor LED HD con Roku integrado y sonido Dolby Audio - Modelo 2026,280.18,68,ACTIVE,2025-06-12 06:52:04,2025-07-07 02:11:10
2172,PROD-02152,"Philips Smart TV 55"" 4K QLED",Televisor QLED con tecnología Quantum Dot y diseño ultra fino - Modelo 2023,625.22,24,ACTIVE,2025-10-04 20:05:27,2025-10-17 01:57:23
2173,PROD-02153,"TCL Smart TV 85"" 8K Master",Pantalla premium de máxima resolución con inteligencia artificial - Modelo 2024,2962.04,29,ACTIVE,2026-02-21 13:53:00,2026-03-09 18:42:17
2174,PROD-02154,"Hisense Smart TV 32"" HD LED",Televisor LED HD con Roku integrado y sonido Dolby Audio - Modelo 2025,278.04,145,INACTIVE,2025-10-10 12:22:24,2025-10-17 10:13:02
2175,PROD-02155,"Sony Smart TV 50"" 4K Crystal",Pantalla UHD con procesador Crystal 4K y PurColor - Modelo 2026,479.21,48,ACTIVE,2025-09-26 10:19:57,2025-11-09 20:37:57
2176,PROD-02156,"Sony Smart TV 50"" 4K Crystal",Pantalla UHD con procesador Crystal 4K y PurColor - Modelo 2023,441.82,85,ACTIVE,2025-08-26 00:16:58,2025-09-28 04:46:04
2177,PROD-02157,"Philips Smart TV 65"" 4K UHD",Pantalla grande con Dolby Vision Atmos y control por voz - Modelo 2024,943.09,20,INACTIVE,2026-08-20 21:41:31,2026-08-29 08:50:14
2178,PROD-02158,"TCL Smart TV 32"" HD LED",Televisor LED HD con Roku integrado y sonido Dolby Audio - Modelo 2025,243.52,40,DISCONTINUED,2025-04-30 22:55:45,2025-05-07 17:48:28
2179,PROD-02159,"Panasonic Smart TV 40"" Full HD",Pantalla plana Full HD con puertos HDMI y USB multimedia - Modelo 2026,322.75,116,ACTIVE,2026-03-28 22:06:58,2026-04-07 02:00:23
2180,PROD-02160,"Panasonic Smart TV 75"" 4K Frameless",Televisor sin bordes de gran formato con panel LED avanzado - Modelo 2023,1379.91,132,DISCONTINUED,2025-10-01 23:50:17,2025-10-24 04:00:01
2181,PROD-02161,"Philips Smart TV 55"" 4K QLED",Televisor QLED con tecnología Quantum Dot y diseño ultra fino - Modelo 2024,636.67,52,ACTIVE,2026-06-16 19:19:52,2026-08-04 22:49:00
2182,PROD-02162,"Sony Smart TV 32"" HD LED",Televisor LED HD con Roku integrado y sonido Dolby Audio - Modelo 2025,259.78,38,INACTIVE,2025-10-19 17:02:11,2025-11-05 09:23:14
2183,PROD-02163,"TCL Smart TV 55"" 4K QLED",Televisor QLED con tecnología Quantum Dot y diseño ultra fino - Modelo 2026,630.57,31,INACTIVE,2025-07-27 03:31:45,2025-08-03 06:13:25
2184,PROD-02164,"Hisense Smart TV 65"" 4K UHD",Pantalla grande con Dolby Vision Atmos y control por voz - Modelo 2023,843.69,119,ACTIVE,2026-05-11 13:52:19,2026-05-12 21:34:00
2185,PROD-02165,"Sony Smart TV 40"" Full HD",Pantalla plana Full HD con puertos HDMI y USB multimedia - Modelo 2024,327.84,63,ACTIVE,2026-05-30 14:09:37,2026-06-27 19:07:16
2186,PROD-02166,"TCL Smart TV 40"" Full HD",Pantalla plana Full HD con puertos HDMI y USB multimedia - Modelo 2025,352.97,57,ACTIVE,2026-02-13 10:58:08,2026-02-13 12:42:52
2187,PROD-02167,"Philips Smart TV 65"" 4K UHD",Pantalla grande con Dolby Vision Atmos y control por voz - Modelo 2026,826.9,64,ACTIVE,2025-01-29 18:33:16,2025-02-03 03:42:50
2188,PROD-02168,"Samsung Smart TV 50"" 4K Crystal",Pantalla UHD con procesador Crystal 4K y PurColor - Modelo 2023,472.81,18,ACTIVE,2026-04-06 22:20:50,2026-05-13 01:04:43
2189,PROD-02169,"LG Smart TV 32"" HD LED",Televisor LED HD con Roku integrado y sonido Dolby Audio - Modelo 2024,218.0,15,INACTIVE,2026-03-15 11:49:19,2026-04-02 10:08:52
2190,PROD-02170,"TCL Smart TV 50"" 4K Crystal",Pantalla UHD con procesador Crystal 4K y PurColor - Modelo 2025,521.96,13,ACTIVE,2025-12-09 04:34:11,2026-01-13 20:15:19
2191,PROD-02171,"Samsung Smart TV 85"" 8K Master",Pantalla premium de máxima resolución con inteligencia artificial - Modelo 2026,2628.52,9,ACTIVE,2026-02-16 05:45:30,2026-02-24 20:22:08
2192,PROD-02172,"Panasonic Smart TV 85"" 8K Master",Pantalla premium de máxima resolución con inteligencia artificial - Modelo 2023,2565.64,106,ACTIVE,2025-03-21 09:36:21,2025-05-07 18:19:22
2193,PROD-02173,"Sony Smart TV 50"" 4K Crystal",Pantalla UHD con procesador Crystal 4K y PurColor - Modelo 2024,469.97,105,ACTIVE,2025-07-24 15:14:45,2025-09-01 14:35:54
2194,PROD-02174,"TCL Smart TV 55"" 4K QLED",Televisor QLED con tecnología Quantum Dot y diseño ultra fino - Modelo 2025,629.5,55,ACTIVE,2026-05-13 17:57:20,2026-06-09 06:07:19
2195,PROD-02175,"Samsung Smart TV 85"" 8K Master",Pantalla premium de máxima resolución con inteligencia artificial - Modelo 2026,2722.79,127,DISCONTINUED,2025-03-04 16:54:11,2025-04-10 01:16:01
2196,PROD-02176,"TCL Smart TV 43"" 4K UHD",Televisor inteligente con HDR10+ y sistema operativo webOS - Modelo 2023,441.51,97,DISCONTINUED,2025-07-13 09:58:02,2025-08-14 18:28:25
2197,PROD-02177,"Samsung Smart TV 40"" Full HD",Pantalla plana Full HD con puertos HDMI y USB multimedia - Modelo 2024,377.24,64,ACTIVE,2025-01-23 00:25:27,2025-02-22 16:54:02
2198,PROD-02178,"Sony Smart TV 85"" 8K Master",Pantalla premium de máxima resolución con inteligencia artificial - Modelo 2025,2568.51,52,ACTIVE,2025-03-09 03:43:26,2025-04-14 11:58:55
2199,PROD-02179,"Sony Smart TV 75"" 4K Frameless",Televisor sin bordes de gran formato con panel LED avanzado - Modelo 2026,1266.48,108,ACTIVE,2026-06-24 01:17:19,2026-07-16 16:56:37
2200,PROD-02180,"Xiaomi Smart TV 55"" 4K QLED",Televisor QLED con tecnología Quantum Dot y diseño ultra fino - Modelo 2023,570.51,83,INACTIVE,2026-06-22 03:40:51,2026-08-11 05:53:52
2201,PROD-02181,"LG Smart TV 85"" 8K Master",Pantalla premium de máxima resolución con inteligencia artificial - Modelo 2024,2637.5,15,DISCONTINUED,2025-11-19 23:55:54,2026-01-03 01:21:17
2202,PROD-02182,"Xiaomi Smart TV 75"" 4K Frameless",Televisor sin bordes de gran formato con panel LED avanzado - Modelo 2025,1178.47,3,ACTIVE,2026-04-12 22:01:40,2026-04-19 13:49:29
2203,PROD-02183,"Xiaomi Smart TV 55"" 4K QLED",Televisor QLED con tecnología Quantum Dot y diseño ultra fino - Modelo 2026,662.38,60,ACTIVE,2025-08-25 02:38:11,2025-09-19 16:56:11
2204,PROD-02184,"Philips Smart TV 75"" 4K Frameless",Televisor sin bordes de gran formato con panel LED avanzado - Modelo 2023,1261.74,140,ACTIVE,2025-08-02 22:39:58,2025-09-10 17:18:54
2205,PROD-02185,"Samsung Smart TV 50"" 4K Crystal",Pantalla UHD con procesador Crystal 4K y PurColor - Modelo 2024,480.64,53,ACTIVE,2025-03-17 07:21:18,2025-04-03 04:19:40
2206,PROD-02186,"Panasonic Smart TV 75"" 4K Frameless",Televisor sin bordes de gran formato con panel LED avanzado - Modelo 2025,1196.89,46,INACTIVE,2025-09-08 11:34:19,2025-10-26 12:07:01
2207,PROD-02187,"TCL Smart TV 65"" 4K UHD",Pantalla grande con Dolby Vision Atmos y control por voz - Modelo 2026,793.97,98,DISCONTINUED,2025-01-05 16:06:17,2025-01-26 17:15:22
2208,PROD-02188,"Sony Smart TV 85"" 8K Master",Pantalla premium de máxima resolución con inteligencia artificial - Modelo 2023,2691.87,90,ACTIVE,2026-06-07 10:18:02,2026-07-08 10:43:01
2209,PROD-02189,"Sony Smart TV 55"" 4K QLED",Televisor QLED con tecnología Quantum Dot y diseño ultra fino - Modelo 2024,664.07,14,ACTIVE,2026-08-07 17:30:38,2026-08-20 19:22:56
2210,PROD-02190,"Hisense Smart TV 55"" 4K QLED",Televisor QLED con tecnología Quantum Dot y diseño ultra fino - Modelo 2025,620.48,65,DISCONTINUED,2026-05-20 19:07:31,2026-06-10 19:43:42
2211,PROD-02191,"Samsung Smart TV 85"" 8K Master",Pantalla premium de máxima resolución con inteligencia artificial - Modelo 2026,2555.63,53,ACTIVE,2025-01-01 02:37:16,2025-01-03 18:55:05
2212,PROD-02192,"Sony Smart TV 50"" 4K Crystal",Pantalla UHD con procesador Crystal 4K y PurColor - Modelo 2023,483.65,51,ACTIVE,2025-05-31 16:15:20,2025-06-28 02:06:05
2213,PROD-02193,"LG Smart TV 40"" Full HD",Pantalla plana Full HD con puertos HDMI y USB multimedia - Modelo 2024,275.19,87,INACTIVE,2026-07-20 03:57:39,2026-09-06 09:17:12
2214,PROD-02194,"Hisense Smart TV 65"" 4K UHD",Pantalla grande con Dolby Vision Atmos y control por voz - Modelo 2025,862.37,35,ACTIVE,2025-02-11 12:48:37,2025-03-28 16:53:13
2215,PROD-02195,"Panasonic Smart TV 75"" 4K Frameless",Televisor sin bordes de gran formato con panel LED avanzado - Modelo 2026,1243.7,144,DISCONTINUED,2026-04-10 15:33:52,2026-05-02 15:01:20
2216,PROD-02196,"Samsung Smart TV 43"" 4K UHD",Televisor inteligente con HDR10+ y sistema operativo webOS - Modelo 2023,410.78,94,INACTIVE,2025-03-17 01:28:34,2025-04-13 03:22:43
2217,PROD-02197,"LG Smart TV 50"" 4K Crystal",Pantalla UHD con procesador Crystal 4K y PurColor - Modelo 2024,417.85,20,DISCONTINUED,2026-05-29 00:49:00,2026-06-19 02:00:50
2218,PROD-02198,"Xiaomi Smart TV 55"" 4K QLED",Televisor QLED con tecnología Quantum Dot y diseño ultra fino - Modelo 2025,587.47,54,DISCONTINUED,2025-02-08 12:12:16,2025-02-14 15:57:56
2219,PROD-02199,"Samsung Smart TV 40"" Full HD",Pantalla plana Full HD con puertos HDMI y USB multimedia - Modelo 2026,286.81,34,ACTIVE,2025-05-09 11:15:46,2025-06-20 17:53:03
2220,PROD-02200,"Sony Smart TV 50"" 4K Crystal",Pantalla UHD con procesador Crystal 4K y PurColor - Modelo 2023,488.8,77,ACTIVE,2026-07-05 08:35:22,2026-07-08 04:39:06
2221,PROD-02201,"TCL Smart TV 40"" Full HD",Pantalla plana Full HD con puertos HDMI y USB multimedia - Modelo 2024,300.97,16,ACTIVE,2025-02-24 07:53:17,2025-04-15 08:31:59
2222,PROD-02202,"LG Smart TV 40"" Full HD",Pantalla plana Full HD con puertos HDMI y USB multimedia - Modelo 2025,293.7,14,ACTIVE,2025-04-14 15:13:54,2025-04-24 23:06:06
2223,PROD-02203,"Samsung Smart TV 75"" 4K Frameless",Televisor sin bordes de gran formato con panel LED avanzado - Modelo 2026,1226.61,0,ACTIVE,2025-04-19 22:08:00,2025-05-06 11:53:00
2224,PROD-02204,"Hisense Smart TV 32"" HD LED",Televisor LED HD con Roku integrado y sonido Dolby Audio - Modelo 2023,251.37,102,ACTIVE,2026-06-13 16:57:28,2026-07-27 19:52:12
2225,PROD-02205,"Panasonic Smart TV 65"" 4K UHD",Pantalla grande con Dolby Vision Atmos y control por voz - Modelo 2024,881.38,36,ACTIVE,2026-05-06 11:25:03,2026-05-17 03:11:50
2226,PROD-02206,"LG Smart TV 85"" 8K Master",Pantalla premium de máxima resolución con inteligencia artificial - Modelo 2025,2938.78,79,ACTIVE,2025-11-01 04:18:20,2025-11-17 06:37:51
2227,PROD-02207,"Samsung Smart TV 50"" 4K Crystal",Pantalla UHD con procesador Crystal 4K y PurColor - Modelo 2026,533.49,25,ACTIVE,2025-11-27 07:03:39,2025-12-21 01:55:46
2228,PROD-02208,"TCL Smart TV 55"" 4K QLED",Televisor QLED con tecnología Quantum Dot y diseño ultra fino - Modelo 2023,676.15,89,DISCONTINUED,2025-05-08 17:23:26,2025-06-06 08:11:42
2229,PROD-02209,"Panasonic Smart TV 32"" HD LED",Televisor LED HD con Roku integrado y sonido Dolby Audio - Modelo 2024,270.52,46,ACTIVE,2026-04-02 15:13:38,2026-04-15 20:54:51
2230,PROD-02210,"Samsung Smart TV 40"" Full HD",Pantalla plana Full HD con puertos HDMI y USB multimedia - Modelo 2025,340.99,89,ACTIVE,2025-11-07 15:00:54,2025-11-24 04:17:47
2231,PROD-02211,"Philips Smart TV 85"" 8K Master",Pantalla premium de máxima resolución con inteligencia artificial - Modelo 2026,2656.15,37,INACTIVE,2025-02-16 14:17:35,2025-02-17 08:42:29
2232,PROD-02212,"Xiaomi Smart TV 85"" 8K Master",Pantalla premium de máxima resolución con inteligencia artificial - Modelo 2023,2799.24,142,ACTIVE,2025-01-29 02:48:13,2025-02-16 18:59:06
2233,PROD-02213,"LG Smart TV 55"" 4K QLED",Televisor QLED con tecnología Quantum Dot y diseño ultra fino - Modelo 2024,600.27,99,DISCONTINUED,2025-12-07 12:36:42,2026-01-05 21:25:35
2234,PROD-02214,"Panasonic Smart TV 85"" 8K Master",Pantalla premium de máxima resolución con inteligencia artificial - Modelo 2025,2839.39,1,ACTIVE,2025-08-20 16:39:12,2025-09-07 03:27:47
2235,PROD-02215,"TCL Smart TV 55"" 4K QLED",Televisor QLED con tecnología Quantum Dot y diseño ultra fino - Modelo 2026,700.68,101,DISCONTINUED,2025-09-04 03:16:33,2025-10-07 18:23:24
2236,PROD-02216,"Samsung Smart TV 65"" 4K UHD",Pantalla grande con Dolby Vision Atmos y control por voz - Modelo 2023,834.53,58,INACTIVE,2025-07-08 15:21:06,2025-07-15 14:28:45
2237,PROD-02217,"Panasonic Smart TV 43"" 4K UHD",Televisor inteligente con HDR10+ y sistema operativo webOS - Modelo 2024,392.53,41,ACTIVE,2026-03-03 20:06:05,2026-03-22 14:13:11
2238,PROD-02218,"TCL Smart TV 32"" HD LED",Televisor LED HD con Roku integrado y sonido Dolby Audio - Modelo 2025,272.7,76,INACTIVE,2025-04-28 19:23:23,2025-05-01 16:18:21
2239,PROD-02219,"Samsung Smart TV 43"" 4K UHD",Televisor inteligente con HDR10+ y sistema operativo webOS - Modelo 2026,394.81,95,ACTIVE,2026-03-06 15:18:52,2026-03-24 06:27:39
2240,PROD-02220,"Sony Smart TV 85"" 8K Master",Pantalla premium de máxima resolución con inteligencia artificial - Modelo 2023,2591.86,48,INACTIVE,2025-09-02 11:05:21,2025-09-23 20:52:47
2241,PROD-02221,"Philips Smart TV 55"" 4K QLED",Televisor QLED con tecnología Quantum Dot y diseño ultra fino - Modelo 2024,590.04,40,ACTIVE,2026-04-26 00:36:33,2026-06-10 00:23:09
2242,PROD-02222,"Sony Smart TV 75"" 4K Frameless",Televisor sin bordes de gran formato con panel LED avanzado - Modelo 2025,1262.89,88,INACTIVE,2025-03-26 12:03:25,2025-04-22 14:11:48
2243,PROD-02223,"Sony Smart TV 55"" 4K QLED",Televisor QLED con tecnología Quantum Dot y diseño ultra fino - Modelo 2026,631.66,141,ACTIVE,2025-09-30 00:11:42,2025-11-11 10:55:30
2244,PROD-02224,"Philips Smart TV 50"" 4K Crystal",Pantalla UHD con procesador Crystal 4K y PurColor - Modelo 2023,480.14,131,ACTIVE,2025-03-04 18:58:45,2025-03-23 20:31:58
2245,PROD-02225,"LG Smart TV 50"" 4K Crystal",Pantalla UHD con procesador Crystal 4K y PurColor - Modelo 2024,456.85,128,ACTIVE,2025-01-29 05:15:12,2025-02-20 17:12:28
2246,PROD-02226,"Hisense Smart TV 50"" 4K Crystal",Pantalla UHD con procesador Crystal 4K y PurColor - Modelo 2025,499.3,1,DISCONTINUED,2026-03-22 20:39:08,2026-05-05 16:21:48
2247,PROD-02227,"Hisense Smart TV 40"" Full HD",Pantalla plana Full HD con puertos HDMI y USB multimedia - Modelo 2026,361.51,143,ACTIVE,2025-12-12 03:55:05,2026-01-29 08:46:08
2248,PROD-02228,"LG Smart TV 50"" 4K Crystal",Pantalla UHD con procesador Crystal 4K y PurColor - Modelo 2023,492.13,24,DISCONTINUED,2025-09-02 02:06:20,2025-10-18 10:31:23
2249,PROD-02229,"Sony Smart TV 50"" 4K Crystal",Pantalla UHD con procesador Crystal 4K y PurColor - Modelo 2024,472.27,5,ACTIVE,2025-07-17 19:19:25,2025-08-05 13:54:26
2250,PROD-02230,"Philips Smart TV 40"" Full HD",Pantalla plana Full HD con puertos HDMI y USB multimedia - Modelo 2025,322.9,15,ACTIVE,2025-02-21 13:57:48,2025-04-04 01:19:46
2251,PROD-02231,"Xiaomi Smart TV 32"" HD LED",Televisor LED HD con Roku integrado y sonido Dolby Audio - Modelo 2026,274.06,10,INACTIVE,2025-01-24 22:19:58,2025-03-06 13:21:51
2252,PROD-02232,"Panasonic Smart TV 85"" 8K Master",Pantalla premium de máxima resolución con inteligencia artificial - Modelo 2023,2589.48,137,INACTIVE,2026-05-10 08:59:18,2026-05-15 17:14:13
2253,PROD-02233,"TCL Smart TV 75"" 4K Frameless",Televisor sin bordes de gran formato con panel LED avanzado - Modelo 2024,1170.11,31,ACTIVE,2026-07-23 05:10:44,2026-08-16 21:40:13
2254,PROD-02234,"LG Smart TV 75"" 4K Frameless",Televisor sin bordes de gran formato con panel LED avanzado - Modelo 2025,1180.65,63,ACTIVE,2025-08-14 04:08:48,2025-08-15 03:34:36
2255,PROD-02235,"LG Smart TV 85"" 8K Master",Pantalla premium de máxima resolución con inteligencia artificial - Modelo 2026,2636.68,69,ACTIVE,2025-09-21 17:51:18,2025-10-01 08:01:09
2256,PROD-02236,"LG Smart TV 50"" 4K Crystal",Pantalla UHD con procesador Crystal 4K y PurColor - Modelo 2023,429.14,56,DISCONTINUED,2025-12-24 14:35:09,2025-12-29 23:06:00
2257,PROD-02237,"LG Smart TV 55"" 4K QLED",Televisor QLED con tecnología Quantum Dot y diseño ultra fino - Modelo 2024,623.41,99,ACTIVE,2026-05-07 23:49:43,2026-06-22 07:52:30
2258,PROD-02238,"Sony Smart TV 85"" 8K Master",Pantalla premium de máxima resolución con inteligencia artificial - Modelo 2025,2660.14,24,ACTIVE,2025-09-01 15:34:53,2025-09-27 11:21:45
2259,PROD-02239,"Samsung Smart TV 65"" 4K UHD",Pantalla grande con Dolby Vision Atmos y control por voz - Modelo 2026,879.08,26,DISCONTINUED,2025-05-02 22:04:05,2025-05-14 04:59:31
2260,PROD-02240,"Hisense Smart TV 40"" Full HD",Pantalla plana Full HD con puertos HDMI y USB multimedia - Modelo 2023,340.78,134,ACTIVE,2025-05-12 14:43:30,2025-05-13 15:51:21
2261,PROD-02241,"Panasonic Smart TV 75"" 4K Frameless",Televisor sin bordes de gran formato con panel LED avanzado - Modelo 2024,1371.87,148,ACTIVE,2025-04-05 05:09:48,2025-05-04 09:47:12
2262,PROD-02242,"Xiaomi Smart TV 75"" 4K Frameless",Televisor sin bordes de gran formato con panel LED avanzado - Modelo 2025,1250.65,141,ACTIVE,2025-11-27 09:51:18,2025-12-23 04:42:04
2263,PROD-02243,"Panasonic Smart TV 65"" 4K UHD",Pantalla grande con Dolby Vision Atmos y control por voz - Modelo 2026,907.21,119,INACTIVE,2026-03-15 05:19:51,2026-03-26 16:08:15
2264,PROD-02244,"TCL Smart TV 75"" 4K Frameless",Televisor sin bordes de gran formato con panel LED avanzado - Modelo 2023,1170.1,15,ACTIVE,2025-03-20 12:30:27,2025-04-11 04:02:25
2265,PROD-02245,"Sony Smart TV 40"" Full HD",Pantalla plana Full HD con puertos HDMI y USB multimedia - Modelo 2024,292.43,148,ACTIVE,2025-09-21 19:46:13,2025-09-23 10:40:39
2266,PROD-02246,"Sony Smart TV 50"" 4K Crystal",Pantalla UHD con procesador Crystal 4K y PurColor - Modelo 2025,490.77,98,ACTIVE,2025-08-06 07:16:29,2025-08-18 22:02:05
2267,PROD-02247,"Hisense Smart TV 55"" 4K QLED",Televisor QLED con tecnología Quantum Dot y diseño ultra fino - Modelo 2026,581.62,82,DISCONTINUED,2026-08-20 17:12:38,2026-09-22 01:26:25
2268,PROD-02248,"Hisense Smart TV 50"" 4K Crystal",Pantalla UHD con procesador Crystal 4K y PurColor - Modelo 2023,493.44,8,ACTIVE,2025-12-15 11:04:23,2026-02-01 18:07:23
2269,PROD-02249,"Xiaomi Smart TV 75"" 4K Frameless",Televisor sin bordes de gran formato con panel LED avanzado - Modelo 2024,1202.89,148,ACTIVE,2025-02-16 12:38:16,2025-02-20 06:45:31
2270,PROD-02250,"Sony Smart TV 75"" 4K Frameless",Televisor sin bordes de gran formato con panel LED avanzado - Modelo 2025,1281.22,135,ACTIVE,2025-08-02 21:45:22,2025-08-19 16:51:07
2271,PROD-02251,"TCL Smart TV 40"" Full HD",Pantalla plana Full HD con puertos HDMI y USB multimedia - Modelo 2026,326.77,45,DISCONTINUED,2026-07-16 07:52:52,2026-08-30 13:44:15
2272,PROD-02252,"Panasonic Smart TV 75"" 4K Frameless",Televisor sin bordes de gran formato con panel LED avanzado - Modelo 2023,1145.29,2,ACTIVE,2026-02-09 01:45:24,2026-03-14 14:12:19
2273,PROD-02253,"TCL Smart TV 40"" Full HD",Pantalla plana Full HD con puertos HDMI y USB multimedia - Modelo 2024,310.2,78,INACTIVE,2026-01-01 15:55:20,2026-02-15 18:59:27
2274,PROD-02254,"Xiaomi Smart TV 40"" Full HD",Pantalla plana Full HD con puertos HDMI y USB multimedia - Modelo 2025,347.45,38,ACTIVE,2026-03-09 07:30:09,2026-04-18 17:28:52
2275,PROD-02255,"Samsung Smart TV 65"" 4K UHD",Pantalla grande con Dolby Vision Atmos y control por voz - Modelo 2026,862.34,47,DISCONTINUED,2025-04-21 00:39:23,2025-05-11 12:41:51
2276,PROD-02256,"TCL Smart TV 43"" 4K UHD",Televisor inteligente con HDR10+ y sistema operativo webOS - Modelo 2023,368.49,1,DISCONTINUED,2025-11-12 07:14:35,2025-12-21 05:20:49
2277,PROD-02257,"Xiaomi Smart TV 65"" 4K UHD",Pantalla grande con Dolby Vision Atmos y control por voz - Modelo 2024,869.94,13,ACTIVE,2026-02-16 23:04:40,2026-03-28 12:21:26
2278,PROD-02258,"Panasonic Smart TV 75"" 4K Frameless",Televisor sin bordes de gran formato con panel LED avanzado - Modelo 2025,1312.45,118,DISCONTINUED,2025-03-24 21:49:27,2025-04-26 12:01:38
2279,PROD-02259,"Hisense Smart TV 55"" 4K QLED",Televisor QLED con tecnología Quantum Dot y diseño ultra fino - Modelo 2026,595.03,4,ACTIVE,2025-11-02 21:30:02,2025-11-09 06:53:45
2280,PROD-02260,"Xiaomi Smart TV 65"" 4K UHD",Pantalla grande con Dolby Vision Atmos y control por voz - Modelo 2023,911.12,38,ACTIVE,2025-02-26 21:07:37,2025-03-08 01:25:20
2281,PROD-02261,"Sony Smart TV 50"" 4K Crystal",Pantalla UHD con procesador Crystal 4K y PurColor - Modelo 2024,544.72,73,ACTIVE,2025-12-26 11:02:00,2026-01-29 03:52:16
2282,PROD-02262,"Samsung Smart TV 85"" 8K Master",Pantalla premium de máxima resolución con inteligencia artificial - Modelo 2025,2645.76,22,ACTIVE,2025-09-20 06:43:25,2025-11-06 04:09:30
2283,PROD-02263,"TCL Smart TV 32"" HD LED",Televisor LED HD con Roku integrado y sonido Dolby Audio - Modelo 2026,237.58,18,DISCONTINUED,2025-04-23 22:33:59,2025-04-28 03:26:23
2284,PROD-02264,"TCL Smart TV 50"" 4K Crystal",Pantalla UHD con procesador Crystal 4K y PurColor - Modelo 2023,554.74,66,ACTIVE,2026-01-31 21:20:25,2026-02-22 06:50:10
2285,PROD-02265,"Sony Smart TV 40"" Full HD",Pantalla plana Full HD con puertos HDMI y USB multimedia - Modelo 2024,324.74,40,DISCONTINUED,2026-08-22 19:28:14,2026-09-11 03:08:37
2286,PROD-02266,"Panasonic Smart TV 55"" 4K QLED",Televisor QLED con tecnología Quantum Dot y diseño ultra fino - Modelo 2025,641.81,87,ACTIVE,2026-06-24 17:40:58,2026-08-10 07:59:27
2287,PROD-02267,"Hisense Smart TV 65"" 4K UHD",Pantalla grande con Dolby Vision Atmos y control por voz - Modelo 2026,839.24,117,INACTIVE,2025-07-27 00:26:20,2025-09-10 15:45:16
2288,PROD-02268,"Hisense Smart TV 65"" 4K UHD",Pantalla grande con Dolby Vision Atmos y control por voz - Modelo 2023,797.03,57,ACTIVE,2025-05-06 10:23:19,2025-05-22 10:27:30
2289,PROD-02269,"Philips Smart TV 65"" 4K UHD",Pantalla grande con Dolby Vision Atmos y control por voz - Modelo 2024,797.33,90,ACTIVE,2026-02-08 18:51:48,2026-03-30 17:00:33
2290,PROD-02270,"Sony Smart TV 65"" 4K UHD",Pantalla grande con Dolby Vision Atmos y control por voz - Modelo 2025,848.19,82,ACTIVE,2026-06-01 23:55:10,2026-06-07 16:24:34
2291,PROD-02271,"Samsung Smart TV 32"" HD LED",Televisor LED HD con Roku integrado y sonido Dolby Audio - Modelo 2026,206.68,21,DISCONTINUED,2025-11-25 20:52:47,2026-01-15 05:20:50
2292,PROD-02272,"Xiaomi Smart TV 50"" 4K Crystal",Pantalla UHD con procesador Crystal 4K y PurColor - Modelo 2023,432.4,58,ACTIVE,2026-03-09 05:31:27,2026-03-13 08:17:50
2293,PROD-02273,"Philips Smart TV 40"" Full HD",Pantalla plana Full HD con puertos HDMI y USB multimedia - Modelo 2024,357.14,99,ACTIVE,2026-04-17 03:46:29,2026-04-26 00:42:13
2294,PROD-02274,"Samsung Smart TV 50"" 4K Crystal",Pantalla UHD con procesador Crystal 4K y PurColor - Modelo 2025,439.43,148,INACTIVE,2025-07-23 20:19:28,2025-07-23 20:53:32
2295,PROD-02275,"LG Smart TV 43"" 4K UHD",Televisor inteligente con HDR10+ y sistema operativo webOS - Modelo 2026,448.92,2,INACTIVE,2026-04-20 03:52:34,2026-05-22 23:41:06
2296,PROD-02276,"Philips Smart TV 85"" 8K Master",Pantalla premium de máxima resolución con inteligencia artificial - Modelo 2023,2858.81,146,DISCONTINUED,2025-07-11 10:20:09,2025-07-26 07:00:16
2297,PROD-02277,"Sony Smart TV 43"" 4K UHD",Televisor inteligente con HDR10+ y sistema operativo webOS - Modelo 2024,414.86,121,INACTIVE,2025-11-07 12:28:16,2025-11-29 11:56:14
2298,PROD-02278,"Samsung Smart TV 40"" Full HD",Pantalla plana Full HD con puertos HDMI y USB multimedia - Modelo 2025,313.88,74,DISCONTINUED,2026-07-01 06:49:06,2026-07-24 05:58:19
2299,PROD-02279,"Philips Smart TV 40"" Full HD",Pantalla plana Full HD con puertos HDMI y USB multimedia - Modelo 2026,338.87,2,DISCONTINUED,2026-01-02 17:12:56,2026-02-19 20:59:19
2300,PROD-02280,"LG Smart TV 40"" Full HD",Pantalla plana Full HD con puertos HDMI y USB multimedia - Modelo 2023,315.89,10,ACTIVE,2025-05-01 13:47:53,2025-05-20 14:06:21
2301,PROD-02281,"Hisense Smart TV 32"" HD LED",Televisor LED HD con Roku integrado y sonido Dolby Audio - Modelo 2024,216.34,53,ACTIVE,2025-05-13 22:53:08,2025-05-29 03:49:52
2302,PROD-02282,"Sony Smart TV 32"" HD LED",Televisor LED HD con Roku integrado y sonido Dolby Audio - Modelo 2025,222.24,24,DISCONTINUED,2026-05-04 00:38:08,2026-06-14 15:24:35
2303,PROD-02283,"Sony Smart TV 32"" HD LED",Televisor LED HD con Roku integrado y sonido Dolby Audio - Modelo 2026,300.9,143,ACTIVE,2026-05-17 16:03:45,2026-06-01 06:19:37
2304,PROD-02284,"Hisense Smart TV 65"" 4K UHD",Pantalla grande con Dolby Vision Atmos y control por voz - Modelo 2023,920.97,99,INACTIVE,2025-10-27 15:59:02,2025-11-20 10:59:44
2305,PROD-02285,"LG Smart TV 40"" Full HD",Pantalla plana Full HD con puertos HDMI y USB multimedia - Modelo 2024,341.91,147,DISCONTINUED,2025-07-14 17:44:47,2025-08-20 15:29:38
2306,PROD-02286,"Sony Smart TV 40"" Full HD",Pantalla plana Full HD con puertos HDMI y USB multimedia - Modelo 2025,278.72,90,ACTIVE,2026-01-11 03:55:21,2026-02-03 10:49:32
2307,PROD-02287,"Sony Smart TV 40"" Full HD",Pantalla plana Full HD con puertos HDMI y USB multimedia - Modelo 2026,335.39,114,ACTIVE,2026-04-29 12:19:27,2026-06-05 05:45:04
2308,PROD-02288,"Xiaomi Smart TV 75"" 4K Frameless",Televisor sin bordes de gran formato con panel LED avanzado - Modelo 2023,1260.07,121,ACTIVE,2026-02-09 14:38:14,2026-02-23 09:51:54
2309,PROD-02289,"Panasonic Smart TV 40"" Full HD",Pantalla plana Full HD con puertos HDMI y USB multimedia - Modelo 2024,362.59,116,ACTIVE,2026-08-11 02:58:20,2026-08-28 10:10:53
2310,PROD-02290,"Panasonic Smart TV 75"" 4K Frameless",Televisor sin bordes de gran formato con panel LED avanzado - Modelo 2025,1275.4,113,ACTIVE,2025-10-19 15:07:55,2025-11-18 18:28:43
2311,PROD-02291,"Samsung Smart TV 55"" 4K QLED",Televisor QLED con tecnología Quantum Dot y diseño ultra fino - Modelo 2026,644.5,30,ACTIVE,2025-11-10 14:08:33,2025-12-15 00:39:05
2312,PROD-02292,"TCL Smart TV 50"" 4K Crystal",Pantalla UHD con procesador Crystal 4K y PurColor - Modelo 2023,516.78,140,ACTIVE,2025-12-07 16:17:20,2025-12-10 00:36:33
2313,PROD-02293,"Panasonic Smart TV 43"" 4K UHD",Televisor inteligente con HDR10+ y sistema operativo webOS - Modelo 2024,375.34,105,ACTIVE,2025-08-06 12:58:55,2025-09-12 02:02:58
2314,PROD-02294,"LG Smart TV 75"" 4K Frameless",Televisor sin bordes de gran formato con panel LED avanzado - Modelo 2025,1277.09,42,ACTIVE,2025-11-21 04:28:21,2025-12-09 13:21:53
2315,PROD-02295,"Xiaomi Smart TV 50"" 4K Crystal",Pantalla UHD con procesador Crystal 4K y PurColor - Modelo 2026,552.55,16,ACTIVE,2026-07-31 02:26:16,2026-08-13 16:48:26
2316,PROD-02296,"Philips Smart TV 43"" 4K UHD",Televisor inteligente con HDR10+ y sistema operativo webOS - Modelo 2023,367.88,108,ACTIVE,2025-07-10 10:08:07,2025-08-19 21:15:47
2317,PROD-02297,"LG Smart TV 75"" 4K Frameless",Televisor sin bordes de gran formato con panel LED avanzado - Modelo 2024,1176.96,147,ACTIVE,2026-08-10 12:28:52,2026-08-19 12:59:42
2318,PROD-02298,"Panasonic Smart TV 32"" HD LED",Televisor LED HD con Roku integrado y sonido Dolby Audio - Modelo 2025,242.36,52,ACTIVE,2025-02-09 04:35:22,2025-02-21 16:05:33
2319,PROD-02299,"Xiaomi Smart TV 32"" HD LED",Televisor LED HD con Roku integrado y sonido Dolby Audio - Modelo 2026,278.79,72,DISCONTINUED,2026-06-14 18:28:14,2026-07-13 01:19:11
2320,PROD-02300,"Panasonic Smart TV 43"" 4K UHD",Televisor inteligente con HDR10+ y sistema operativo webOS - Modelo 2023,359.87,97,INACTIVE,2025-10-16 18:43:34,2025-11-24 13:19:04
2321,PROD-02301,"LG Smart TV 40"" Full HD",Pantalla plana Full HD con puertos HDMI y USB multimedia - Modelo 2024,324.65,143,ACTIVE,2026-04-09 04:44:04,2026-05-12 19:42:01
2322,PROD-02302,"LG Smart TV 75"" 4K Frameless",Televisor sin bordes de gran formato con panel LED avanzado - Modelo 2025,1199.36,88,ACTIVE,2026-06-03 05:04:12,2026-06-10 01:15:30
2323,PROD-02303,"TCL Smart TV 75"" 4K Frameless",Televisor sin bordes de gran formato con panel LED avanzado - Modelo 2026,1220.29,64,ACTIVE,2026-07-12 18:36:59,2026-08-28 01:45:26
2324,PROD-02304,"Xiaomi Smart TV 85"" 8K Master",Pantalla premium de máxima resolución con inteligencia artificial - Modelo 2023,2909.18,51,INACTIVE,2025-08-27 15:58:10,2025-09-06 20:37:43
2325,PROD-02305,"Xiaomi Smart TV 40"" Full HD",Pantalla plana Full HD con puertos HDMI y USB multimedia - Modelo 2024,290.14,107,ACTIVE,2026-04-19 08:11:02,2026-05-13 10:47:14
2326,PROD-02306,"Sony Smart TV 55"" 4K QLED",Televisor QLED con tecnología Quantum Dot y diseño ultra fino - Modelo 2025,708.92,43,DISCONTINUED,2026-01-25 19:53:27,2026-03-12 08:33:15
2327,PROD-02307,"Panasonic Smart TV 50"" 4K Crystal",Pantalla UHD con procesador Crystal 4K y PurColor - Modelo 2026,479.12,88,ACTIVE,2026-06-09 23:50:56,2026-06-17 06:30:01
2328,PROD-02308,"Samsung Smart TV 85"" 8K Master",Pantalla premium de máxima resolución con inteligencia artificial - Modelo 2023,2706.97,22,ACTIVE,2025-05-08 16:30:25,2025-05-14 14:46:07
2329,PROD-02309,"Panasonic Smart TV 85"" 8K Master",Pantalla premium de máxima resolución con inteligencia artificial - Modelo 2024,2726.59,56,ACTIVE,2025-02-17 21:23:55,2025-03-25 15:21:20
2330,PROD-02310,"Philips Smart TV 65"" 4K UHD",Pantalla grande con Dolby Vision Atmos y control por voz - Modelo 2025,854.97,55,ACTIVE,2025-06-24 15:48:25,2025-08-06 09:13:59
2331,PROD-02311,"Sony Smart TV 50"" 4K Crystal",Pantalla UHD con procesador Crystal 4K y PurColor - Modelo 2026,488.25,31,ACTIVE,2026-06-24 21:27:07,2026-06-30 05:11:09
2332,PROD-02312,"Hisense Smart TV 55"" 4K QLED",Televisor QLED con tecnología Quantum Dot y diseño ultra fino - Modelo 2023,648.98,140,ACTIVE,2025-07-07 06:27:07,2025-08-17 19:54:48
2333,PROD-02313,"Hisense Smart TV 50"" 4K Crystal",Pantalla UHD con procesador Crystal 4K y PurColor - Modelo 2024,548.83,76,ACTIVE,2026-08-10 06:32:35,2026-09-14 13:58:14
2334,PROD-02314,"LG Smart TV 75"" 4K Frameless",Televisor sin bordes de gran formato con panel LED avanzado - Modelo 2025,1197.0,98,ACTIVE,2025-03-31 19:51:43,2025-05-17 19:47:26
2335,PROD-02315,"Samsung Smart TV 75"" 4K Frameless",Televisor sin bordes de gran formato con panel LED avanzado - Modelo 2026,1273.21,144,ACTIVE,2026-06-10 21:30:52,2026-06-12 04:26:02
2336,PROD-02316,"Panasonic Smart TV 75"" 4K Frameless",Televisor sin bordes de gran formato con panel LED avanzado - Modelo 2023,1231.54,79,ACTIVE,2025-06-13 22:17:55,2025-08-02 14:56:47
2337,PROD-02317,"Xiaomi Smart TV 55"" 4K QLED",Televisor QLED con tecnología Quantum Dot y diseño ultra fino - Modelo 2024,648.33,141,ACTIVE,2025-04-02 02:42:52,2025-04-07 13:29:34
2338,PROD-02318,"Sony Smart TV 32"" HD LED",Televisor LED HD con Roku integrado y sonido Dolby Audio - Modelo 2025,289.4,65,INACTIVE,2025-03-30 14:06:50,2025-04-22 00:43:53
2339,PROD-02319,"LG Smart TV 55"" 4K QLED",Televisor QLED con tecnología Quantum Dot y diseño ultra fino - Modelo 2026,657.18,83,ACTIVE,2025-04-26 21:18:03,2025-05-19 13:23:28
2340,PROD-02320,"TCL Smart TV 85"" 8K Master",Pantalla premium de máxima resolución con inteligencia artificial - Modelo 2023,2576.17,10,ACTIVE,2025-10-09 18:54:20,2025-10-22 08:45:10
2341,PROD-02321,"Philips Smart TV 75"" 4K Frameless",Televisor sin bordes de gran formato con panel LED avanzado - Modelo 2024,1240.51,130,INACTIVE,2026-04-13 10:12:59,2026-05-19 07:57:09
2342,PROD-02322,"Hisense Smart TV 55"" 4K QLED",Televisor QLED con tecnología Quantum Dot y diseño ultra fino - Modelo 2025,648.05,56,ACTIVE,2025-08-26 16:02:08,2025-10-02 07:17:06
2343,PROD-02323,"Samsung Smart TV 40"" Full HD",Pantalla plana Full HD con puertos HDMI y USB multimedia - Modelo 2026,274.8,75,ACTIVE,2025-09-24 09:40:32,2025-10-06 14:11:51
2344,PROD-02324,"Sony Smart TV 55"" 4K QLED",Televisor QLED con tecnología Quantum Dot y diseño ultra fino - Modelo 2023,643.11,64,ACTIVE,2025-03-28 01:25:29,2025-04-25 18:43:44
2345,PROD-02325,"LG Smart TV 43"" 4K UHD",Televisor inteligente con HDR10+ y sistema operativo webOS - Modelo 2024,400.1,46,DISCONTINUED,2026-08-16 12:06:06,2026-09-19 12:21:21
2346,PROD-02326,"Philips Smart TV 75"" 4K Frameless",Televisor sin bordes de gran formato con panel LED avanzado - Modelo 2025,1320.4,7,ACTIVE,2025-03-13 13:48:29,2025-03-17 05:44:17
2347,PROD-02327,"Sony Smart TV 32"" HD LED",Televisor LED HD con Roku integrado y sonido Dolby Audio - Modelo 2026,232.33,75,DISCONTINUED,2025-01-04 23:13:23,2025-02-20 02:23:53
2348,PROD-02328,"Panasonic Smart TV 32"" HD LED",Televisor LED HD con Roku integrado y sonido Dolby Audio - Modelo 2023,267.92,81,DISCONTINUED,2025-02-22 07:28:30,2025-03-08 14:45:14
2349,PROD-02329,"Sony Smart TV 75"" 4K Frameless",Televisor sin bordes de gran formato con panel LED avanzado - Modelo 2024,1327.66,86,DISCONTINUED,2025-08-19 06:45:02,2025-09-02 19:14:59
2350,PROD-02330,"Philips Smart TV 40"" Full HD",Pantalla plana Full HD con puertos HDMI y USB multimedia - Modelo 2025,369.71,70,ACTIVE,2026-02-16 10:20:23,2026-03-29 00:07:41
2351,PROD-02331,"TCL Smart TV 65"" 4K UHD",Pantalla grande con Dolby Vision Atmos y control por voz - Modelo 2026,846.41,139,INACTIVE,2025-10-14 12:36:20,2025-11-03 14:04:11
2352,PROD-02332,"LG Smart TV 85"" 8K Master",Pantalla premium de máxima resolución con inteligencia artificial - Modelo 2023,2739.64,64,ACTIVE,2025-03-19 15:58:13,2025-03-21 06:37:29
2353,PROD-02333,"Philips Smart TV 75"" 4K Frameless",Televisor sin bordes de gran formato con panel LED avanzado - Modelo 2024,1306.07,75,ACTIVE,2026-05-24 08:57:38,2026-07-13 22:12:44
2354,PROD-02334,"Philips Smart TV 40"" Full HD",Pantalla plana Full HD con puertos HDMI y USB multimedia - Modelo 2025,337.59,62,DISCONTINUED,2025-12-14 09:11:47,2025-12-15 12:41:43
2355,PROD-02335,"Philips Smart TV 40"" Full HD",Pantalla plana Full HD con puertos HDMI y USB multimedia - Modelo 2026,278.25,126,ACTIVE,2026-02-21 09:34:38,2026-02-24 03:10:20
2356,PROD-02336,"Samsung Smart TV 75"" 4K Frameless",Televisor sin bordes de gran formato con panel LED avanzado - Modelo 2023,1324.67,2,DISCONTINUED,2025-03-11 09:57:47,2025-04-01 20:30:28
2357,PROD-02337,"LG Smart TV 40"" Full HD",Pantalla plana Full HD con puertos HDMI y USB multimedia - Modelo 2024,288.31,52,DISCONTINUED,2025-05-05 22:53:31,2025-06-12 15:45:08
2358,PROD-02338,"Hisense Smart TV 55"" 4K QLED",Televisor QLED con tecnología Quantum Dot y diseño ultra fino - Modelo 2025,612.94,15,ACTIVE,2026-06-03 02:25:52,2026-07-01 21:53:15
2359,PROD-02339,"Sony Smart TV 65"" 4K UHD",Pantalla grande con Dolby Vision Atmos y control por voz - Modelo 2026,966.4,76,ACTIVE,2026-07-14 00:38:59,2026-08-25 01:46:42
2360,PROD-02340,"Hisense Smart TV 55"" 4K QLED",Televisor QLED con tecnología Quantum Dot y diseño ultra fino - Modelo 2023,656.7,83,ACTIVE,2025-05-01 03:37:22,2025-05-07 09:51:22
2361,PROD-02341,"Sony Smart TV 43"" 4K UHD",Televisor inteligente con HDR10+ y sistema operativo webOS - Modelo 2024,440.91,75,INACTIVE,2025-12-26 19:44:00,2026-01-02 11:04:15
2362,PROD-02342,"Xiaomi Smart TV 50"" 4K Crystal",Pantalla UHD con procesador Crystal 4K y PurColor - Modelo 2025,466.11,77,ACTIVE,2025-02-25 10:50:40,2025-03-29 06:54:11
2363,PROD-02343,"Hisense Smart TV 40"" Full HD",Pantalla plana Full HD con puertos HDMI y USB multimedia - Modelo 2026,350.35,40,ACTIVE,2025-07-14 14:45:55,2025-07-15 02:46:59
2364,PROD-02344,"Philips Smart TV 43"" 4K UHD",Televisor inteligente con HDR10+ y sistema operativo webOS - Modelo 2023,430.66,147,ACTIVE,2025-01-25 17:39:37,2025-02-22 13:09:21
2365,PROD-02345,"Xiaomi Smart TV 43"" 4K UHD",Televisor inteligente con HDR10+ y sistema operativo webOS - Modelo 2024,478.14,69,ACTIVE,2026-03-04 03:12:19,2026-03-10 08:16:41
2366,PROD-02346,"TCL Smart TV 50"" 4K Crystal",Pantalla UHD con procesador Crystal 4K y PurColor - Modelo 2025,490.18,113,ACTIVE,2026-06-16 02:15:26,2026-06-28 21:40:27
2367,PROD-02347,"Xiaomi Smart TV 40"" Full HD",Pantalla plana Full HD con puertos HDMI y USB multimedia - Modelo 2026,347.24,91,ACTIVE,2025-10-02 06:37:18,2025-10-15 01:35:38
2368,PROD-02348,"Philips Smart TV 40"" Full HD",Pantalla plana Full HD con puertos HDMI y USB multimedia - Modelo 2023,366.77,56,INACTIVE,2025-05-31 22:19:38,2025-06-26 13:33:21
2369,PROD-02349,"Sony Smart TV 55"" 4K QLED",Televisor QLED con tecnología Quantum Dot y diseño ultra fino - Modelo 2024,618.11,21,ACTIVE,2026-02-26 07:10:02,2026-03-23 10:48:07
2370,PROD-02350,"Hisense Smart TV 55"" 4K QLED",Televisor QLED con tecnología Quantum Dot y diseño ultra fino - Modelo 2025,689.92,125,ACTIVE,2025-06-28 18:15:37,2025-08-02 09:37:07
2371,PROD-02351,"Xiaomi Smart TV 75"" 4K Frameless",Televisor sin bordes de gran formato con panel LED avanzado - Modelo 2026,1262.3,132,ACTIVE,2025-12-27 09:30:51,2026-01-26 01:09:44
2372,PROD-02352,"Samsung Smart TV 65"" 4K UHD",Pantalla grande con Dolby Vision Atmos y control por voz - Modelo 2023,921.49,105,ACTIVE,2025-07-14 03:01:58,2025-07-21 04:07:54
2373,PROD-02353,"TCL Smart TV 55"" 4K QLED",Televisor QLED con tecnología Quantum Dot y diseño ultra fino - Modelo 2024,654.09,36,ACTIVE,2025-02-19 23:11:34,2025-03-14 04:45:49
2374,PROD-02354,"Samsung Smart TV 55"" 4K QLED",Televisor QLED con tecnología Quantum Dot y diseño ultra fino - Modelo 2025,688.49,103,DISCONTINUED,2025-08-11 22:14:18,2025-08-16 18:05:01
2375,PROD-02355,"LG Smart TV 40"" Full HD",Pantalla plana Full HD con puertos HDMI y USB multimedia - Modelo 2026,313.08,115,ACTIVE,2025-10-31 17:17:13,2025-11-15 01:59:56
2376,PROD-02356,"Sony Smart TV 75"" 4K Frameless",Televisor sin bordes de gran formato con panel LED avanzado - Modelo 2023,1193.69,131,ACTIVE,2025-03-31 21:37:21,2025-04-03 17:07:59
2377,PROD-02357,"LG Smart TV 85"" 8K Master",Pantalla premium de máxima resolución con inteligencia artificial - Modelo 2024,2736.33,119,ACTIVE,2025-12-13 10:25:28,2026-01-04 18:14:30
2378,PROD-02358,"TCL Smart TV 40"" Full HD",Pantalla plana Full HD con puertos HDMI y USB multimedia - Modelo 2025,329.05,43,INACTIVE,2026-06-18 03:52:39,2026-06-30 18:40:04
2379,PROD-02359,"TCL Smart TV 75"" 4K Frameless",Televisor sin bordes de gran formato con panel LED avanzado - Modelo 2026,1199.39,137,ACTIVE,2026-04-21 06:11:54,2026-05-23 20:52:38
2380,PROD-02360,"Sony Smart TV 55"" 4K QLED",Televisor QLED con tecnología Quantum Dot y diseño ultra fino - Modelo 2023,652.71,98,ACTIVE,2025-11-24 16:47:24,2026-01-10 05:28:55
2381,PROD-02361,"TCL Smart TV 40"" Full HD",Pantalla plana Full HD con puertos HDMI y USB multimedia - Modelo 2024,337.55,10,ACTIVE,2026-03-27 10:47:56,2026-05-16 22:54:53
2382,PROD-02362,"Hisense Smart TV 75"" 4K Frameless",Televisor sin bordes de gran formato con panel LED avanzado - Modelo 2025,1305.72,103,INACTIVE,2025-12-24 19:03:17,2025-12-30 05:03:30
2383,PROD-02363,"Panasonic Smart TV 40"" Full HD",Pantalla plana Full HD con puertos HDMI y USB multimedia - Modelo 2026,280.08,91,DISCONTINUED,2026-04-25 15:19:19,2026-05-31 18:08:39
2384,PROD-02364,"LG Smart TV 65"" 4K UHD",Pantalla grande con Dolby Vision Atmos y control por voz - Modelo 2023,936.18,68,ACTIVE,2025-05-20 22:18:31,2025-06-02 14:46:12
2385,PROD-02365,"Hisense Smart TV 55"" 4K QLED",Televisor QLED con tecnología Quantum Dot y diseño ultra fino - Modelo 2024,697.01,58,ACTIVE,2025-03-12 01:08:36,2025-04-30 05:35:35
2386,PROD-02366,"TCL Smart TV 65"" 4K UHD",Pantalla grande con Dolby Vision Atmos y control por voz - Modelo 2025,897.82,58,INACTIVE,2025-10-11 20:28:17,2025-11-21 17:18:35
2387,PROD-02367,"TCL Smart TV 85"" 8K Master",Pantalla premium de máxima resolución con inteligencia artificial - Modelo 2026,2648.49,92,ACTIVE,2025-07-11 12:33:06,2025-07-31 20:09:37
2388,PROD-02368,"LG Smart TV 75"" 4K Frameless",Televisor sin bordes de gran formato con panel LED avanzado - Modelo 2023,1321.05,75,DISCONTINUED,2026-05-01 05:47:22,2026-05-09 21:56:16
2389,PROD-02369,"Samsung Smart TV 85"" 8K Master",Pantalla premium de máxima resolución con inteligencia artificial - Modelo 2024,2589.2,141,ACTIVE,2025-02-06 21:43:49,2025-03-06 19:26:41
2390,PROD-02370,"Panasonic Smart TV 65"" 4K UHD",Pantalla grande con Dolby Vision Atmos y control por voz - Modelo 2025,944.57,40,INACTIVE,2025-10-05 06:00:23,2025-10-27 20:55:12
2391,PROD-02371,"Xiaomi Smart TV 43"" 4K UHD",Televisor inteligente con HDR10+ y sistema operativo webOS - Modelo 2026,366.58,133,ACTIVE,2026-08-20 08:13:13,2026-10-06 16:50:56
2392,PROD-02372,"Panasonic Smart TV 32"" HD LED",Televisor LED HD con Roku integrado y sonido Dolby Audio - Modelo 2023,290.28,33,INACTIVE,2025-02-17 11:50:47,2025-03-05 09:41:29
2393,PROD-02373,"Xiaomi Smart TV 85"" 8K Master",Pantalla premium de máxima resolución con inteligencia artificial - Modelo 2024,2744.87,144,ACTIVE,2025-03-03 06:21:25,2025-03-20 03:48:46
2394,PROD-02374,"Xiaomi Smart TV 55"" 4K QLED",Televisor QLED con tecnología Quantum Dot y diseño ultra fino - Modelo 2025,649.38,136,ACTIVE,2025-10-02 17:26:47,2025-11-20 07:23:15
2395,PROD-02375,"Hisense Smart TV 75"" 4K Frameless",Televisor sin bordes de gran formato con panel LED avanzado - Modelo 2026,1226.52,43,DISCONTINUED,2025-04-27 14:24:03,2025-05-02 18:55:44
2396,PROD-02376,"Xiaomi Smart TV 65"" 4K UHD",Pantalla grande con Dolby Vision Atmos y control por voz - Modelo 2023,858.7,59,ACTIVE,2025-09-08 19:52:38,2025-10-20 05:32:03
2397,PROD-02377,"Philips Smart TV 32"" HD LED",Televisor LED HD con Roku integrado y sonido Dolby Audio - Modelo 2024,207.77,33,ACTIVE,2026-06-27 07:51:12,2026-07-08 00:39:59
2398,PROD-02378,"Panasonic Smart TV 85"" 8K Master",Pantalla premium de máxima resolución con inteligencia artificial - Modelo 2025,2531.97,53,ACTIVE,2026-02-05 21:36:52,2026-03-14 01:44:16
2399,PROD-02379,"Sony Smart TV 65"" 4K UHD",Pantalla grande con Dolby Vision Atmos y control por voz - Modelo 2026,882.87,136,ACTIVE,2025-09-10 00:47:52,2025-09-11 10:24:45
2400,PROD-02380,"TCL Smart TV 55"" 4K QLED",Televisor QLED con tecnología Quantum Dot y diseño ultra fino - Modelo 2023,695.2,88,ACTIVE,2026-01-21 19:22:24,2026-02-25 19:34:57
2401,PROD-02381,"Sony Smart TV 40"" Full HD",Pantalla plana Full HD con puertos HDMI y USB multimedia - Modelo 2024,261.74,5,ACTIVE,2025-02-08 04:31:28,2025-03-20 15:06:19
2402,PROD-02382,"Samsung Smart TV 85"" 8K Master",Pantalla premium de máxima resolución con inteligencia artificial - Modelo 2025,2825.37,126,ACTIVE,2026-01-23 23:53:13,2026-02-05 10:55:51
2403,PROD-02383,"TCL Smart TV 50"" 4K Crystal",Pantalla UHD con procesador Crystal 4K y PurColor - Modelo 2026,498.69,149,ACTIVE,2025-03-07 21:21:49,2025-03-31 20:48:18
2404,PROD-02384,"Samsung Smart TV 40"" Full HD",Pantalla plana Full HD con puertos HDMI y USB multimedia - Modelo 2023,288.02,50,INACTIVE,2025-08-12 01:54:44,2025-08-27 16:11:00
2405,PROD-02385,"Sony Smart TV 55"" 4K QLED",Televisor QLED con tecnología Quantum Dot y diseño ultra fino - Modelo 2024,631.41,32,INACTIVE,2025-01-13 19:59:40,2025-02-23 18:09:54
2406,PROD-02386,"Xiaomi Smart TV 32"" HD LED",Televisor LED HD con Roku integrado y sonido Dolby Audio - Modelo 2025,217.65,150,INACTIVE,2025-03-06 14:27:19,2025-03-14 13:42:33
2407,PROD-02387,"Panasonic Smart TV 40"" Full HD",Pantalla plana Full HD con puertos HDMI y USB multimedia - Modelo 2026,278.23,119,ACTIVE,2025-06-25 22:24:13,2025-08-08 05:32:00
2408,PROD-02388,"Philips Smart TV 50"" 4K Crystal",Pantalla UHD con procesador Crystal 4K y PurColor - Modelo 2023,457.33,100,DISCONTINUED,2026-01-01 15:48:21,2026-01-30 01:55:52
2409,PROD-02389,"Sony Smart TV 75"" 4K Frameless",Televisor sin bordes de gran formato con panel LED avanzado - Modelo 2024,1229.99,59,ACTIVE,2025-04-12 17:31:01,2025-04-20 12:34:44
2410,PROD-02390,"Hisense Smart TV 75"" 4K Frameless",Televisor sin bordes de gran formato con panel LED avanzado - Modelo 2025,1169.56,83,ACTIVE,2025-01-12 06:14:28,2025-01-16 10:20:35
2411,PROD-02391,"TCL Smart TV 85"" 8K Master",Pantalla premium de máxima resolución con inteligencia artificial - Modelo 2026,2907.37,65,ACTIVE,2025-01-04 22:59:26,2025-01-27 17:10:29
2412,PROD-02392,"Xiaomi Smart TV 85"" 8K Master",Pantalla premium de máxima resolución con inteligencia artificial - Modelo 2023,2643.46,96,DISCONTINUED,2025-10-06 22:44:22,2025-10-31 20:52:19
2413,PROD-02393,"Philips Smart TV 32"" HD LED",Televisor LED HD con Roku integrado y sonido Dolby Audio - Modelo 2024,255.04,25,ACTIVE,2025-11-06 10:45:17,2025-11-28 07:06:01
2414,PROD-02394,"Hisense Smart TV 55"" 4K QLED",Televisor QLED con tecnología Quantum Dot y diseño ultra fino - Modelo 2025,635.32,18,ACTIVE,2025-11-22 18:26:07,2026-01-07 10:23:53
2415,PROD-02395,"Samsung Smart TV 65"" 4K UHD",Pantalla grande con Dolby Vision Atmos y control por voz - Modelo 2026,788.81,11,INACTIVE,2025-09-16 19:36:50,2025-11-03 20:08:34
2416,PROD-02396,"Panasonic Smart TV 40"" Full HD",Pantalla plana Full HD con puertos HDMI y USB multimedia - Modelo 2023,305.73,135,ACTIVE,2025-01-29 17:35:25,2025-01-31 05:20:38
2417,PROD-02397,"LG Smart TV 32"" HD LED",Televisor LED HD con Roku integrado y sonido Dolby Audio - Modelo 2024,254.12,72,INACTIVE,2025-09-16 14:22:07,2025-10-13 02:02:49
2418,PROD-02398,"Sony Smart TV 75"" 4K Frameless",Televisor sin bordes de gran formato con panel LED avanzado - Modelo 2025,1235.29,1,INACTIVE,2025-11-16 15:18:46,2025-12-29 02:18:12
2419,PROD-02399,"TCL Smart TV 85"" 8K Master",Pantalla premium de máxima resolución con inteligencia artificial - Modelo 2026,2701.35,4,ACTIVE,2025-02-04 07:49:06,2025-02-18 04:39:34
2420,PROD-02400,"LG Smart TV 85"" 8K Master",Pantalla premium de máxima resolución con inteligencia artificial - Modelo 2023,2942.99,81,ACTIVE,2025-10-26 19:03:46,2025-12-05 04:43:13
2421,PROD-02401,"Philips Smart TV 65"" 4K UHD",Pantalla grande con Dolby Vision Atmos y control por voz - Modelo 2024,927.36,72,ACTIVE,2025-06-18 15:55:56,2025-06-23 10:28:16
2422,PROD-02402,"TCL Smart TV 65"" 4K UHD",Pantalla grande con Dolby Vision Atmos y control por voz - Modelo 2025,829.43,100,ACTIVE,2025-03-18 18:02:45,2025-03-22 15:18:28
2423,PROD-02403,"Xiaomi Smart TV 55"" 4K QLED",Televisor QLED con tecnología Quantum Dot y diseño ultra fino - Modelo 2026,620.4,46,ACTIVE,2025-09-14 19:34:52,2025-10-21 06:51:36
2424,PROD-02404,"LG Smart TV 75"" 4K Frameless",Televisor sin bordes de gran formato con panel LED avanzado - Modelo 2023,1335.72,97,ACTIVE,2026-05-28 14:35:03,2026-06-12 11:37:59
2425,PROD-02405,"TCL Smart TV 65"" 4K UHD",Pantalla grande con Dolby Vision Atmos y control por voz - Modelo 2024,930.86,18,ACTIVE,2025-11-07 02:46:33,2025-12-17 10:36:28
2426,PROD-02406,"Samsung Smart TV 55"" 4K QLED",Televisor QLED con tecnología Quantum Dot y diseño ultra fino - Modelo 2025,592.76,96,ACTIVE,2025-11-24 00:36:17,2025-12-15 01:39:01
2427,PROD-02407,"Xiaomi Smart TV 40"" Full HD",Pantalla plana Full HD con puertos HDMI y USB multimedia - Modelo 2026,314.03,100,ACTIVE,2025-09-29 07:35:15,2025-10-25 22:38:29
2428,PROD-02408,"Sony Smart TV 85"" 8K Master",Pantalla premium de máxima resolución con inteligencia artificial - Modelo 2023,2922.89,143,ACTIVE,2025-11-11 20:31:08,2025-12-11 03:35:58
2429,PROD-02409,"Panasonic Smart TV 65"" 4K UHD",Pantalla grande con Dolby Vision Atmos y control por voz - Modelo 2024,892.75,26,DISCONTINUED,2025-05-02 22:35:36,2025-05-10 16:05:44
2430,PROD-02410,"Philips Smart TV 40"" Full HD",Pantalla plana Full HD con puertos HDMI y USB multimedia - Modelo 2025,322.0,144,ACTIVE,2025-08-29 21:57:11,2025-10-18 10:04:13
2431,PROD-02411,"Samsung Smart TV 43"" 4K UHD",Televisor inteligente con HDR10+ y sistema operativo webOS - Modelo 2026,407.11,142,ACTIVE,2025-08-07 00:23:28,2025-08-07 11:20:04
2432,PROD-02412,"Panasonic Smart TV 55"" 4K QLED",Televisor QLED con tecnología Quantum Dot y diseño ultra fino - Modelo 2023,576.23,5,ACTIVE,2025-03-26 10:41:03,2025-05-06 13:33:50
2433,PROD-02413,"LG Smart TV 40"" Full HD",Pantalla plana Full HD con puertos HDMI y USB multimedia - Modelo 2024,353.91,101,INACTIVE,2026-03-21 17:29:42,2026-05-02 10:30:39
2434,PROD-02414,"Philips Smart TV 43"" 4K UHD",Televisor inteligente con HDR10+ y sistema operativo webOS - Modelo 2025,392.45,10,ACTIVE,2025-03-02 18:56:05,2025-03-17 04:21:23
2435,PROD-02415,"Philips Smart TV 50"" 4K Crystal",Pantalla UHD con procesador Crystal 4K y PurColor - Modelo 2026,542.04,55,INACTIVE,2026-01-07 17:53:57,2026-01-08 20:55:50
2436,PROD-02416,"Hisense Smart TV 40"" Full HD",Pantalla plana Full HD con puertos HDMI y USB multimedia - Modelo 2023,321.71,31,DISCONTINUED,2025-11-20 17:18:57,2026-01-05 21:21:05
2437,PROD-02417,"TCL Smart TV 65"" 4K UHD",Pantalla grande con Dolby Vision Atmos y control por voz - Modelo 2024,875.01,46,INACTIVE,2025-04-18 18:45:53,2025-04-28 21:51:50
2438,PROD-02418,"LG Smart TV 43"" 4K UHD",Televisor inteligente con HDR10+ y sistema operativo webOS - Modelo 2025,431.44,148,DISCONTINUED,2026-02-06 02:53:23,2026-02-17 15:53:56
2439,PROD-02419,"Hisense Smart TV 75"" 4K Frameless",Televisor sin bordes de gran formato con panel LED avanzado - Modelo 2026,1282.52,147,DISCONTINUED,2025-01-18 19:40:19,2025-02-06 03:53:44
2440,PROD-02420,"Panasonic Smart TV 85"" 8K Master",Pantalla premium de máxima resolución con inteligencia artificial - Modelo 2023,2888.05,22,INACTIVE,2026-02-28 00:10:25,2026-03-20 10:34:12
2441,PROD-02421,"Xiaomi Smart TV 55"" 4K QLED",Televisor QLED con tecnología Quantum Dot y diseño ultra fino - Modelo 2024,665.27,20,DISCONTINUED,2026-04-10 09:30:56,2026-04-13 11:38:27
2442,PROD-02422,"Sony Smart TV 50"" 4K Crystal",Pantalla UHD con procesador Crystal 4K y PurColor - Modelo 2025,520.13,29,INACTIVE,2025-02-27 06:41:31,2025-04-09 15:18:21
2443,PROD-02423,"LG Smart TV 43"" 4K UHD",Televisor inteligente con HDR10+ y sistema operativo webOS - Modelo 2026,370.44,23,DISCONTINUED,2025-05-26 00:01:52,2025-06-18 08:55:28
2444,PROD-02424,"TCL Smart TV 65"" 4K UHD",Pantalla grande con Dolby Vision Atmos y control por voz - Modelo 2023,875.5,32,DISCONTINUED,2025-10-16 23:13:30,2025-11-03 14:58:47
2445,PROD-02425,"Philips Smart TV 43"" 4K UHD",Televisor inteligente con HDR10+ y sistema operativo webOS - Modelo 2024,401.1,104,ACTIVE,2026-03-09 17:57:50,2026-04-10 22:20:08
2446,PROD-02426,"Panasonic Smart TV 75"" 4K Frameless",Televisor sin bordes de gran formato con panel LED avanzado - Modelo 2025,1343.18,1,ACTIVE,2026-08-14 04:10:23,2026-08-23 09:49:28
2447,PROD-02427,"Sony Smart TV 65"" 4K UHD",Pantalla grande con Dolby Vision Atmos y control por voz - Modelo 2026,847.09,66,ACTIVE,2026-08-14 02:56:51,2026-09-20 04:17:35
2448,PROD-02428,"Sony Smart TV 32"" HD LED",Televisor LED HD con Roku integrado y sonido Dolby Audio - Modelo 2023,207.26,126,INACTIVE,2025-11-09 07:39:40,2025-12-18 07:13:55
2449,PROD-02429,"Philips Smart TV 55"" 4K QLED",Televisor QLED con tecnología Quantum Dot y diseño ultra fino - Modelo 2024,686.48,147,ACTIVE,2025-09-28 12:44:52,2025-10-23 06:04:38
2450,PROD-02430,"Hisense Smart TV 43"" 4K UHD",Televisor inteligente con HDR10+ y sistema operativo webOS - Modelo 2025,374.42,109,DISCONTINUED,2025-12-16 20:32:16,2026-01-21 00:22:47
2451,PROD-02431,"Panasonic Smart TV 50"" 4K Crystal",Pantalla UHD con procesador Crystal 4K y PurColor - Modelo 2026,436.07,64,ACTIVE,2025-12-07 20:24:45,2026-01-04 01:08:22
2452,PROD-02432,"LG Smart TV 32"" HD LED",Televisor LED HD con Roku integrado y sonido Dolby Audio - Modelo 2023,294.84,93,INACTIVE,2025-09-13 11:18:56,2025-10-30 14:16:10
2453,PROD-02433,"Philips Smart TV 55"" 4K QLED",Televisor QLED con tecnología Quantum Dot y diseño ultra fino - Modelo 2024,623.4,34,INACTIVE,2025-04-04 17:16:08,2025-05-19 18:16:35
2454,PROD-02434,"TCL Smart TV 55"" 4K QLED",Televisor QLED con tecnología Quantum Dot y diseño ultra fino - Modelo 2025,707.96,84,ACTIVE,2026-01-19 15:00:47,2026-02-01 22:18:00
2455,PROD-02435,"LG Smart TV 65"" 4K UHD",Pantalla grande con Dolby Vision Atmos y control por voz - Modelo 2026,892.33,76,ACTIVE,2026-02-27 20:34:31,2026-03-31 04:11:17
2456,PROD-02436,"Samsung Smart TV 85"" 8K Master",Pantalla premium de máxima resolución con inteligencia artificial - Modelo 2023,2821.65,98,ACTIVE,2026-03-16 08:15:07,2026-04-15 00:52:11
2457,PROD-02437,"Sony Smart TV 75"" 4K Frameless",Televisor sin bordes de gran formato con panel LED avanzado - Modelo 2024,1263.46,102,ACTIVE,2025-06-08 21:40:38,2025-07-10 01:13:18
2458,PROD-02438,"LG Smart TV 75"" 4K Frameless",Televisor sin bordes de gran formato con panel LED avanzado - Modelo 2025,1248.32,48,ACTIVE,2026-05-24 04:37:15,2026-07-11 18:30:03
2459,PROD-02439,"Samsung Smart TV 75"" 4K Frameless",Televisor sin bordes de gran formato con panel LED avanzado - Modelo 2026,1218.53,106,DISCONTINUED,2026-06-18 10:57:05,2026-07-03 10:23:09
2460,PROD-02440,"Xiaomi Smart TV 32"" HD LED",Televisor LED HD con Roku integrado y sonido Dolby Audio - Modelo 2023,264.19,45,INACTIVE,2025-01-15 03:17:20,2025-02-23 06:58:50
2461,PROD-02441,"Philips Smart TV 65"" 4K UHD",Pantalla grande con Dolby Vision Atmos y control por voz - Modelo 2024,843.83,10,ACTIVE,2025-07-18 16:56:01,2025-07-22 11:48:47
2462,PROD-02442,"Hisense Smart TV 75"" 4K Frameless",Televisor sin bordes de gran formato con panel LED avanzado - Modelo 2025,1209.73,79,DISCONTINUED,2025-09-19 18:19:49,2025-11-05 00:31:17
2463,PROD-02443,"Hisense Smart TV 50"" 4K Crystal",Pantalla UHD con procesador Crystal 4K y PurColor - Modelo 2026,450.01,77,DISCONTINUED,2026-02-15 13:08:20,2026-03-19 01:13:21
2464,PROD-02444,"Xiaomi Smart TV 85"" 8K Master",Pantalla premium de máxima resolución con inteligencia artificial - Modelo 2023,2611.0,67,ACTIVE,2026-05-03 16:29:44,2026-05-18 18:19:55
2465,PROD-02445,"LG Smart TV 50"" 4K Crystal",Pantalla UHD con procesador Crystal 4K y PurColor - Modelo 2024,456.62,85,ACTIVE,2026-01-16 10:18:39,2026-01-26 02:44:39
2466,PROD-02446,"Philips Smart TV 43"" 4K UHD",Televisor inteligente con HDR10+ y sistema operativo webOS - Modelo 2025,412.98,117,ACTIVE,2025-11-01 18:30:20,2025-11-15 04:42:53
2467,PROD-02447,"Xiaomi Smart TV 32"" HD LED",Televisor LED HD con Roku integrado y sonido Dolby Audio - Modelo 2026,266.41,80,ACTIVE,2025-09-25 13:08:14,2025-10-08 12:30:40
2468,PROD-02448,"Philips Smart TV 43"" 4K UHD",Televisor inteligente con HDR10+ y sistema operativo webOS - Modelo 2023,373.56,28,DISCONTINUED,2025-11-01 16:19:04,2025-11-26 04:36:41
2469,PROD-02449,"Xiaomi Smart TV 85"" 8K Master",Pantalla premium de máxima resolución con inteligencia artificial - Modelo 2024,2910.46,54,INACTIVE,2025-01-27 16:45:34,2025-03-02 10:03:03
2470,PROD-02450,"TCL Smart TV 32"" HD LED",Televisor LED HD con Roku integrado y sonido Dolby Audio - Modelo 2025,210.91,10,ACTIVE,2025-04-18 14:52:57,2025-04-28 08:06:04
2471,PROD-02451,"Sony Smart TV 85"" 8K Master",Pantalla premium de máxima resolución con inteligencia artificial - Modelo 2026,2865.57,25,ACTIVE,2026-01-31 01:22:08,2026-03-01 15:34:50
2472,PROD-02452,"Sony Smart TV 43"" 4K UHD",Televisor inteligente con HDR10+ y sistema operativo webOS - Modelo 2023,427.82,39,DISCONTINUED,2025-07-28 22:52:16,2025-08-15 20:36:33
2473,PROD-02453,"Xiaomi Smart TV 50"" 4K Crystal",Pantalla UHD con procesador Crystal 4K y PurColor - Modelo 2024,465.2,148,ACTIVE,2026-04-01 10:31:15,2026-05-01 16:49:25
2474,PROD-02454,"TCL Smart TV 55"" 4K QLED",Televisor QLED con tecnología Quantum Dot y diseño ultra fino - Modelo 2025,628.22,22,INACTIVE,2025-05-13 13:40:13,2025-06-07 12:12:55
2475,PROD-02455,"Sony Smart TV 85"" 8K Master",Pantalla premium de máxima resolución con inteligencia artificial - Modelo 2026,2724.33,2,ACTIVE,2025-09-13 23:44:43,2025-10-23 08:01:27
2476,PROD-02456,"Sony Smart TV 55"" 4K QLED",Televisor QLED con tecnología Quantum Dot y diseño ultra fino - Modelo 2023,658.77,22,ACTIVE,2025-11-08 01:44:40,2025-11-14 21:02:42
2477,PROD-02457,"Philips Smart TV 40"" Full HD",Pantalla plana Full HD con puertos HDMI y USB multimedia - Modelo 2024,316.81,101,ACTIVE,2026-06-25 07:40:29,2026-08-01 03:55:53
2478,PROD-02458,"TCL Smart TV 85"" 8K Master",Pantalla premium de máxima resolución con inteligencia artificial - Modelo 2025,2874.26,31,ACTIVE,2026-04-07 17:51:29,2026-05-06 18:32:21
2479,PROD-02459,"TCL Smart TV 32"" HD LED",Televisor LED HD con Roku integrado y sonido Dolby Audio - Modelo 2026,294.17,23,INACTIVE,2025-04-12 21:37:37,2025-04-24 15:54:31
2480,PROD-02460,"Panasonic Smart TV 85"" 8K Master",Pantalla premium de máxima resolución con inteligencia artificial - Modelo 2023,2624.75,74,ACTIVE,2026-05-23 16:08:20,2026-06-13 02:44:31
2481,PROD-02461,"TCL Smart TV 32"" HD LED",Televisor LED HD con Roku integrado y sonido Dolby Audio - Modelo 2024,281.4,143,DISCONTINUED,2025-01-22 03:22:27,2025-02-07 23:52:33
2482,PROD-02462,"Philips Smart TV 85"" 8K Master",Pantalla premium de máxima resolución con inteligencia artificial - Modelo 2025,2831.21,96,INACTIVE,2025-12-27 13:52:09,2026-01-28 05:34:32
2483,PROD-02463,"Hisense Smart TV 65"" 4K UHD",Pantalla grande con Dolby Vision Atmos y control por voz - Modelo 2026,763.01,132,ACTIVE,2026-07-01 15:45:51,2026-08-01 05:35:03
2484,PROD-02464,"Philips Smart TV 65"" 4K UHD",Pantalla grande con Dolby Vision Atmos y control por voz - Modelo 2023,876.88,12,ACTIVE,2025-06-15 00:20:32,2025-07-05 08:14:21
2485,PROD-02465,"Samsung Smart TV 50"" 4K Crystal",Pantalla UHD con procesador Crystal 4K y PurColor - Modelo 2024,460.65,46,ACTIVE,2025-01-19 19:15:28,2025-02-20 00:09:42
2486,PROD-02466,"TCL Smart TV 85"" 8K Master",Pantalla premium de máxima resolución con inteligencia artificial - Modelo 2025,2675.4,64,INACTIVE,2026-06-19 20:46:43,2026-08-06 12:36:18
2487,PROD-02467,"Sony Smart TV 43"" 4K UHD",Televisor inteligente con HDR10+ y sistema operativo webOS - Modelo 2026,464.93,103,ACTIVE,2026-05-13 17:15:17,2026-05-26 18:25:58
2488,PROD-02468,"LG Smart TV 40"" Full HD",Pantalla plana Full HD con puertos HDMI y USB multimedia - Modelo 2023,317.22,12,ACTIVE,2026-05-01 09:35:33,2026-05-17 03:47:39
2489,PROD-02469,"Panasonic Smart TV 65"" 4K UHD",Pantalla grande con Dolby Vision Atmos y control por voz - Modelo 2024,906.38,50,ACTIVE,2025-11-02 07:39:13,2025-11-18 12:20:11
2490,PROD-02470,"Samsung Smart TV 75"" 4K Frameless",Televisor sin bordes de gran formato con panel LED avanzado - Modelo 2025,1186.26,143,ACTIVE,2025-04-19 13:32:55,2025-05-14 04:22:32
2491,PROD-02471,"Xiaomi Smart TV 75"" 4K Frameless",Televisor sin bordes de gran formato con panel LED avanzado - Modelo 2026,1371.45,26,INACTIVE,2025-03-27 07:26:58,2025-05-17 00:28:30
2492,PROD-02472,"TCL Smart TV 40"" Full HD",Pantalla plana Full HD con puertos HDMI y USB multimedia - Modelo 2023,304.73,46,ACTIVE,2026-08-09 08:51:50,2026-09-15 02:06:53
2493,PROD-02473,"Panasonic Smart TV 50"" 4K Crystal",Pantalla UHD con procesador Crystal 4K y PurColor - Modelo 2024,445.69,47,ACTIVE,2025-04-24 00:32:32,2025-05-29 02:34:38
2494,PROD-02474,"LG Smart TV 50"" 4K Crystal",Pantalla UHD con procesador Crystal 4K y PurColor - Modelo 2025,517.04,91,ACTIVE,2026-02-24 18:30:32,2026-03-14 19:01:41
2495,PROD-02475,"Hisense Smart TV 65"" 4K UHD",Pantalla grande con Dolby Vision Atmos y control por voz - Modelo 2026,912.45,139,DISCONTINUED,2025-02-12 04:35:03,2025-03-26 19:42:29
2496,PROD-02476,"Philips Smart TV 85"" 8K Master",Pantalla premium de máxima resolución con inteligencia artificial - Modelo 2023,2653.4,22,ACTIVE,2025-09-24 09:57:31,2025-10-04 21:39:45
2497,PROD-02477,"Philips Smart TV 55"" 4K QLED",Televisor QLED con tecnología Quantum Dot y diseño ultra fino - Modelo 2024,679.29,69,INACTIVE,2025-02-24 00:44:29,2025-03-17 20:23:47
2498,PROD-02478,"TCL Smart TV 50"" 4K Crystal",Pantalla UHD con procesador Crystal 4K y PurColor - Modelo 2025,449.46,18,INACTIVE,2025-11-03 02:12:06,2025-12-16 01:17:59
2499,PROD-02479,"Sony Smart TV 85"" 8K Master",Pantalla premium de máxima resolución con inteligencia artificial - Modelo 2026,2677.16,124,ACTIVE,2025-10-18 16:17:54,2025-11-16 10:32:59
2500,PROD-02480,"Philips Smart TV 50"" 4K Crystal",Pantalla UHD con procesador Crystal 4K y PurColor - Modelo 2023,524.92,5,DISCONTINUED,2025-07-05 20:07:04,2025-07-12 23:52:58
2501,PROD-02481,"LG Smart TV 40"" Full HD",Pantalla plana Full HD con puertos HDMI y USB multimedia - Modelo 2024,339.81,122,DISCONTINUED,2026-06-06 22:19:49,2026-07-07 10:09:25
2502,PROD-02482,"TCL Smart TV 75"" 4K Frameless",Televisor sin bordes de gran formato con panel LED avanzado - Modelo 2025,1313.87,120,ACTIVE,2026-05-02 16:52:03,2026-05-30 18:21:46
2503,PROD-02483,"TCL Smart TV 40"" Full HD",Pantalla plana Full HD con puertos HDMI y USB multimedia - Modelo 2026,373.36,97,ACTIVE,2026-08-09 10:01:04,2026-08-26 07:11:04
2504,PROD-02484,"LG Smart TV 32"" HD LED",Televisor LED HD con Roku integrado y sonido Dolby Audio - Modelo 2023,287.69,141,ACTIVE,2025-06-28 19:08:11,2025-07-08 15:46:33
2505,PROD-02485,"Hisense Smart TV 50"" 4K Crystal",Pantalla UHD con procesador Crystal 4K y PurColor - Modelo 2024,478.67,109,ACTIVE,2025-12-22 15:25:10,2026-01-10 20:22:18
2506,PROD-02486,"Sony Smart TV 55"" 4K QLED",Televisor QLED con tecnología Quantum Dot y diseño ultra fino - Modelo 2025,605.7,148,ACTIVE,2026-08-16 17:32:47,2026-09-11 05:08:36
2507,PROD-02487,"Sony Smart TV 55"" 4K QLED",Televisor QLED con tecnología Quantum Dot y diseño ultra fino - Modelo 2026,578.58,24,ACTIVE,2025-10-31 13:47:30,2025-11-20 16:04:36
2508,PROD-02488,"Sony Smart TV 40"" Full HD",Pantalla plana Full HD con puertos HDMI y USB multimedia - Modelo 2023,341.35,92,ACTIVE,2025-09-17 17:52:41,2025-10-30 11:02:47
2509,PROD-02489,"Samsung Smart TV 75"" 4K Frameless",Televisor sin bordes de gran formato con panel LED avanzado - Modelo 2024,1231.64,66,ACTIVE,2025-02-01 04:36:36,2025-03-06 15:20:01
2510,PROD-02490,"Xiaomi Smart TV 32"" HD LED",Televisor LED HD con Roku integrado y sonido Dolby Audio - Modelo 2025,241.13,105,DISCONTINUED,2025-03-08 03:27:21,2025-04-13 03:12:04
2511,PROD-02491,"Samsung Smart TV 50"" 4K Crystal",Pantalla UHD con procesador Crystal 4K y PurColor - Modelo 2026,550.24,124,ACTIVE,2025-08-07 17:16:09,2025-09-16 06:08:51
2512,PROD-02492,"LG Smart TV 75"" 4K Frameless",Televisor sin bordes de gran formato con panel LED avanzado - Modelo 2023,1268.73,146,ACTIVE,2025-02-26 19:43:29,2025-03-23 13:35:19
2513,PROD-02493,"Xiaomi Smart TV 32"" HD LED",Televisor LED HD con Roku integrado y sonido Dolby Audio - Modelo 2024,206.93,140,ACTIVE,2026-08-14 03:28:11,2026-09-06 00:27:39
2514,PROD-02494,"Xiaomi Smart TV 43"" 4K UHD",Televisor inteligente con HDR10+ y sistema operativo webOS - Modelo 2025,382.71,3,ACTIVE,2025-02-07 11:41:55,2025-03-11 08:31:43
2515,PROD-02495,"LG Smart TV 85"" 8K Master",Pantalla premium de máxima resolución con inteligencia artificial - Modelo 2026,2809.64,28,ACTIVE,2025-01-24 03:22:31,2025-03-05 22:51:28
2516,PROD-02496,"LG Smart TV 50"" 4K Crystal",Pantalla UHD con procesador Crystal 4K y PurColor - Modelo 2023,493.38,25,DISCONTINUED,2025-06-28 17:38:35,2025-07-14 06:12:49
2517,PROD-02497,"Xiaomi Smart TV 32"" HD LED",Televisor LED HD con Roku integrado y sonido Dolby Audio - Modelo 2024,237.7,86,ACTIVE,2025-04-25 19:48:29,2025-05-04 21:39:50
2518,PROD-02498,"Hisense Smart TV 65"" 4K UHD",Pantalla grande con Dolby Vision Atmos y control por voz - Modelo 2025,841.33,4,DISCONTINUED,2026-07-14 10:53:44,2026-07-23 20:34:55
2519,PROD-02499,"Xiaomi Smart TV 40"" Full HD",Pantalla plana Full HD con puertos HDMI y USB multimedia - Modelo 2026,282.25,110,DISCONTINUED,2026-05-10 11:40:50,2026-06-28 21:03:58
2520,PROD-02500,"LG Smart TV 85"" 8K Master",Pantalla premium de máxima resolución con inteligencia artificial - Modelo 2023,2834.55,66,ACTIVE,2026-08-23 01:57:04,2026-10-04 23:39:26
2521,PROD-02501,"Hisense Smart TV 43"" 4K UHD",Televisor inteligente con HDR10+ y sistema operativo webOS - Modelo 2024,421.72,80,ACTIVE,2025-06-25 05:52:36,2025-08-02 02:07:48
2522,PROD-02502,"Philips Smart TV 40"" Full HD",Pantalla plana Full HD con puertos HDMI y USB multimedia - Modelo 2025,339.46,82,ACTIVE,2025-05-24 14:49:17,2025-06-21 14:34:06
2523,PROD-02503,"Panasonic Smart TV 85"" 8K Master",Pantalla premium de máxima resolución con inteligencia artificial - Modelo 2026,2677.17,106,INACTIVE,2025-07-28 04:00:11,2025-07-29 12:05:55
2524,PROD-02504,"Panasonic Smart TV 85"" 8K Master",Pantalla premium de máxima resolución con inteligencia artificial - Modelo 2023,2672.95,142,DISCONTINUED,2026-02-08 04:32:35,2026-02-28 05:59:04
2525,PROD-02505,"Panasonic Smart TV 50"" 4K Crystal",Pantalla UHD con procesador Crystal 4K y PurColor - Modelo 2024,512.01,90,ACTIVE,2026-07-09 12:33:16,2026-08-25 16:37:59
2526,PROD-02506,"Hisense Smart TV 32"" HD LED",Televisor LED HD con Roku integrado y sonido Dolby Audio - Modelo 2025,259.54,5,DISCONTINUED,2025-04-24 16:31:54,2025-05-10 23:02:43
2527,PROD-02507,"Samsung Smart TV 65"" 4K UHD",Pantalla grande con Dolby Vision Atmos y control por voz - Modelo 2026,857.94,83,ACTIVE,2025-04-20 03:03:10,2025-05-20 05:05:46
2528,PROD-02508,"LG Smart TV 75"" 4K Frameless",Televisor sin bordes de gran formato con panel LED avanzado - Modelo 2023,1301.5,2,INACTIVE,2026-07-23 17:20:47,2026-08-06 20:49:35
2529,PROD-02509,"LG Smart TV 32"" HD LED",Televisor LED HD con Roku integrado y sonido Dolby Audio - Modelo 2024,278.56,18,ACTIVE,2025-06-11 11:19:24,2025-07-02 10:52:28
2530,PROD-02510,"Samsung Smart TV 55"" 4K QLED",Televisor QLED con tecnología Quantum Dot y diseño ultra fino - Modelo 2025,719.37,46,INACTIVE,2025-04-05 06:44:28,2025-05-07 13:41:45
2531,PROD-02511,"Philips Smart TV 40"" Full HD",Pantalla plana Full HD con puertos HDMI y USB multimedia - Modelo 2026,337.28,62,INACTIVE,2026-06-01 02:12:18,2026-07-10 17:07:40
2532,PROD-02512,"Xiaomi Smart TV 50"" 4K Crystal",Pantalla UHD con procesador Crystal 4K y PurColor - Modelo 2023,478.8,136,DISCONTINUED,2025-04-15 22:18:35,2025-05-29 03:18:59
2533,PROD-02513,"Hisense Smart TV 85"" 8K Master",Pantalla premium de máxima resolución con inteligencia artificial - Modelo 2024,2697.22,36,DISCONTINUED,2025-09-10 23:17:21,2025-10-30 16:53:11
2534,PROD-02514,"Samsung Smart TV 55"" 4K QLED",Televisor QLED con tecnología Quantum Dot y diseño ultra fino - Modelo 2025,555.67,88,ACTIVE,2025-05-16 15:36:03,2025-06-04 09:26:36
2535,PROD-02515,"Philips Smart TV 65"" 4K UHD",Pantalla grande con Dolby Vision Atmos y control por voz - Modelo 2026,861.53,63,ACTIVE,2026-06-26 18:54:25,2026-07-12 16:49:23
2536,PROD-02516,"Panasonic Smart TV 40"" Full HD",Pantalla plana Full HD con puertos HDMI y USB multimedia - Modelo 2023,335.49,143,ACTIVE,2025-09-28 21:27:00,2025-10-12 03:35:46
2537,PROD-02517,"Hisense Smart TV 75"" 4K Frameless",Televisor sin bordes de gran formato con panel LED avanzado - Modelo 2024,1336.42,16,ACTIVE,2025-05-03 01:11:21,2025-06-22 21:49:00
2538,PROD-02518,"LG Smart TV 32"" HD LED",Televisor LED HD con Roku integrado y sonido Dolby Audio - Modelo 2025,243.2,34,ACTIVE,2026-01-23 20:34:00,2026-01-26 16:43:37
2539,PROD-02519,"Samsung Smart TV 32"" HD LED",Televisor LED HD con Roku integrado y sonido Dolby Audio - Modelo 2026,239.67,27,ACTIVE,2025-01-24 09:02:27,2025-02-01 05:54:16
2540,PROD-02520,"TCL Smart TV 55"" 4K QLED",Televisor QLED con tecnología Quantum Dot y diseño ultra fino - Modelo 2023,653.37,120,ACTIVE,2025-03-16 07:18:16,2025-04-24 15:05:57
2541,PROD-02521,"Panasonic Smart TV 55"" 4K QLED",Televisor QLED con tecnología Quantum Dot y diseño ultra fino - Modelo 2024,606.77,59,ACTIVE,2025-11-19 02:13:32,2025-12-19 03:44:52
2542,PROD-02522,"TCL Smart TV 55"" 4K QLED",Televisor QLED con tecnología Quantum Dot y diseño ultra fino - Modelo 2025,595.15,24,ACTIVE,2025-08-22 20:18:50,2025-10-04 08:48:43
2543,PROD-02523,"LG Smart TV 43"" 4K UHD",Televisor inteligente con HDR10+ y sistema operativo webOS - Modelo 2026,387.57,18,ACTIVE,2025-06-12 10:56:09,2025-06-12 14:45:27
2544,PROD-02524,"Xiaomi Smart TV 55"" 4K QLED",Televisor QLED con tecnología Quantum Dot y diseño ultra fino - Modelo 2023,574.3,34,DISCONTINUED,2026-07-28 10:21:22,2026-08-13 11:10:04
2545,PROD-02525,"TCL Smart TV 85"" 8K Master",Pantalla premium de máxima resolución con inteligencia artificial - Modelo 2024,2879.06,77,DISCONTINUED,2025-10-30 12:16:55,2025-11-05 07:37:51
2546,PROD-02526,"Sony Smart TV 85"" 8K Master",Pantalla premium de máxima resolución con inteligencia artificial - Modelo 2025,2608.74,134,INACTIVE,2026-08-22 14:09:09,2026-08-29 11:38:06
2547,PROD-02527,"LG Smart TV 75"" 4K Frameless",Televisor sin bordes de gran formato con panel LED avanzado - Modelo 2026,1171.56,1,DISCONTINUED,2025-12-13 14:33:19,2025-12-31 18:30:39
2548,PROD-02528,"Samsung Smart TV 50"" 4K Crystal",Pantalla UHD con procesador Crystal 4K y PurColor - Modelo 2023,487.33,101,INACTIVE,2025-01-13 03:01:30,2025-02-19 20:08:21
2549,PROD-02529,"Philips Smart TV 65"" 4K UHD",Pantalla grande con Dolby Vision Atmos y control por voz - Modelo 2024,812.23,8,INACTIVE,2025-04-12 17:26:46,2025-05-19 03:10:34
2550,PROD-02530,"Samsung Smart TV 40"" Full HD",Pantalla plana Full HD con puertos HDMI y USB multimedia - Modelo 2025,278.43,126,ACTIVE,2026-07-25 19:48:22,2026-08-24 07:32:44
2551,PROD-02531,"Hisense Smart TV 55"" 4K QLED",Televisor QLED con tecnología Quantum Dot y diseño ultra fino - Modelo 2026,652.95,44,ACTIVE,2025-09-05 23:50:49,2025-10-14 00:57:34
2552,PROD-02532,"Sony Smart TV 85"" 8K Master",Pantalla premium de máxima resolución con inteligencia artificial - Modelo 2023,2647.53,139,ACTIVE,2025-12-30 03:02:02,2026-01-04 13:02:17
2553,PROD-02533,"Panasonic Smart TV 55"" 4K QLED",Televisor QLED con tecnología Quantum Dot y diseño ultra fino - Modelo 2024,686.32,37,ACTIVE,2025-09-17 05:21:59,2025-09-26 22:25:00
2554,PROD-02534,"Xiaomi Smart TV 65"" 4K UHD",Pantalla grande con Dolby Vision Atmos y control por voz - Modelo 2025,888.56,9,ACTIVE,2025-06-28 16:18:32,2025-08-18 01:27:35
2555,PROD-02535,"Hisense Smart TV 75"" 4K Frameless",Televisor sin bordes de gran formato con panel LED avanzado - Modelo 2026,1288.02,19,ACTIVE,2026-01-24 15:37:38,2026-02-27 04:42:04
2556,PROD-02536,"Panasonic Smart TV 55"" 4K QLED",Televisor QLED con tecnología Quantum Dot y diseño ultra fino - Modelo 2023,622.13,109,DISCONTINUED,2025-08-12 12:42:40,2025-09-30 22:18:51
2557,PROD-02537,"Sony Smart TV 40"" Full HD",Pantalla plana Full HD con puertos HDMI y USB multimedia - Modelo 2024,337.51,61,ACTIVE,2025-06-25 18:31:19,2025-07-25 19:10:33
2558,PROD-02538,"LG Smart TV 75"" 4K Frameless",Televisor sin bordes de gran formato con panel LED avanzado - Modelo 2025,1286.2,26,INACTIVE,2025-04-06 15:19:56,2025-05-12 14:15:03
2559,PROD-02539,"LG Smart TV 75"" 4K Frameless",Televisor sin bordes de gran formato con panel LED avanzado - Modelo 2026,1289.48,28,INACTIVE,2026-05-04 23:41:22,2026-06-14 15:11:50
2560,PROD-02540,"Sony Smart TV 40"" Full HD",Pantalla plana Full HD con puertos HDMI y USB multimedia - Modelo 2023,291.91,89,ACTIVE,2025-02-05 10:19:08,2025-03-16 06:17:29
2561,PROD-02541,"Panasonic Smart TV 75"" 4K Frameless",Televisor sin bordes de gran formato con panel LED avanzado - Modelo 2024,1276.3,106,DISCONTINUED,2025-10-03 18:24:07,2025-10-22 14:28:55
2562,PROD-02542,"Panasonic Smart TV 40"" Full HD",Pantalla plana Full HD con puertos HDMI y USB multimedia - Modelo 2025,291.38,85,ACTIVE,2025-01-12 01:21:13,2025-02-28 19:43:34
2563,PROD-02543,"TCL Smart TV 40"" Full HD",Pantalla plana Full HD con puertos HDMI y USB multimedia - Modelo 2026,356.29,12,ACTIVE,2025-06-22 22:16:13,2025-07-28 20:17:50
2564,PROD-02544,"Hisense Smart TV 65"" 4K UHD",Pantalla grande con Dolby Vision Atmos y control por voz - Modelo 2023,894.64,72,ACTIVE,2025-11-17 22:56:13,2025-12-07 22:49:26
2565,PROD-02545,"Panasonic Smart TV 85"" 8K Master",Pantalla premium de máxima resolución con inteligencia artificial - Modelo 2024,2789.31,58,ACTIVE,2026-07-29 13:52:02,2026-08-13 21:42:58
2566,PROD-02546,"Xiaomi Smart TV 40"" Full HD",Pantalla plana Full HD con puertos HDMI y USB multimedia - Modelo 2025,316.08,141,ACTIVE,2025-10-28 07:26:14,2025-12-12 20:11:41
2567,PROD-02547,"Xiaomi Smart TV 75"" 4K Frameless",Televisor sin bordes de gran formato con panel LED avanzado - Modelo 2026,1207.04,90,DISCONTINUED,2025-01-29 20:57:53,2025-03-01 05:47:33
2568,PROD-02548,"Panasonic Smart TV 85"" 8K Master",Pantalla premium de máxima resolución con inteligencia artificial - Modelo 2023,2771.07,11,ACTIVE,2025-11-24 14:30:32,2026-01-10 18:01:58
2569,PROD-02549,"TCL Smart TV 85"" 8K Master",Pantalla premium de máxima resolución con inteligencia artificial - Modelo 2024,2575.79,69,ACTIVE,2025-07-04 05:00:34,2025-07-19 14:51:33
2570,PROD-02550,"Panasonic Smart TV 55"" 4K QLED",Televisor QLED con tecnología Quantum Dot y diseño ultra fino - Modelo 2025,639.93,58,ACTIVE,2025-11-08 05:06:28,2025-12-28 08:49:28
2571,PROD-02551,"Philips Smart TV 55"" 4K QLED",Televisor QLED con tecnología Quantum Dot y diseño ultra fino - Modelo 2026,657.46,0,DISCONTINUED,2025-03-21 05:38:33,2025-04-15 07:53:24
2572,PROD-02552,"LG Smart TV 50"" 4K Crystal",Pantalla UHD con procesador Crystal 4K y PurColor - Modelo 2023,468.06,63,ACTIVE,2025-11-30 01:40:14,2025-12-09 11:40:56
2573,PROD-02553,"LG Smart TV 65"" 4K UHD",Pantalla grande con Dolby Vision Atmos y control por voz - Modelo 2024,835.89,70,DISCONTINUED,2026-06-27 06:01:55,2026-08-14 07:49:11
2574,PROD-02554,"Samsung Smart TV 85"" 8K Master",Pantalla premium de máxima resolución con inteligencia artificial - Modelo 2025,2775.12,147,ACTIVE,2025-08-21 12:18:34,2025-10-05 15:03:13
2575,PROD-02555,"Philips Smart TV 40"" Full HD",Pantalla plana Full HD con puertos HDMI y USB multimedia - Modelo 2026,306.37,48,ACTIVE,2025-03-03 21:22:17,2025-04-05 06:16:00
2576,PROD-02556,"Hisense Smart TV 40"" Full HD",Pantalla plana Full HD con puertos HDMI y USB multimedia - Modelo 2023,322.25,41,ACTIVE,2025-08-19 03:36:49,2025-09-08 22:09:11
2577,PROD-02557,"Samsung Smart TV 40"" Full HD",Pantalla plana Full HD con puertos HDMI y USB multimedia - Modelo 2024,299.89,42,ACTIVE,2026-03-04 01:22:21,2026-03-12 12:51:42
2578,PROD-02558,"Sony Smart TV 75"" 4K Frameless",Televisor sin bordes de gran formato con panel LED avanzado - Modelo 2025,1173.76,64,DISCONTINUED,2025-06-26 19:37:30,2025-07-05 07:32:04
2579,PROD-02559,"Hisense Smart TV 65"" 4K UHD",Pantalla grande con Dolby Vision Atmos y control por voz - Modelo 2026,900.25,23,ACTIVE,2025-06-09 20:34:40,2025-07-12 10:06:36
2580,PROD-02560,"Samsung Smart TV 85"" 8K Master",Pantalla premium de máxima resolución con inteligencia artificial - Modelo 2023,2907.76,48,ACTIVE,2025-05-11 10:36:09,2025-05-27 07:06:12
2581,PROD-02561,"Xiaomi Smart TV 85"" 8K Master",Pantalla premium de máxima resolución con inteligencia artificial - Modelo 2024,2867.58,92,ACTIVE,2025-07-22 14:27:38,2025-08-13 19:08:42
2582,PROD-02562,"Samsung Smart TV 40"" Full HD",Pantalla plana Full HD con puertos HDMI y USB multimedia - Modelo 2025,287.15,6,ACTIVE,2026-01-16 08:05:59,2026-02-15 17:42:51
2583,PROD-02563,"Panasonic Smart TV 85"" 8K Master",Pantalla premium de máxima resolución con inteligencia artificial - Modelo 2026,2856.28,137,ACTIVE,2025-11-05 12:35:51,2025-12-25 00:52:03
2584,PROD-02564,"Philips Smart TV 40"" Full HD",Pantalla plana Full HD con puertos HDMI y USB multimedia - Modelo 2023,297.42,88,ACTIVE,2025-03-23 04:52:45,2025-04-03 16:03:27
2585,PROD-02565,"Philips Smart TV 65"" 4K UHD",Pantalla grande con Dolby Vision Atmos y control por voz - Modelo 2024,871.07,150,DISCONTINUED,2026-01-28 07:15:19,2026-03-10 15:02:53
2586,PROD-02566,"Hisense Smart TV 85"" 8K Master",Pantalla premium de máxima resolución con inteligencia artificial - Modelo 2025,2704.55,85,INACTIVE,2025-09-06 19:39:55,2025-10-12 19:02:34
2587,PROD-02567,"TCL Smart TV 55"" 4K QLED",Televisor QLED con tecnología Quantum Dot y diseño ultra fino - Modelo 2026,640.9,116,ACTIVE,2026-05-12 16:39:43,2026-05-16 10:40:13
2588,PROD-02568,"Panasonic Smart TV 75"" 4K Frameless",Televisor sin bordes de gran formato con panel LED avanzado - Modelo 2023,1306.81,41,ACTIVE,2025-09-09 11:06:25,2025-10-23 12:50:33
2589,PROD-02569,"Xiaomi Smart TV 75"" 4K Frameless",Televisor sin bordes de gran formato con panel LED avanzado - Modelo 2024,1310.94,79,INACTIVE,2026-06-26 08:10:52,2026-07-31 09:23:52
2590,PROD-02570,"Hisense Smart TV 65"" 4K UHD",Pantalla grande con Dolby Vision Atmos y control por voz - Modelo 2025,917.34,3,ACTIVE,2026-07-01 05:21:27,2026-08-20 23:34:13
2591,PROD-02571,"Samsung Smart TV 43"" 4K UHD",Televisor inteligente con HDR10+ y sistema operativo webOS - Modelo 2026,462.45,123,DISCONTINUED,2026-04-12 17:55:00,2026-04-23 04:11:07
2592,PROD-02572,"Hisense Smart TV 75"" 4K Frameless",Televisor sin bordes de gran formato con panel LED avanzado - Modelo 2023,1150.22,117,DISCONTINUED,2025-06-09 02:31:14,2025-07-01 04:04:42
2593,PROD-02573,"TCL Smart TV 75"" 4K Frameless",Televisor sin bordes de gran formato con panel LED avanzado - Modelo 2024,1278.04,20,ACTIVE,2025-06-14 12:14:54,2025-06-20 11:43:23
2594,PROD-02574,"Philips Smart TV 75"" 4K Frameless",Televisor sin bordes de gran formato con panel LED avanzado - Modelo 2025,1214.92,123,ACTIVE,2025-04-13 19:36:56,2025-04-17 11:02:19
2595,PROD-02575,"Philips Smart TV 43"" 4K UHD",Televisor inteligente con HDR10+ y sistema operativo webOS - Modelo 2026,348.38,45,ACTIVE,2025-12-03 15:40:01,2025-12-24 14:35:02
2596,PROD-02576,"Panasonic Smart TV 40"" Full HD",Pantalla plana Full HD con puertos HDMI y USB multimedia - Modelo 2023,334.62,56,ACTIVE,2025-10-04 23:50:42,2025-10-27 22:02:51
2597,PROD-02577,"Samsung Smart TV 75"" 4K Frameless",Televisor sin bordes de gran formato con panel LED avanzado - Modelo 2024,1202.75,7,DISCONTINUED,2026-03-11 02:54:03,2026-03-30 22:02:41
2598,PROD-02578,"LG Smart TV 85"" 8K Master",Pantalla premium de máxima resolución con inteligencia artificial - Modelo 2025,2801.05,8,ACTIVE,2026-08-15 10:02:24,2026-09-21 00:12:02
2599,PROD-02579,"TCL Smart TV 75"" 4K Frameless",Televisor sin bordes de gran formato con panel LED avanzado - Modelo 2026,1384.71,66,ACTIVE,2025-12-20 14:36:20,2026-02-06 20:59:19
2600,PROD-02580,"Samsung Smart TV 85"" 8K Master",Pantalla premium de máxima resolución con inteligencia artificial - Modelo 2023,2960.05,72,DISCONTINUED,2026-05-02 16:54:05,2026-06-21 09:50:39
2601,PROD-02581,"Xiaomi Smart TV 43"" 4K UHD",Televisor inteligente con HDR10+ y sistema operativo webOS - Modelo 2024,475.42,125,INACTIVE,2025-05-14 09:51:45,2025-05-31 12:53:14
2602,PROD-02582,"TCL Smart TV 50"" 4K Crystal",Pantalla UHD con procesador Crystal 4K y PurColor - Modelo 2025,507.47,52,ACTIVE,2026-04-29 11:00:50,2026-05-18 03:51:49
2603,PROD-02583,"Samsung Smart TV 75"" 4K Frameless",Televisor sin bordes de gran formato con panel LED avanzado - Modelo 2026,1277.71,33,DISCONTINUED,2025-11-30 03:02:41,2025-12-28 03:01:45
2604,PROD-02584,"LG Smart TV 65"" 4K UHD",Pantalla grande con Dolby Vision Atmos y control por voz - Modelo 2023,908.33,35,ACTIVE,2026-07-04 15:33:56,2026-07-30 23:56:21
2605,PROD-02585,"Philips Smart TV 85"" 8K Master",Pantalla premium de máxima resolución con inteligencia artificial - Modelo 2024,2771.05,47,INACTIVE,2026-01-27 11:39:20,2026-03-05 01:36:56
2606,PROD-02586,"TCL Smart TV 75"" 4K Frameless",Televisor sin bordes de gran formato con panel LED avanzado - Modelo 2025,1181.97,105,DISCONTINUED,2025-01-16 04:47:51,2025-02-17 02:46:34
2607,PROD-02587,"Philips Smart TV 43"" 4K UHD",Televisor inteligente con HDR10+ y sistema operativo webOS - Modelo 2026,401.55,53,ACTIVE,2025-09-05 08:45:00,2025-09-16 22:43:08
2608,PROD-02588,"Samsung Smart TV 85"" 8K Master",Pantalla premium de máxima resolución con inteligencia artificial - Modelo 2023,2662.85,94,DISCONTINUED,2025-08-19 14:43:49,2025-10-02 18:40:53
2609,PROD-02589,"Samsung Smart TV 55"" 4K QLED",Televisor QLED con tecnología Quantum Dot y diseño ultra fino - Modelo 2024,592.47,106,DISCONTINUED,2025-08-21 09:58:54,2025-10-02 12:36:14
2610,PROD-02590,"Sony Smart TV 50"" 4K Crystal",Pantalla UHD con procesador Crystal 4K y PurColor - Modelo 2025,485.24,50,INACTIVE,2026-05-09 19:48:54,2026-06-01 06:56:20
2611,PROD-02591,"Sony Smart TV 65"" 4K UHD",Pantalla grande con Dolby Vision Atmos y control por voz - Modelo 2026,800.29,6,DISCONTINUED,2026-02-23 17:02:19,2026-03-29 04:13:58
2612,PROD-02592,"Panasonic Smart TV 65"" 4K UHD",Pantalla grande con Dolby Vision Atmos y control por voz - Modelo 2023,859.05,115,DISCONTINUED,2026-06-29 01:22:53,2026-06-29 21:09:37
2613,PROD-02593,"Philips Smart TV 65"" 4K UHD",Pantalla grande con Dolby Vision Atmos y control por voz - Modelo 2024,811.25,19,ACTIVE,2026-03-01 02:26:39,2026-04-15 19:01:27
2614,PROD-02594,"Samsung Smart TV 85"" 8K Master",Pantalla premium de máxima resolución con inteligencia artificial - Modelo 2025,2623.51,65,INACTIVE,2025-04-11 16:45:36,2025-04-20 09:25:34
2615,PROD-02595,"TCL Smart TV 85"" 8K Master",Pantalla premium de máxima resolución con inteligencia artificial - Modelo 2026,2984.2,125,ACTIVE,2026-02-23 18:11:13,2026-04-05 14:14:43
2616,PROD-02596,"Sony Smart TV 43"" 4K UHD",Televisor inteligente con HDR10+ y sistema operativo webOS - Modelo 2023,420.22,46,ACTIVE,2026-01-27 05:17:07,2026-02-18 10:56:30
2617,PROD-02597,"LG Smart TV 40"" Full HD",Pantalla plana Full HD con puertos HDMI y USB multimedia - Modelo 2024,324.33,50,DISCONTINUED,2026-02-09 15:50:27,2026-03-17 21:03:09
2618,PROD-02598,"Samsung Smart TV 40"" Full HD",Pantalla plana Full HD con puertos HDMI y USB multimedia - Modelo 2025,375.26,60,ACTIVE,2025-10-13 13:04:03,2025-10-23 02:24:22
2619,PROD-02599,"Hisense Smart TV 43"" 4K UHD",Televisor inteligente con HDR10+ y sistema operativo webOS - Modelo 2026,416.69,116,INACTIVE,2025-06-09 14:58:31,2025-07-25 10:01:01
2620,PROD-02600,"Panasonic Smart TV 32"" HD LED",Televisor LED HD con Roku integrado y sonido Dolby Audio - Modelo 2023,250.64,68,INACTIVE,2025-02-05 20:21:36,2025-03-02 08:05:31
2621,PROD-02601,"Hisense Smart TV 32"" HD LED",Televisor LED HD con Roku integrado y sonido Dolby Audio - Modelo 2024,290.02,8,ACTIVE,2025-11-22 15:00:04,2025-12-16 12:48:18
2622,PROD-02602,"Xiaomi Smart TV 32"" HD LED",Televisor LED HD con Roku integrado y sonido Dolby Audio - Modelo 2025,297.73,82,DISCONTINUED,2026-02-24 03:07:45,2026-03-26 19:14:59
2623,PROD-02603,"LG Smart TV 43"" 4K UHD",Televisor inteligente con HDR10+ y sistema operativo webOS - Modelo 2026,376.87,39,DISCONTINUED,2025-02-20 19:57:09,2025-04-05 23:31:04
2624,PROD-02604,"Philips Smart TV 50"" 4K Crystal",Pantalla UHD con procesador Crystal 4K y PurColor - Modelo 2023,554.09,100,DISCONTINUED,2025-01-20 01:57:18,2025-01-22 08:25:45
2625,PROD-02605,"Panasonic Smart TV 43"" 4K UHD",Televisor inteligente con HDR10+ y sistema operativo webOS - Modelo 2024,386.89,134,INACTIVE,2026-01-06 22:04:09,2026-02-09 00:47:01
2626,PROD-02606,"TCL Smart TV 65"" 4K UHD",Pantalla grande con Dolby Vision Atmos y control por voz - Modelo 2025,876.43,42,ACTIVE,2026-03-24 11:13:07,2026-05-11 00:25:46
2627,PROD-02607,"LG Smart TV 50"" 4K Crystal",Pantalla UHD con procesador Crystal 4K y PurColor - Modelo 2026,498.37,105,ACTIVE,2026-06-15 12:10:00,2026-07-25 20:03:47
2628,PROD-02608,"Panasonic Smart TV 40"" Full HD",Pantalla plana Full HD con puertos HDMI y USB multimedia - Modelo 2023,309.32,1,INACTIVE,2025-04-15 01:49:16,2025-05-04 23:03:56
2629,PROD-02609,"LG Smart TV 65"" 4K UHD",Pantalla grande con Dolby Vision Atmos y control por voz - Modelo 2024,816.74,77,INACTIVE,2026-06-22 11:21:31,2026-07-10 09:58:56
2630,PROD-02610,"Philips Smart TV 55"" 4K QLED",Televisor QLED con tecnología Quantum Dot y diseño ultra fino - Modelo 2025,634.4,130,ACTIVE,2025-08-16 06:33:29,2025-09-13 06:28:21
2631,PROD-02611,"Philips Smart TV 65"" 4K UHD",Pantalla grande con Dolby Vision Atmos y control por voz - Modelo 2026,815.18,43,ACTIVE,2025-05-23 15:55:43,2025-06-23 01:32:10
2632,PROD-02612,"Sony Smart TV 55"" 4K QLED",Televisor QLED con tecnología Quantum Dot y diseño ultra fino - Modelo 2023,640.16,102,ACTIVE,2025-07-25 22:36:50,2025-08-01 13:22:46
2633,PROD-02613,"LG Smart TV 55"" 4K QLED",Televisor QLED con tecnología Quantum Dot y diseño ultra fino - Modelo 2024,644.51,38,DISCONTINUED,2025-10-22 11:33:37,2025-12-07 02:50:53
2634,PROD-02614,"Xiaomi Smart TV 65"" 4K UHD",Pantalla grande con Dolby Vision Atmos y control por voz - Modelo 2025,795.53,83,INACTIVE,2025-02-25 19:01:13,2025-04-07 01:01:09
2635,PROD-02615,"TCL Smart TV 43"" 4K UHD",Televisor inteligente con HDR10+ y sistema operativo webOS - Modelo 2026,366.27,98,INACTIVE,2025-01-02 03:06:27,2025-01-12 12:52:35
2636,PROD-02616,"LG Smart TV 43"" 4K UHD",Televisor inteligente con HDR10+ y sistema operativo webOS - Modelo 2023,412.4,8,ACTIVE,2026-01-23 23:25:58,2026-01-30 07:29:08
2637,PROD-02617,"Samsung Smart TV 32"" HD LED",Televisor LED HD con Roku integrado y sonido Dolby Audio - Modelo 2024,217.7,110,INACTIVE,2026-07-05 13:26:38,2026-07-26 11:31:05
2638,PROD-02618,"Hisense Smart TV 75"" 4K Frameless",Televisor sin bordes de gran formato con panel LED avanzado - Modelo 2025,1302.35,104,ACTIVE,2025-10-01 21:27:47,2025-10-26 03:01:02
2639,PROD-02619,"Philips Smart TV 32"" HD LED",Televisor LED HD con Roku integrado y sonido Dolby Audio - Modelo 2026,278.86,77,DISCONTINUED,2026-05-05 10:02:07,2026-05-27 09:44:35
2640,PROD-02620,"Panasonic Smart TV 40"" Full HD",Pantalla plana Full HD con puertos HDMI y USB multimedia - Modelo 2023,321.52,95,ACTIVE,2026-04-13 13:16:12,2026-05-21 21:54:10
2641,PROD-02621,"Sony Smart TV 40"" Full HD",Pantalla plana Full HD con puertos HDMI y USB multimedia - Modelo 2024,385.9,133,INACTIVE,2025-05-16 05:17:44,2025-05-23 08:25:00
2642,PROD-02622,"Panasonic Smart TV 55"" 4K QLED",Televisor QLED con tecnología Quantum Dot y diseño ultra fino - Modelo 2025,673.45,100,ACTIVE,2026-01-18 06:12:15,2026-01-21 10:20:26
2643,PROD-02623,"Xiaomi Smart TV 55"" 4K QLED",Televisor QLED con tecnología Quantum Dot y diseño ultra fino - Modelo 2026,635.53,23,ACTIVE,2025-09-08 05:06:03,2025-09-13 19:06:09
2644,PROD-02624,"Hisense Smart TV 55"" 4K QLED",Televisor QLED con tecnología Quantum Dot y diseño ultra fino - Modelo 2023,607.73,53,ACTIVE,2025-10-10 20:26:50,2025-10-17 18:39:20
2645,PROD-02625,"LG Smart TV 55"" 4K QLED",Televisor QLED con tecnología Quantum Dot y diseño ultra fino - Modelo 2024,642.78,19,DISCONTINUED,2026-07-27 11:43:37,2026-08-24 11:18:45
2646,PROD-02626,"Philips Smart TV 40"" Full HD",Pantalla plana Full HD con puertos HDMI y USB multimedia - Modelo 2025,362.49,31,INACTIVE,2025-05-01 19:01:01,2025-06-04 03:00:33
2647,PROD-02627,"Sony Smart TV 65"" 4K UHD",Pantalla grande con Dolby Vision Atmos y control por voz - Modelo 2026,861.46,142,DISCONTINUED,2025-09-05 20:58:37,2025-10-22 03:55:30
2648,PROD-02628,"Hisense Smart TV 50"" 4K Crystal",Pantalla UHD con procesador Crystal 4K y PurColor - Modelo 2023,487.35,2,ACTIVE,2026-02-16 20:35:00,2026-03-26 14:15:50
2649,PROD-02629,"LG Smart TV 65"" 4K UHD",Pantalla grande con Dolby Vision Atmos y control por voz - Modelo 2024,902.58,142,ACTIVE,2025-03-13 08:17:33,2025-04-18 18:20:51
2650,PROD-02630,"LG Smart TV 85"" 8K Master",Pantalla premium de máxima resolución con inteligencia artificial - Modelo 2025,2897.98,43,DISCONTINUED,2025-09-14 12:25:32,2025-10-09 21:59:14
2651,PROD-02631,"Philips Smart TV 50"" 4K Crystal",Pantalla UHD con procesador Crystal 4K y PurColor - Modelo 2026,479.48,123,ACTIVE,2026-07-01 12:10:14,2026-07-11 04:33:41
2652,PROD-02632,"Xiaomi Smart TV 40"" Full HD",Pantalla plana Full HD con puertos HDMI y USB multimedia - Modelo 2023,293.45,143,ACTIVE,2026-03-03 00:44:18,2026-04-09 17:32:52
2653,PROD-02633,"LG Smart TV 65"" 4K UHD",Pantalla grande con Dolby Vision Atmos y control por voz - Modelo 2024,880.93,63,ACTIVE,2025-04-05 00:40:39,2025-04-26 08:30:16
2654,PROD-02634,"Sony Smart TV 32"" HD LED",Televisor LED HD con Roku integrado y sonido Dolby Audio - Modelo 2025,262.98,78,INACTIVE,2026-08-20 16:27:04,2026-08-24 03:50:20
2655,PROD-02635,"Hisense Smart TV 65"" 4K UHD",Pantalla grande con Dolby Vision Atmos y control por voz - Modelo 2026,887.19,62,DISCONTINUED,2025-06-14 18:59:16,2025-07-18 04:27:50
2656,PROD-02636,"TCL Smart TV 55"" 4K QLED",Televisor QLED con tecnología Quantum Dot y diseño ultra fino - Modelo 2023,655.38,36,ACTIVE,2025-03-02 02:48:48,2025-04-08 22:58:26
2657,PROD-02637,"Samsung Smart TV 75"" 4K Frameless",Televisor sin bordes de gran formato con panel LED avanzado - Modelo 2024,1309.68,11,ACTIVE,2026-03-28 04:58:24,2026-05-03 07:51:29
2658,PROD-02638,"Philips Smart TV 55"" 4K QLED",Televisor QLED con tecnología Quantum Dot y diseño ultra fino - Modelo 2025,624.15,57,INACTIVE,2025-11-09 04:22:45,2025-12-06 14:30:56
2659,PROD-02639,"LG Smart TV 55"" 4K QLED",Televisor QLED con tecnología Quantum Dot y diseño ultra fino - Modelo 2026,663.07,108,ACTIVE,2025-10-28 09:57:36,2025-11-08 13:29:55
2660,PROD-02640,"Samsung Smart TV 43"" 4K UHD",Televisor inteligente con HDR10+ y sistema operativo webOS - Modelo 2023,409.44,130,ACTIVE,2026-03-15 12:55:00,2026-04-23 12:15:16
2661,PROD-02641,"TCL Smart TV 43"" 4K UHD",Televisor inteligente con HDR10+ y sistema operativo webOS - Modelo 2024,466.09,56,INACTIVE,2026-01-04 04:30:35,2026-01-16 05:33:31
2662,PROD-02642,"Sony Smart TV 55"" 4K QLED",Televisor QLED con tecnología Quantum Dot y diseño ultra fino - Modelo 2025,614.22,37,ACTIVE,2025-08-04 03:36:13,2025-08-26 13:28:47
2663,PROD-02643,"LG Smart TV 65"" 4K UHD",Pantalla grande con Dolby Vision Atmos y control por voz - Modelo 2026,912.68,135,ACTIVE,2025-07-16 19:54:51,2025-08-11 02:21:12
2664,PROD-02644,"Hisense Smart TV 55"" 4K QLED",Televisor QLED con tecnología Quantum Dot y diseño ultra fino - Modelo 2023,651.44,83,ACTIVE,2026-04-23 12:07:58,2026-05-23 14:02:30
2665,PROD-02645,"Panasonic Smart TV 43"" 4K UHD",Televisor inteligente con HDR10+ y sistema operativo webOS - Modelo 2024,422.27,31,ACTIVE,2026-06-27 18:33:15,2026-08-07 15:06:26
2666,PROD-02646,"Sony Smart TV 50"" 4K Crystal",Pantalla UHD con procesador Crystal 4K y PurColor - Modelo 2025,513.05,93,ACTIVE,2025-09-04 09:08:24,2025-09-09 13:25:34
2667,PROD-02647,"Xiaomi Smart TV 65"" 4K UHD",Pantalla grande con Dolby Vision Atmos y control por voz - Modelo 2026,835.18,88,INACTIVE,2026-07-15 23:12:42,2026-07-29 06:00:58
2668,PROD-02648,"Sony Smart TV 65"" 4K UHD",Pantalla grande con Dolby Vision Atmos y control por voz - Modelo 2023,937.23,67,ACTIVE,2025-06-13 22:21:09,2025-06-29 01:30:27
2669,PROD-02649,"Samsung Smart TV 50"" 4K Crystal",Pantalla UHD con procesador Crystal 4K y PurColor - Modelo 2024,460.44,54,DISCONTINUED,2025-01-28 20:36:52,2025-02-01 20:42:55
2670,PROD-02650,"Xiaomi Smart TV 32"" HD LED",Televisor LED HD con Roku integrado y sonido Dolby Audio - Modelo 2025,258.56,117,INACTIVE,2025-05-17 20:31:52,2025-07-03 00:01:41
2671,PROD-02651,"Sony Smart TV 55"" 4K QLED",Televisor QLED con tecnología Quantum Dot y diseño ultra fino - Modelo 2026,605.89,34,INACTIVE,2026-05-08 06:44:33,2026-05-23 20:22:44
2672,PROD-02652,"TCL Smart TV 85"" 8K Master",Pantalla premium de máxima resolución con inteligencia artificial - Modelo 2023,2536.74,54,DISCONTINUED,2026-07-06 05:29:46,2026-07-09 00:20:07
2673,PROD-02653,"Hisense Smart TV 32"" HD LED",Televisor LED HD con Roku integrado y sonido Dolby Audio - Modelo 2024,255.46,30,ACTIVE,2025-07-15 17:06:50,2025-07-17 12:11:23
2674,PROD-02654,"Sony Smart TV 32"" HD LED",Televisor LED HD con Roku integrado y sonido Dolby Audio - Modelo 2025,294.4,124,ACTIVE,2025-10-25 06:34:51,2025-11-28 12:03:24
2675,PROD-02655,"Hisense Smart TV 43"" 4K UHD",Televisor inteligente con HDR10+ y sistema operativo webOS - Modelo 2026,440.47,31,ACTIVE,2025-02-04 11:46:39,2025-03-20 23:24:16
2676,PROD-02656,"Xiaomi Smart TV 50"" 4K Crystal",Pantalla UHD con procesador Crystal 4K y PurColor - Modelo 2023,500.82,91,DISCONTINUED,2025-06-16 13:30:24,2025-07-25 05:23:29
2677,PROD-02657,"Xiaomi Smart TV 43"" 4K UHD",Televisor inteligente con HDR10+ y sistema operativo webOS - Modelo 2024,436.53,16,DISCONTINUED,2025-02-01 16:11:28,2025-03-18 22:33:23
2678,PROD-02658,"Sony Smart TV 43"" 4K UHD",Televisor inteligente con HDR10+ y sistema operativo webOS - Modelo 2025,464.81,8,ACTIVE,2025-08-05 22:11:35,2025-08-13 19:58:43
2679,PROD-02659,"LG Smart TV 40"" Full HD",Pantalla plana Full HD con puertos HDMI y USB multimedia - Modelo 2026,340.03,87,ACTIVE,2026-05-21 18:19:04,2026-05-26 16:41:48
2680,PROD-02660,"Sony Smart TV 40"" Full HD",Pantalla plana Full HD con puertos HDMI y USB multimedia - Modelo 2023,341.54,46,ACTIVE,2026-02-06 08:29:33,2026-03-14 05:02:50
2681,PROD-02661,"Hisense Smart TV 85"" 8K Master",Pantalla premium de máxima resolución con inteligencia artificial - Modelo 2024,2981.41,37,ACTIVE,2026-06-17 10:32:12,2026-07-26 07:04:50
2682,PROD-02662,"Samsung Smart TV 32"" HD LED",Televisor LED HD con Roku integrado y sonido Dolby Audio - Modelo 2025,215.74,5,DISCONTINUED,2025-06-17 14:34:36,2025-07-14 13:17:32
2683,PROD-02663,"Panasonic Smart TV 40"" Full HD",Pantalla plana Full HD con puertos HDMI y USB multimedia - Modelo 2026,318.68,9,ACTIVE,2025-02-21 10:55:40,2025-03-20 03:59:16
2684,PROD-02664,"Xiaomi Smart TV 85"" 8K Master",Pantalla premium de máxima resolución con inteligencia artificial - Modelo 2023,2776.26,59,ACTIVE,2026-06-13 14:09:21,2026-06-25 18:25:14
2685,PROD-02665,"Panasonic Smart TV 40"" Full HD",Pantalla plana Full HD con puertos HDMI y USB multimedia - Modelo 2024,321.12,85,ACTIVE,2025-08-25 22:42:12,2025-10-10 01:49:52
2686,PROD-02666,"Xiaomi Smart TV 40"" Full HD",Pantalla plana Full HD con puertos HDMI y USB multimedia - Modelo 2025,300.07,36,ACTIVE,2025-10-02 13:15:58,2025-10-14 01:20:21
2687,PROD-02667,"Hisense Smart TV 50"" 4K Crystal",Pantalla UHD con procesador Crystal 4K y PurColor - Modelo 2026,428.29,85,DISCONTINUED,2025-11-05 15:39:56,2025-11-11 07:42:42
2688,PROD-02668,"Hisense Smart TV 32"" HD LED",Televisor LED HD con Roku integrado y sonido Dolby Audio - Modelo 2023,272.67,35,ACTIVE,2025-08-09 14:43:32,2025-09-11 17:38:39
2689,PROD-02669,"Xiaomi Smart TV 55"" 4K QLED",Televisor QLED con tecnología Quantum Dot y diseño ultra fino - Modelo 2024,635.67,10,ACTIVE,2025-05-14 23:24:07,2025-05-31 14:07:02
2690,PROD-02670,"Philips Smart TV 50"" 4K Crystal",Pantalla UHD con procesador Crystal 4K y PurColor - Modelo 2025,563.44,72,ACTIVE,2025-04-21 17:20:27,2025-04-22 14:08:55
2691,PROD-02671,"Hisense Smart TV 55"" 4K QLED",Televisor QLED con tecnología Quantum Dot y diseño ultra fino - Modelo 2026,626.82,92,ACTIVE,2025-09-17 19:40:52,2025-10-03 12:08:26
2692,PROD-02672,"Samsung Smart TV 55"" 4K QLED",Televisor QLED con tecnología Quantum Dot y diseño ultra fino - Modelo 2023,702.4,95,INACTIVE,2025-12-21 21:13:36,2026-02-01 10:04:50
2693,PROD-02673,"Panasonic Smart TV 40"" Full HD",Pantalla plana Full HD con puertos HDMI y USB multimedia - Modelo 2024,297.16,33,INACTIVE,2026-06-27 11:47:37,2026-07-23 12:34:44
2694,PROD-02674,"LG Smart TV 65"" 4K UHD",Pantalla grande con Dolby Vision Atmos y control por voz - Modelo 2025,893.05,32,ACTIVE,2025-11-20 06:49:53,2025-12-14 10:32:54
2695,PROD-02675,"Sony Smart TV 65"" 4K UHD",Pantalla grande con Dolby Vision Atmos y control por voz - Modelo 2026,889.57,42,DISCONTINUED,2025-09-03 11:48:10,2025-10-18 07:14:09
2696,PROD-02676,"Sony Smart TV 50"" 4K Crystal",Pantalla UHD con procesador Crystal 4K y PurColor - Modelo 2023,491.7,137,INACTIVE,2026-07-16 10:32:22,2026-08-02 17:30:56
2697,PROD-02677,"TCL Smart TV 75"" 4K Frameless",Televisor sin bordes de gran formato con panel LED avanzado - Modelo 2024,1180.96,144,ACTIVE,2026-04-05 16:03:00,2026-05-11 23:33:30
2698,PROD-02678,"Panasonic Smart TV 75"" 4K Frameless",Televisor sin bordes de gran formato con panel LED avanzado - Modelo 2025,1248.69,105,INACTIVE,2025-03-15 17:39:45,2025-04-02 19:54:13
2699,PROD-02679,"Hisense Smart TV 43"" 4K UHD",Televisor inteligente con HDR10+ y sistema operativo webOS - Modelo 2026,415.39,133,INACTIVE,2026-05-23 16:18:22,2026-06-29 23:52:52
2700,PROD-02680,"LG Smart TV 40"" Full HD",Pantalla plana Full HD con puertos HDMI y USB multimedia - Modelo 2023,292.11,89,ACTIVE,2026-02-15 06:10:33,2026-03-31 12:58:24
2701,PROD-02681,"Philips Smart TV 55"" 4K QLED",Televisor QLED con tecnología Quantum Dot y diseño ultra fino - Modelo 2024,705.23,86,ACTIVE,2025-09-29 07:46:01,2025-11-01 10:18:31
2702,PROD-02682,"Sony Smart TV 85"" 8K Master",Pantalla premium de máxima resolución con inteligencia artificial - Modelo 2025,2550.79,122,INACTIVE,2025-01-19 21:07:25,2025-01-29 16:09:37
2703,PROD-02683,"Xiaomi Smart TV 40"" Full HD",Pantalla plana Full HD con puertos HDMI y USB multimedia - Modelo 2026,328.82,87,ACTIVE,2026-07-18 04:01:04,2026-08-13 11:48:10
2704,PROD-02684,"Sony Smart TV 40"" Full HD",Pantalla plana Full HD con puertos HDMI y USB multimedia - Modelo 2023,310.01,128,INACTIVE,2025-04-16 08:58:02,2025-05-24 22:54:31
2705,PROD-02685,"Panasonic Smart TV 43"" 4K UHD",Televisor inteligente con HDR10+ y sistema operativo webOS - Modelo 2024,427.84,145,ACTIVE,2026-03-06 19:04:39,2026-04-12 05:27:56
2706,PROD-02686,"Samsung Smart TV 40"" Full HD",Pantalla plana Full HD con puertos HDMI y USB multimedia - Modelo 2025,377.63,73,INACTIVE,2025-08-31 23:27:47,2025-10-04 20:34:45
2707,PROD-02687,"Sony Smart TV 75"" 4K Frameless",Televisor sin bordes de gran formato con panel LED avanzado - Modelo 2026,1268.45,115,ACTIVE,2025-03-19 02:12:16,2025-04-16 14:54:01
2708,PROD-02688,"Hisense Smart TV 40"" Full HD",Pantalla plana Full HD con puertos HDMI y USB multimedia - Modelo 2023,343.78,5,DISCONTINUED,2025-08-21 02:11:42,2025-09-14 21:53:59
2709,PROD-02689,"Sony Smart TV 65"" 4K UHD",Pantalla grande con Dolby Vision Atmos y control por voz - Modelo 2024,813.75,73,DISCONTINUED,2025-08-29 03:16:23,2025-09-20 20:31:59
2710,PROD-02690,"TCL Smart TV 43"" 4K UHD",Televisor inteligente con HDR10+ y sistema operativo webOS - Modelo 2025,418.35,101,ACTIVE,2026-08-04 16:46:55,2026-09-23 05:36:24
2711,PROD-02691,"Xiaomi Smart TV 50"" 4K Crystal",Pantalla UHD con procesador Crystal 4K y PurColor - Modelo 2026,510.44,74,ACTIVE,2025-05-10 07:51:50,2025-06-20 12:43:02
2712,PROD-02692,"Panasonic Smart TV 75"" 4K Frameless",Televisor sin bordes de gran formato con panel LED avanzado - Modelo 2023,1288.24,29,ACTIVE,2026-04-06 17:46:05,2026-05-26 06:41:51
2713,PROD-02693,"Panasonic Smart TV 32"" HD LED",Televisor LED HD con Roku integrado y sonido Dolby Audio - Modelo 2024,214.88,112,ACTIVE,2025-09-11 09:18:01,2025-09-30 03:02:58
2714,PROD-02694,"Sony Smart TV 75"" 4K Frameless",Televisor sin bordes de gran formato con panel LED avanzado - Modelo 2025,1311.64,50,ACTIVE,2025-09-30 13:20:46,2025-10-09 15:35:22
2715,PROD-02695,"TCL Smart TV 85"" 8K Master",Pantalla premium de máxima resolución con inteligencia artificial - Modelo 2026,2735.7,1,INACTIVE,2025-10-09 18:25:41,2025-11-19 07:30:42
2716,PROD-02696,"Xiaomi Smart TV 75"" 4K Frameless",Televisor sin bordes de gran formato con panel LED avanzado - Modelo 2023,1277.77,125,INACTIVE,2025-03-19 02:38:22,2025-03-21 03:53:27
2717,PROD-02697,"Samsung Smart TV 75"" 4K Frameless",Televisor sin bordes de gran formato con panel LED avanzado - Modelo 2024,1321.25,73,ACTIVE,2025-11-22 05:14:59,2025-11-30 21:03:04
2718,PROD-02698,"Panasonic Smart TV 40"" Full HD",Pantalla plana Full HD con puertos HDMI y USB multimedia - Modelo 2025,262.51,101,ACTIVE,2025-09-12 07:49:51,2025-10-25 16:07:29
2719,PROD-02699,"Samsung Smart TV 32"" HD LED",Televisor LED HD con Roku integrado y sonido Dolby Audio - Modelo 2026,280.62,51,DISCONTINUED,2025-05-11 04:48:38,2025-06-11 22:48:39
2720,PROD-02700,"Sony Smart TV 40"" Full HD",Pantalla plana Full HD con puertos HDMI y USB multimedia - Modelo 2023,322.22,106,DISCONTINUED,2025-02-24 18:08:11,2025-03-16 05:16:08
2721,PROD-02701,"TCL Smart TV 55"" 4K QLED",Televisor QLED con tecnología Quantum Dot y diseño ultra fino - Modelo 2024,709.67,89,ACTIVE,2025-04-18 14:22:17,2025-05-13 00:52:33
2722,PROD-02702,"Hisense Smart TV 55"" 4K QLED",Televisor QLED con tecnología Quantum Dot y diseño ultra fino - Modelo 2025,640.46,91,ACTIVE,2025-12-25 12:04:33,2026-01-14 17:27:44
2723,PROD-02703,"Samsung Smart TV 50"" 4K Crystal",Pantalla UHD con procesador Crystal 4K y PurColor - Modelo 2026,501.01,62,ACTIVE,2025-07-18 08:51:56,2025-08-13 05:38:23
2724,PROD-02704,"TCL Smart TV 43"" 4K UHD",Televisor inteligente con HDR10+ y sistema operativo webOS - Modelo 2023,370.96,81,DISCONTINUED,2026-05-11 00:49:07,2026-05-24 21:42:20
2725,PROD-02705,"Xiaomi Smart TV 32"" HD LED",Televisor LED HD con Roku integrado y sonido Dolby Audio - Modelo 2024,228.59,101,ACTIVE,2026-04-05 19:30:28,2026-05-04 23:48:17
2726,PROD-02706,"Xiaomi Smart TV 43"" 4K UHD",Televisor inteligente con HDR10+ y sistema operativo webOS - Modelo 2025,420.48,131,INACTIVE,2025-12-23 17:51:24,2025-12-29 06:18:26
2727,PROD-02707,"Philips Smart TV 43"" 4K UHD",Televisor inteligente con HDR10+ y sistema operativo webOS - Modelo 2026,430.03,41,INACTIVE,2025-12-22 16:47:56,2025-12-25 10:15:12
2728,PROD-02708,"Philips Smart TV 85"" 8K Master",Pantalla premium de máxima resolución con inteligencia artificial - Modelo 2023,2960.27,20,DISCONTINUED,2026-03-13 08:05:00,2026-04-11 15:37:28
2729,PROD-02709,"TCL Smart TV 43"" 4K UHD",Televisor inteligente con HDR10+ y sistema operativo webOS - Modelo 2024,431.79,90,ACTIVE,2025-09-04 08:57:15,2025-09-11 22:19:35
2730,PROD-02710,"LG Smart TV 50"" 4K Crystal",Pantalla UHD con procesador Crystal 4K y PurColor - Modelo 2025,492.19,29,ACTIVE,2026-05-06 12:23:01,2026-05-22 19:31:32
2731,PROD-02711,"Xiaomi Smart TV 65"" 4K UHD",Pantalla grande con Dolby Vision Atmos y control por voz - Modelo 2026,935.06,71,ACTIVE,2025-06-10 11:38:41,2025-07-23 19:44:32
2732,PROD-02712,"Xiaomi Smart TV 32"" HD LED",Televisor LED HD con Roku integrado y sonido Dolby Audio - Modelo 2023,280.49,98,DISCONTINUED,2026-08-07 04:29:47,2026-08-24 00:43:33
2733,PROD-02713,"Panasonic Smart TV 50"" 4K Crystal",Pantalla UHD con procesador Crystal 4K y PurColor - Modelo 2024,436.58,40,ACTIVE,2025-06-24 02:17:04,2025-07-29 19:48:09
2734,PROD-02714,"TCL Smart TV 55"" 4K QLED",Televisor QLED con tecnología Quantum Dot y diseño ultra fino - Modelo 2025,604.79,92,INACTIVE,2025-02-20 17:20:40,2025-03-29 07:59:45
2735,PROD-02715,"LG Smart TV 40"" Full HD",Pantalla plana Full HD con puertos HDMI y USB multimedia - Modelo 2026,361.04,51,ACTIVE,2026-08-11 13:08:59,2026-08-25 17:44:58
2736,PROD-02716,"Hisense Smart TV 65"" 4K UHD",Pantalla grande con Dolby Vision Atmos y control por voz - Modelo 2023,960.56,46,ACTIVE,2025-07-30 00:01:38,2025-08-06 13:26:40
2737,PROD-02717,"Sony Smart TV 55"" 4K QLED",Televisor QLED con tecnología Quantum Dot y diseño ultra fino - Modelo 2024,658.84,77,INACTIVE,2025-05-11 12:03:35,2025-06-06 07:17:01
2738,PROD-02718,"TCL Smart TV 65"" 4K UHD",Pantalla grande con Dolby Vision Atmos y control por voz - Modelo 2025,910.34,43,INACTIVE,2025-05-12 07:52:50,2025-06-15 19:09:37
2739,PROD-02719,"Samsung Smart TV 32"" HD LED",Televisor LED HD con Roku integrado y sonido Dolby Audio - Modelo 2026,263.15,131,ACTIVE,2025-03-18 04:40:26,2025-03-26 10:56:34
2740,PROD-02720,"TCL Smart TV 75"" 4K Frameless",Televisor sin bordes de gran formato con panel LED avanzado - Modelo 2023,1187.96,54,INACTIVE,2025-02-11 14:33:14,2025-03-30 19:32:29
2741,PROD-02721,"Hisense Smart TV 40"" Full HD",Pantalla plana Full HD con puertos HDMI y USB multimedia - Modelo 2024,278.03,34,INACTIVE,2025-11-13 17:38:24,2025-12-14 03:07:01
2742,PROD-02722,"Philips Smart TV 50"" 4K Crystal",Pantalla UHD con procesador Crystal 4K y PurColor - Modelo 2025,534.13,10,ACTIVE,2025-01-30 10:54:45,2025-02-13 11:10:25
2743,PROD-02723,"LG Smart TV 55"" 4K QLED",Televisor QLED con tecnología Quantum Dot y diseño ultra fino - Modelo 2026,679.2,89,ACTIVE,2025-07-11 18:54:15,2025-07-29 11:55:54
2744,PROD-02724,"Xiaomi Smart TV 43"" 4K UHD",Televisor inteligente con HDR10+ y sistema operativo webOS - Modelo 2023,392.44,144,ACTIVE,2026-04-16 11:59:55,2026-05-24 21:05:43
2745,PROD-02725,"Philips Smart TV 85"" 8K Master",Pantalla premium de máxima resolución con inteligencia artificial - Modelo 2024,2863.89,9,INACTIVE,2026-05-22 10:35:41,2026-07-02 17:51:16
2746,PROD-02726,"Xiaomi Smart TV 85"" 8K Master",Pantalla premium de máxima resolución con inteligencia artificial - Modelo 2025,2844.98,11,ACTIVE,2025-08-29 22:13:33,2025-08-31 11:08:25
2747,PROD-02727,"TCL Smart TV 75"" 4K Frameless",Televisor sin bordes de gran formato con panel LED avanzado - Modelo 2026,1172.01,23,ACTIVE,2026-04-30 15:58:22,2026-06-19 01:47:36
2748,PROD-02728,"Philips Smart TV 43"" 4K UHD",Televisor inteligente con HDR10+ y sistema operativo webOS - Modelo 2023,393.65,107,INACTIVE,2025-09-01 06:07:05,2025-09-13 09:43:47
2749,PROD-02729,"Sony Smart TV 40"" Full HD",Pantalla plana Full HD con puertos HDMI y USB multimedia - Modelo 2024,268.14,81,INACTIVE,2026-06-29 18:27:55,2026-07-06 16:51:28
2750,PROD-02730,"Xiaomi Smart TV 85"" 8K Master",Pantalla premium de máxima resolución con inteligencia artificial - Modelo 2025,2554.07,123,ACTIVE,2026-08-23 09:37:12,2026-10-13 06:25:43
2751,PROD-02731,"Panasonic Smart TV 40"" Full HD",Pantalla plana Full HD con puertos HDMI y USB multimedia - Modelo 2026,289.81,80,ACTIVE,2026-04-14 02:22:23,2026-04-28 14:49:37
2752,PROD-02732,"Panasonic Smart TV 40"" Full HD",Pantalla plana Full HD con puertos HDMI y USB multimedia - Modelo 2023,315.1,59,INACTIVE,2025-01-29 20:09:44,2025-01-31 13:21:14
2753,PROD-02733,"Sony Smart TV 50"" 4K Crystal",Pantalla UHD con procesador Crystal 4K y PurColor - Modelo 2024,452.17,28,ACTIVE,2025-07-16 14:17:35,2025-07-29 20:38:15
2754,PROD-02734,"Samsung Smart TV 85"" 8K Master",Pantalla premium de máxima resolución con inteligencia artificial - Modelo 2025,2595.82,102,ACTIVE,2025-05-22 14:25:07,2025-06-24 01:42:08
2755,PROD-02735,"Sony Smart TV 55"" 4K QLED",Televisor QLED con tecnología Quantum Dot y diseño ultra fino - Modelo 2026,643.49,77,INACTIVE,2025-03-17 07:21:53,2025-03-22 07:19:15
2756,PROD-02736,"Sony Smart TV 32"" HD LED",Televisor LED HD con Roku integrado y sonido Dolby Audio - Modelo 2023,273.52,106,DISCONTINUED,2025-05-04 20:42:12,2025-06-06 00:25:22
2757,PROD-02737,"Hisense Smart TV 85"" 8K Master",Pantalla premium de máxima resolución con inteligencia artificial - Modelo 2024,2606.23,125,ACTIVE,2026-02-15 13:11:24,2026-03-01 10:43:46
2758,PROD-02738,"Philips Smart TV 50"" 4K Crystal",Pantalla UHD con procesador Crystal 4K y PurColor - Modelo 2025,508.11,74,DISCONTINUED,2025-07-10 23:38:24,2025-08-23 01:36:25
2759,PROD-02739,"Samsung Smart TV 50"" 4K Crystal",Pantalla UHD con procesador Crystal 4K y PurColor - Modelo 2026,460.14,132,ACTIVE,2025-09-21 01:22:00,2025-10-03 13:31:50
2760,PROD-02740,"Philips Smart TV 50"" 4K Crystal",Pantalla UHD con procesador Crystal 4K y PurColor - Modelo 2023,450.2,147,DISCONTINUED,2026-07-23 22:46:49,2026-08-01 04:14:34
2761,PROD-02741,"Panasonic Smart TV 50"" 4K Crystal",Pantalla UHD con procesador Crystal 4K y PurColor - Modelo 2024,479.48,40,ACTIVE,2026-04-06 09:18:36,2026-05-24 04:35:51
2762,PROD-02742,"Hisense Smart TV 43"" 4K UHD",Televisor inteligente con HDR10+ y sistema operativo webOS - Modelo 2025,410.29,147,DISCONTINUED,2025-02-06 04:19:44,2025-03-27 01:15:57
2763,PROD-02743,"TCL Smart TV 55"" 4K QLED",Televisor QLED con tecnología Quantum Dot y diseño ultra fino - Modelo 2026,693.61,58,DISCONTINUED,2025-09-09 04:34:45,2025-09-24 07:37:20
2764,PROD-02744,"LG Smart TV 32"" HD LED",Televisor LED HD con Roku integrado y sonido Dolby Audio - Modelo 2023,296.6,23,ACTIVE,2025-12-28 13:37:45,2026-02-08 23:43:18
2765,PROD-02745,"Xiaomi Smart TV 43"" 4K UHD",Televisor inteligente con HDR10+ y sistema operativo webOS - Modelo 2024,361.34,27,ACTIVE,2026-04-21 07:34:21,2026-05-02 17:26:23
2766,PROD-02746,"Samsung Smart TV 85"" 8K Master",Pantalla premium de máxima resolución con inteligencia artificial - Modelo 2025,2918.84,42,ACTIVE,2025-05-04 23:19:33,2025-05-07 18:03:48
2767,PROD-02747,"Sony Smart TV 50"" 4K Crystal",Pantalla UHD con procesador Crystal 4K y PurColor - Modelo 2026,488.09,61,INACTIVE,2025-10-05 17:47:56,2025-10-14 18:02:18
2768,PROD-02748,"LG Smart TV 85"" 8K Master",Pantalla premium de máxima resolución con inteligencia artificial - Modelo 2023,2893.37,11,ACTIVE,2026-07-30 00:16:06,2026-08-23 16:30:55
2769,PROD-02749,"TCL Smart TV 32"" HD LED",Televisor LED HD con Roku integrado y sonido Dolby Audio - Modelo 2024,236.92,3,INACTIVE,2025-07-09 17:29:05,2025-07-15 04:22:57
2770,PROD-02750,"Samsung Smart TV 55"" 4K QLED",Televisor QLED con tecnología Quantum Dot y diseño ultra fino - Modelo 2025,687.33,111,INACTIVE,2026-07-28 01:42:34,2026-07-30 10:10:39
2771,PROD-02751,"Philips Smart TV 50"" 4K Crystal",Pantalla UHD con procesador Crystal 4K y PurColor - Modelo 2026,561.9,137,ACTIVE,2025-08-23 15:39:02,2025-10-07 03:33:44
2772,PROD-02752,"Philips Smart TV 75"" 4K Frameless",Televisor sin bordes de gran formato con panel LED avanzado - Modelo 2023,1229.54,128,ACTIVE,2026-03-19 17:04:30,2026-03-26 07:53:06
2773,PROD-02753,"LG Smart TV 32"" HD LED",Televisor LED HD con Roku integrado y sonido Dolby Audio - Modelo 2024,286.58,62,ACTIVE,2025-12-27 14:42:22,2026-01-26 15:45:02
2774,PROD-02754,"Panasonic Smart TV 65"" 4K UHD",Pantalla grande con Dolby Vision Atmos y control por voz - Modelo 2025,835.58,127,ACTIVE,2025-04-04 22:17:56,2025-05-22 18:45:29
2775,PROD-02755,"Samsung Smart TV 32"" HD LED",Televisor LED HD con Roku integrado y sonido Dolby Audio - Modelo 2026,202.6,123,INACTIVE,2025-08-07 22:00:17,2025-08-15 12:02:19
2776,PROD-02756,"Philips Smart TV 43"" 4K UHD",Televisor inteligente con HDR10+ y sistema operativo webOS - Modelo 2023,369.11,32,ACTIVE,2026-02-10 00:54:31,2026-02-22 07:06:25
2777,PROD-02757,"Philips Smart TV 85"" 8K Master",Pantalla premium de máxima resolución con inteligencia artificial - Modelo 2024,2965.94,89,INACTIVE,2025-12-14 11:48:00,2025-12-16 19:51:27
2778,PROD-02758,"Xiaomi Smart TV 55"" 4K QLED",Televisor QLED con tecnología Quantum Dot y diseño ultra fino - Modelo 2025,642.39,138,ACTIVE,2025-05-10 02:15:47,2025-05-11 10:35:42
2779,PROD-02759,"Xiaomi Smart TV 50"" 4K Crystal",Pantalla UHD con procesador Crystal 4K y PurColor - Modelo 2026,510.77,95,ACTIVE,2025-10-04 11:55:45,2025-10-25 03:33:57
2780,PROD-02760,"Philips Smart TV 85"" 8K Master",Pantalla premium de máxima resolución con inteligencia artificial - Modelo 2023,2841.78,86,ACTIVE,2026-03-06 19:28:47,2026-03-16 11:36:09
2781,PROD-02761,"TCL Smart TV 40"" Full HD",Pantalla plana Full HD con puertos HDMI y USB multimedia - Modelo 2024,305.02,53,INACTIVE,2025-08-01 15:56:05,2025-08-30 05:24:11
2782,PROD-02762,"Hisense Smart TV 32"" HD LED",Televisor LED HD con Roku integrado y sonido Dolby Audio - Modelo 2025,232.16,34,ACTIVE,2025-11-09 15:36:31,2025-11-19 16:04:43
2783,PROD-02763,"TCL Smart TV 75"" 4K Frameless",Televisor sin bordes de gran formato con panel LED avanzado - Modelo 2026,1303.83,138,DISCONTINUED,2025-02-09 16:06:42,2025-02-27 23:08:42
2784,PROD-02764,"Panasonic Smart TV 65"" 4K UHD",Pantalla grande con Dolby Vision Atmos y control por voz - Modelo 2023,864.69,148,INACTIVE,2025-07-28 13:55:28,2025-09-09 12:02:13
2785,PROD-02765,"Xiaomi Smart TV 43"" 4K UHD",Televisor inteligente con HDR10+ y sistema operativo webOS - Modelo 2024,370.85,136,ACTIVE,2025-06-16 17:20:00,2025-07-04 14:29:26
2786,PROD-02766,"Xiaomi Smart TV 75"" 4K Frameless",Televisor sin bordes de gran formato con panel LED avanzado - Modelo 2025,1325.58,78,DISCONTINUED,2025-10-01 08:27:56,2025-11-14 06:03:05
2787,PROD-02767,"Samsung Smart TV 43"" 4K UHD",Televisor inteligente con HDR10+ y sistema operativo webOS - Modelo 2026,478.82,0,INACTIVE,2026-02-09 14:21:38,2026-03-21 10:53:28
2788,PROD-02768,"LG Smart TV 75"" 4K Frameless",Televisor sin bordes de gran formato con panel LED avanzado - Modelo 2023,1243.04,144,DISCONTINUED,2026-06-02 19:18:03,2026-07-15 06:10:44
2789,PROD-02769,"Panasonic Smart TV 75"" 4K Frameless",Televisor sin bordes de gran formato con panel LED avanzado - Modelo 2024,1293.43,109,ACTIVE,2026-04-02 22:28:11,2026-04-06 17:43:38
2790,PROD-02770,"Hisense Smart TV 65"" 4K UHD",Pantalla grande con Dolby Vision Atmos y control por voz - Modelo 2025,826.79,4,INACTIVE,2025-07-29 07:09:29,2025-08-09 13:07:46
2791,PROD-02771,"Sony Smart TV 65"" 4K UHD",Pantalla grande con Dolby Vision Atmos y control por voz - Modelo 2026,926.52,115,DISCONTINUED,2026-07-23 18:01:18,2026-08-09 19:35:32
2792,PROD-02772,"Sony Smart TV 50"" 4K Crystal",Pantalla UHD con procesador Crystal 4K y PurColor - Modelo 2023,452.18,100,DISCONTINUED,2026-03-26 17:53:16,2026-04-10 01:07:47
2793,PROD-02773,"Samsung Smart TV 85"" 8K Master",Pantalla premium de máxima resolución con inteligencia artificial - Modelo 2024,2609.95,69,ACTIVE,2026-04-24 06:09:50,2026-05-12 21:24:59
2794,PROD-02774,"Samsung Smart TV 85"" 8K Master",Pantalla premium de máxima resolución con inteligencia artificial - Modelo 2025,2660.35,143,INACTIVE,2026-01-20 15:39:44,2026-02-01 03:24:17
2795,PROD-02775,"Hisense Smart TV 43"" 4K UHD",Televisor inteligente con HDR10+ y sistema operativo webOS - Modelo 2026,423.87,129,INACTIVE,2025-05-29 10:56:50,2025-07-01 09:54:08
2796,PROD-02776,"Xiaomi Smart TV 65"" 4K UHD",Pantalla grande con Dolby Vision Atmos y control por voz - Modelo 2023,898.06,5,ACTIVE,2025-07-11 18:23:41,2025-07-21 02:48:54
2797,PROD-02777,"TCL Smart TV 85"" 8K Master",Pantalla premium de máxima resolución con inteligencia artificial - Modelo 2024,2815.0,126,INACTIVE,2026-07-08 10:59:52,2026-07-30 23:38:16
2798,PROD-02778,"LG Smart TV 43"" 4K UHD",Televisor inteligente con HDR10+ y sistema operativo webOS - Modelo 2025,402.99,79,INACTIVE,2025-03-21 05:41:36,2025-04-19 08:25:57
2799,PROD-02779,"LG Smart TV 75"" 4K Frameless",Televisor sin bordes de gran formato con panel LED avanzado - Modelo 2026,1190.06,79,ACTIVE,2026-04-08 20:07:39,2026-05-06 03:46:15
2800,PROD-02780,"Panasonic Smart TV 32"" HD LED",Televisor LED HD con Roku integrado y sonido Dolby Audio - Modelo 2023,206.23,37,DISCONTINUED,2025-09-03 05:51:39,2025-09-27 00:26:29
2801,PROD-02781,"LG Smart TV 43"" 4K UHD",Televisor inteligente con HDR10+ y sistema operativo webOS - Modelo 2024,406.27,1,ACTIVE,2026-07-21 20:59:59,2026-08-17 19:56:27
2802,PROD-02782,"Hisense Smart TV 32"" HD LED",Televisor LED HD con Roku integrado y sonido Dolby Audio - Modelo 2025,200.07,137,DISCONTINUED,2026-01-21 11:41:27,2026-02-10 23:03:52
2803,PROD-02783,"Panasonic Smart TV 43"" 4K UHD",Televisor inteligente con HDR10+ y sistema operativo webOS - Modelo 2026,379.08,7,ACTIVE,2026-05-28 01:38:25,2026-07-11 12:29:09
2804,PROD-02784,"Panasonic Smart TV 32"" HD LED",Televisor LED HD con Roku integrado y sonido Dolby Audio - Modelo 2023,225.24,106,DISCONTINUED,2026-01-29 03:40:36,2026-02-22 06:25:47
2805,PROD-02785,"Xiaomi Smart TV 40"" Full HD",Pantalla plana Full HD con puertos HDMI y USB multimedia - Modelo 2024,295.5,87,ACTIVE,2025-07-22 06:45:54,2025-09-07 19:02:50
2806,PROD-02786,"Hisense Smart TV 40"" Full HD",Pantalla plana Full HD con puertos HDMI y USB multimedia - Modelo 2025,314.6,111,INACTIVE,2025-10-07 00:01:34,2025-11-14 07:45:30
2807,PROD-02787,"TCL Smart TV 75"" 4K Frameless",Televisor sin bordes de gran formato con panel LED avanzado - Modelo 2026,1361.5,39,ACTIVE,2025-09-12 12:02:13,2025-10-23 05:00:33
2808,PROD-02788,"Hisense Smart TV 50"" 4K Crystal",Pantalla UHD con procesador Crystal 4K y PurColor - Modelo 2023,505.02,23,INACTIVE,2026-06-19 22:08:32,2026-08-07 19:24:12
2809,PROD-02789,"Panasonic Smart TV 32"" HD LED",Televisor LED HD con Roku integrado y sonido Dolby Audio - Modelo 2024,284.71,60,ACTIVE,2025-10-12 11:34:54,2025-11-25 01:40:44
2810,PROD-02790,"Panasonic Smart TV 43"" 4K UHD",Televisor inteligente con HDR10+ y sistema operativo webOS - Modelo 2025,421.84,107,ACTIVE,2025-01-03 02:37:11,2025-01-07 23:01:15
2811,PROD-02791,"Hisense Smart TV 32"" HD LED",Televisor LED HD con Roku integrado y sonido Dolby Audio - Modelo 2026,205.31,147,ACTIVE,2025-08-31 23:36:59,2025-09-15 15:39:58
2812,PROD-02792,"LG Smart TV 43"" 4K UHD",Televisor inteligente con HDR10+ y sistema operativo webOS - Modelo 2023,450.4,111,ACTIVE,2026-07-06 18:34:17,2026-08-08 02:50:02
2813,PROD-02793,"LG Smart TV 65"" 4K UHD",Pantalla grande con Dolby Vision Atmos y control por voz - Modelo 2024,864.82,26,ACTIVE,2026-02-07 15:55:12,2026-03-21 07:25:27
2814,PROD-02794,"Philips Smart TV 85"" 8K Master",Pantalla premium de máxima resolución con inteligencia artificial - Modelo 2025,2776.42,110,ACTIVE,2025-01-11 07:08:33,2025-02-27 13:10:32
2815,PROD-02795,"Sony Smart TV 75"" 4K Frameless",Televisor sin bordes de gran formato con panel LED avanzado - Modelo 2026,1144.18,44,DISCONTINUED,2025-01-14 03:24:05,2025-02-20 18:18:23
2816,PROD-02796,"Hisense Smart TV 40"" Full HD",Pantalla plana Full HD con puertos HDMI y USB multimedia - Modelo 2023,339.81,23,ACTIVE,2026-03-08 15:16:49,2026-03-27 22:05:28
2817,PROD-02797,"Sony Smart TV 40"" Full HD",Pantalla plana Full HD con puertos HDMI y USB multimedia - Modelo 2024,296.13,50,ACTIVE,2026-07-08 16:45:07,2026-08-17 09:43:05
2818,PROD-02798,"Philips Smart TV 43"" 4K UHD",Televisor inteligente con HDR10+ y sistema operativo webOS - Modelo 2025,401.72,11,ACTIVE,2025-08-04 08:03:39,2025-08-16 21:44:30
2819,PROD-02799,"Samsung Smart TV 40"" Full HD",Pantalla plana Full HD con puertos HDMI y USB multimedia - Modelo 2026,366.82,14,DISCONTINUED,2025-05-12 22:49:13,2025-06-04 05:41:03
2820,PROD-02800,"LG Smart TV 75"" 4K Frameless",Televisor sin bordes de gran formato con panel LED avanzado - Modelo 2023,1199.81,50,INACTIVE,2026-03-18 12:52:51,2026-04-18 05:00:14
2821,PROD-02801,"LG Smart TV 32"" HD LED",Televisor LED HD con Roku integrado y sonido Dolby Audio - Modelo 2024,256.44,65,ACTIVE,2025-06-16 17:08:04,2025-07-30 22:31:50
2822,PROD-02802,"Samsung Smart TV 85"" 8K Master",Pantalla premium de máxima resolución con inteligencia artificial - Modelo 2025,2792.14,43,DISCONTINUED,2025-08-14 04:10:00,2025-09-07 01:36:39
2823,PROD-02803,"LG Smart TV 43"" 4K UHD",Televisor inteligente con HDR10+ y sistema operativo webOS - Modelo 2026,362.76,53,ACTIVE,2026-04-23 09:10:15,2026-05-11 01:49:08
2824,PROD-02804,"Samsung Smart TV 75"" 4K Frameless",Televisor sin bordes de gran formato con panel LED avanzado - Modelo 2023,1308.0,50,DISCONTINUED,2025-02-02 19:33:21,2025-02-14 09:32:55
2825,PROD-02805,"TCL Smart TV 55"" 4K QLED",Televisor QLED con tecnología Quantum Dot y diseño ultra fino - Modelo 2024,603.93,17,ACTIVE,2025-07-13 13:48:01,2025-08-16 03:00:46
2826,PROD-02806,"Panasonic Smart TV 32"" HD LED",Televisor LED HD con Roku integrado y sonido Dolby Audio - Modelo 2025,205.71,23,DISCONTINUED,2026-05-14 08:12:07,2026-05-28 01:38:53
2827,PROD-02807,"Philips Smart TV 50"" 4K Crystal",Pantalla UHD con procesador Crystal 4K y PurColor - Modelo 2026,490.52,89,ACTIVE,2025-05-18 00:16:38,2025-06-04 16:30:22
2828,PROD-02808,"Hisense Smart TV 65"" 4K UHD",Pantalla grande con Dolby Vision Atmos y control por voz - Modelo 2023,913.34,47,ACTIVE,2026-01-17 01:36:45,2026-02-06 20:08:48
2829,PROD-02809,"Hisense Smart TV 50"" 4K Crystal",Pantalla UHD con procesador Crystal 4K y PurColor - Modelo 2024,468.07,7,ACTIVE,2026-04-18 22:32:38,2026-04-27 19:38:57
2830,PROD-02810,"Xiaomi Smart TV 65"" 4K UHD",Pantalla grande con Dolby Vision Atmos y control por voz - Modelo 2025,882.29,44,ACTIVE,2025-11-16 03:00:04,2025-12-30 01:08:46
2831,PROD-02811,"Xiaomi Smart TV 43"" 4K UHD",Televisor inteligente con HDR10+ y sistema operativo webOS - Modelo 2026,467.27,131,INACTIVE,2026-01-25 03:43:16,2026-03-14 12:06:14
2832,PROD-02812,"Sony Smart TV 75"" 4K Frameless",Televisor sin bordes de gran formato con panel LED avanzado - Modelo 2023,1206.23,121,ACTIVE,2026-05-07 02:53:05,2026-06-13 02:00:27
2833,PROD-02813,"Philips Smart TV 65"" 4K UHD",Pantalla grande con Dolby Vision Atmos y control por voz - Modelo 2024,897.39,45,INACTIVE,2026-08-01 14:27:44,2026-08-09 19:15:02
2834,PROD-02814,"Sony Smart TV 50"" 4K Crystal",Pantalla UHD con procesador Crystal 4K y PurColor - Modelo 2025,505.12,148,ACTIVE,2025-12-15 03:46:16,2026-01-09 07:55:27
2835,PROD-02815,"Panasonic Smart TV 55"" 4K QLED",Televisor QLED con tecnología Quantum Dot y diseño ultra fino - Modelo 2026,667.11,147,ACTIVE,2025-05-21 16:32:10,2025-06-16 04:14:00
2836,PROD-02816,"TCL Smart TV 75"" 4K Frameless",Televisor sin bordes de gran formato con panel LED avanzado - Modelo 2023,1276.51,9,INACTIVE,2025-08-29 14:34:10,2025-09-13 07:46:45
2837,PROD-02817,"Xiaomi Smart TV 75"" 4K Frameless",Televisor sin bordes de gran formato con panel LED avanzado - Modelo 2024,1321.01,44,ACTIVE,2026-07-15 22:23:12,2026-08-30 01:56:43
2838,PROD-02818,"LG Smart TV 43"" 4K UHD",Televisor inteligente con HDR10+ y sistema operativo webOS - Modelo 2025,416.82,5,ACTIVE,2026-08-07 01:35:48,2026-09-23 08:37:55
2839,PROD-02819,"Hisense Smart TV 55"" 4K QLED",Televisor QLED con tecnología Quantum Dot y diseño ultra fino - Modelo 2026,688.61,71,ACTIVE,2025-01-16 11:15:18,2025-02-27 07:53:39
2840,PROD-02820,"Samsung Smart TV 65"" 4K UHD",Pantalla grande con Dolby Vision Atmos y control por voz - Modelo 2023,846.22,55,ACTIVE,2026-06-30 11:16:46,2026-08-18 08:31:19
2841,PROD-02821,"Philips Smart TV 75"" 4K Frameless",Televisor sin bordes de gran formato con panel LED avanzado - Modelo 2024,1204.6,111,INACTIVE,2026-03-22 03:55:37,2026-05-09 12:35:24
2842,PROD-02822,"LG Smart TV 43"" 4K UHD",Televisor inteligente con HDR10+ y sistema operativo webOS - Modelo 2025,461.54,90,ACTIVE,2026-05-01 16:12:31,2026-05-14 10:37:45
2843,PROD-02823,"Sony Smart TV 75"" 4K Frameless",Televisor sin bordes de gran formato con panel LED avanzado - Modelo 2026,1227.8,104,ACTIVE,2026-05-23 10:03:19,2026-05-28 07:10:17
2844,PROD-02824,"Panasonic Smart TV 50"" 4K Crystal",Pantalla UHD con procesador Crystal 4K y PurColor - Modelo 2023,504.36,135,ACTIVE,2026-01-31 00:53:25,2026-02-11 01:45:33
2845,PROD-02825,"Panasonic Smart TV 43"" 4K UHD",Televisor inteligente con HDR10+ y sistema operativo webOS - Modelo 2024,387.82,125,INACTIVE,2026-01-15 05:14:33,2026-01-20 11:39:57
2846,PROD-02826,"Sony Smart TV 55"" 4K QLED",Televisor QLED con tecnología Quantum Dot y diseño ultra fino - Modelo 2025,608.97,57,INACTIVE,2026-02-11 02:54:38,2026-03-04 11:37:02
2847,PROD-02827,"Samsung Smart TV 50"" 4K Crystal",Pantalla UHD con procesador Crystal 4K y PurColor - Modelo 2026,459.79,27,INACTIVE,2025-12-19 23:50:14,2025-12-21 02:34:37
2848,PROD-02828,"Samsung Smart TV 50"" 4K Crystal",Pantalla UHD con procesador Crystal 4K y PurColor - Modelo 2023,458.31,94,INACTIVE,2026-04-12 01:29:09,2026-05-10 04:42:56
2849,PROD-02829,"Hisense Smart TV 55"" 4K QLED",Televisor QLED con tecnología Quantum Dot y diseño ultra fino - Modelo 2024,590.95,136,ACTIVE,2025-04-24 23:50:16,2025-06-08 00:16:04
2850,PROD-02830,"Xiaomi Smart TV 55"" 4K QLED",Televisor QLED con tecnología Quantum Dot y diseño ultra fino - Modelo 2025,663.51,138,ACTIVE,2026-04-17 04:51:38,2026-04-30 18:48:51
2851,PROD-02831,"Sony Smart TV 55"" 4K QLED",Televisor QLED con tecnología Quantum Dot y diseño ultra fino - Modelo 2026,638.04,32,ACTIVE,2026-02-22 16:12:55,2026-04-08 09:58:52
2852,PROD-02832,"LG Smart TV 43"" 4K UHD",Televisor inteligente con HDR10+ y sistema operativo webOS - Modelo 2023,355.95,64,ACTIVE,2026-04-17 19:14:55,2026-05-19 15:29:21
2853,PROD-02833,"Philips Smart TV 65"" 4K UHD",Pantalla grande con Dolby Vision Atmos y control por voz - Modelo 2024,912.89,84,DISCONTINUED,2025-04-14 04:34:05,2025-05-25 13:14:52
2854,PROD-02834,"Xiaomi Smart TV 75"" 4K Frameless",Televisor sin bordes de gran formato con panel LED avanzado - Modelo 2025,1165.93,141,ACTIVE,2026-06-18 09:56:04,2026-07-02 01:53:50
2855,PROD-02835,"Xiaomi Smart TV 43"" 4K UHD",Televisor inteligente con HDR10+ y sistema operativo webOS - Modelo 2026,402.76,65,ACTIVE,2026-05-22 04:09:12,2026-05-29 21:07:41
2856,PROD-02836,"LG Smart TV 32"" HD LED",Televisor LED HD con Roku integrado y sonido Dolby Audio - Modelo 2023,275.62,121,ACTIVE,2026-03-31 21:28:41,2026-05-03 19:43:44
2857,PROD-02837,"Sony Smart TV 40"" Full HD",Pantalla plana Full HD con puertos HDMI y USB multimedia - Modelo 2024,292.53,46,ACTIVE,2025-08-03 08:01:25,2025-08-13 03:15:19
2858,PROD-02838,"Samsung Smart TV 65"" 4K UHD",Pantalla grande con Dolby Vision Atmos y control por voz - Modelo 2025,909.61,3,ACTIVE,2025-06-11 03:47:55,2025-07-20 20:01:18
2859,PROD-02839,"Sony Smart TV 75"" 4K Frameless",Televisor sin bordes de gran formato con panel LED avanzado - Modelo 2026,1251.74,61,ACTIVE,2025-08-22 14:42:21,2025-08-28 16:35:13
2860,PROD-02840,"Xiaomi Smart TV 55"" 4K QLED",Televisor QLED con tecnología Quantum Dot y diseño ultra fino - Modelo 2023,653.05,98,DISCONTINUED,2026-08-21 23:48:43,2026-08-22 05:33:36
2861,PROD-02841,"Xiaomi Smart TV 75"" 4K Frameless",Televisor sin bordes de gran formato con panel LED avanzado - Modelo 2024,1286.58,118,DISCONTINUED,2025-12-16 11:34:05,2026-01-14 11:56:05
2862,PROD-02842,"LG Smart TV 50"" 4K Crystal",Pantalla UHD con procesador Crystal 4K y PurColor - Modelo 2025,505.15,122,ACTIVE,2025-10-18 00:22:01,2025-12-06 04:45:08
2863,PROD-02843,"Philips Smart TV 85"" 8K Master",Pantalla premium de máxima resolución con inteligencia artificial - Modelo 2026,2822.04,88,DISCONTINUED,2025-02-27 22:26:26,2025-03-19 01:50:53
2864,PROD-02844,"LG Smart TV 55"" 4K QLED",Televisor QLED con tecnología Quantum Dot y diseño ultra fino - Modelo 2023,642.42,107,ACTIVE,2025-09-25 06:36:15,2025-10-30 21:13:53
2865,PROD-02845,"Panasonic Smart TV 55"" 4K QLED",Televisor QLED con tecnología Quantum Dot y diseño ultra fino - Modelo 2024,674.53,101,ACTIVE,2025-12-24 01:57:08,2026-01-20 15:34:37
2866,PROD-02846,"Panasonic Smart TV 75"" 4K Frameless",Televisor sin bordes de gran formato con panel LED avanzado - Modelo 2025,1203.1,52,ACTIVE,2026-06-01 01:31:32,2026-06-22 03:02:32
2867,PROD-02847,"Sony Smart TV 50"" 4K Crystal",Pantalla UHD con procesador Crystal 4K y PurColor - Modelo 2026,424.31,74,ACTIVE,2026-07-30 20:44:31,2026-09-09 21:15:08
2868,PROD-02848,"Hisense Smart TV 75"" 4K Frameless",Televisor sin bordes de gran formato con panel LED avanzado - Modelo 2023,1251.1,146,DISCONTINUED,2025-04-15 15:54:41,2025-05-23 15:26:50
2869,PROD-02849,"Xiaomi Smart TV 65"" 4K UHD",Pantalla grande con Dolby Vision Atmos y control por voz - Modelo 2024,854.55,1,INACTIVE,2026-08-18 07:40:57,2026-08-19 08:50:31
2870,PROD-02850,"Panasonic Smart TV 32"" HD LED",Televisor LED HD con Roku integrado y sonido Dolby Audio - Modelo 2025,266.81,0,DISCONTINUED,2025-01-22 17:44:36,2025-02-08 22:43:23
2871,PROD-02851,"LG Smart TV 85"" 8K Master",Pantalla premium de máxima resolución con inteligencia artificial - Modelo 2026,2897.94,135,ACTIVE,2026-01-26 05:26:04,2026-03-07 14:59:54
2872,PROD-02852,"LG Smart TV 85"" 8K Master",Pantalla premium de máxima resolución con inteligencia artificial - Modelo 2023,2746.99,18,ACTIVE,2025-12-15 13:46:26,2026-01-01 00:00:05
2873,PROD-02853,"Hisense Smart TV 55"" 4K QLED",Televisor QLED con tecnología Quantum Dot y diseño ultra fino - Modelo 2024,635.49,67,INACTIVE,2026-06-14 20:18:07,2026-08-02 11:12:19
2874,PROD-02854,"TCL Smart TV 65"" 4K UHD",Pantalla grande con Dolby Vision Atmos y control por voz - Modelo 2025,832.6,85,DISCONTINUED,2026-05-12 12:09:49,2026-06-10 10:41:08
2875,PROD-02855,"Panasonic Smart TV 50"" 4K Crystal",Pantalla UHD con procesador Crystal 4K y PurColor - Modelo 2026,500.53,110,ACTIVE,2025-09-06 17:47:59,2025-09-26 22:54:08
2876,PROD-02856,"Samsung Smart TV 32"" HD LED",Televisor LED HD con Roku integrado y sonido Dolby Audio - Modelo 2023,272.23,58,ACTIVE,2025-08-10 14:01:39,2025-09-14 10:19:55
2877,PROD-02857,"Philips Smart TV 85"" 8K Master",Pantalla premium de máxima resolución con inteligencia artificial - Modelo 2024,2803.41,70,ACTIVE,2025-10-14 04:03:47,2025-11-10 20:40:20
2878,PROD-02858,"TCL Smart TV 40"" Full HD",Pantalla plana Full HD con puertos HDMI y USB multimedia - Modelo 2025,320.58,93,ACTIVE,2026-08-13 22:03:04,2026-08-16 08:20:36
2879,PROD-02859,"Philips Smart TV 55"" 4K QLED",Televisor QLED con tecnología Quantum Dot y diseño ultra fino - Modelo 2026,652.79,86,ACTIVE,2025-09-06 16:08:46,2025-10-05 14:11:44
2880,PROD-02860,"Sony Smart TV 32"" HD LED",Televisor LED HD con Roku integrado y sonido Dolby Audio - Modelo 2023,291.28,54,INACTIVE,2026-07-01 19:42:19,2026-07-05 08:38:37
2881,PROD-02861,"Samsung Smart TV 50"" 4K Crystal",Pantalla UHD con procesador Crystal 4K y PurColor - Modelo 2024,536.04,0,ACTIVE,2026-07-17 21:45:43,2026-07-27 03:16:09
2882,PROD-02862,"Xiaomi Smart TV 43"" 4K UHD",Televisor inteligente con HDR10+ y sistema operativo webOS - Modelo 2025,420.25,145,ACTIVE,2025-05-21 13:00:30,2025-07-02 04:56:29
2883,PROD-02863,"LG Smart TV 40"" Full HD",Pantalla plana Full HD con puertos HDMI y USB multimedia - Modelo 2026,324.89,100,DISCONTINUED,2026-02-10 10:39:57,2026-02-13 00:18:23
2884,PROD-02864,"Samsung Smart TV 50"" 4K Crystal",Pantalla UHD con procesador Crystal 4K y PurColor - Modelo 2023,481.77,109,ACTIVE,2026-01-02 08:20:14,2026-01-17 16:42:06
2885,PROD-02865,"Sony Smart TV 65"" 4K UHD",Pantalla grande con Dolby Vision Atmos y control por voz - Modelo 2024,904.84,52,ACTIVE,2025-10-13 18:21:43,2025-12-03 12:28:29
2886,PROD-02866,"Panasonic Smart TV 50"" 4K Crystal",Pantalla UHD con procesador Crystal 4K y PurColor - Modelo 2025,473.5,104,ACTIVE,2025-10-26 22:04:07,2025-12-06 15:54:17
2887,PROD-02867,"Panasonic Smart TV 43"" 4K UHD",Televisor inteligente con HDR10+ y sistema operativo webOS - Modelo 2026,372.7,150,ACTIVE,2026-07-03 01:14:48,2026-08-10 01:24:15
2888,PROD-02868,"LG Smart TV 85"" 8K Master",Pantalla premium de máxima resolución con inteligencia artificial - Modelo 2023,2648.9,11,ACTIVE,2025-02-08 14:28:32,2025-03-20 06:39:38
2889,PROD-02869,"Sony Smart TV 43"" 4K UHD",Televisor inteligente con HDR10+ y sistema operativo webOS - Modelo 2024,378.42,47,DISCONTINUED,2026-04-02 07:14:40,2026-04-15 12:13:18
2890,PROD-02870,"LG Smart TV 32"" HD LED",Televisor LED HD con Roku integrado y sonido Dolby Audio - Modelo 2025,256.77,7,DISCONTINUED,2025-01-29 01:39:41,2025-03-09 00:40:32
2891,PROD-02871,"Panasonic Smart TV 85"" 8K Master",Pantalla premium de máxima resolución con inteligencia artificial - Modelo 2026,2985.03,62,ACTIVE,2025-06-11 17:24:34,2025-06-17 21:09:38
2892,PROD-02872,"TCL Smart TV 40"" Full HD",Pantalla plana Full HD con puertos HDMI y USB multimedia - Modelo 2023,339.82,24,ACTIVE,2026-05-14 09:44:44,2026-06-05 07:23:30
2893,PROD-02873,"Sony Smart TV 65"" 4K UHD",Pantalla grande con Dolby Vision Atmos y control por voz - Modelo 2024,782.59,89,ACTIVE,2025-02-14 23:20:57,2025-02-26 15:20:22
2894,PROD-02874,"Samsung Smart TV 32"" HD LED",Televisor LED HD con Roku integrado y sonido Dolby Audio - Modelo 2025,224.18,108,ACTIVE,2026-01-18 00:36:07,2026-02-08 02:44:18
2895,PROD-02875,"Sony Smart TV 43"" 4K UHD",Televisor inteligente con HDR10+ y sistema operativo webOS - Modelo 2026,429.1,57,ACTIVE,2025-04-26 21:00:32,2025-05-20 07:53:15
2896,PROD-02876,"Panasonic Smart TV 43"" 4K UHD",Televisor inteligente con HDR10+ y sistema operativo webOS - Modelo 2023,443.52,121,ACTIVE,2025-02-02 16:02:39,2025-03-08 10:08:10
2897,PROD-02877,"Sony Smart TV 43"" 4K UHD",Televisor inteligente con HDR10+ y sistema operativo webOS - Modelo 2024,413.13,140,ACTIVE,2025-08-16 20:57:22,2025-08-23 19:12:15
2898,PROD-02878,"Hisense Smart TV 75"" 4K Frameless",Televisor sin bordes de gran formato con panel LED avanzado - Modelo 2025,1296.21,142,ACTIVE,2025-07-12 12:45:47,2025-08-20 04:40:27
2899,PROD-02879,"Xiaomi Smart TV 40"" Full HD",Pantalla plana Full HD con puertos HDMI y USB multimedia - Modelo 2026,350.35,78,ACTIVE,2025-07-13 12:47:54,2025-07-19 15:09:56
2900,PROD-02880,"Philips Smart TV 75"" 4K Frameless",Televisor sin bordes de gran formato con panel LED avanzado - Modelo 2023,1233.71,73,ACTIVE,2025-10-26 14:45:35,2025-12-08 03:22:45
2901,PROD-02881,"Hisense Smart TV 55"" 4K QLED",Televisor QLED con tecnología Quantum Dot y diseño ultra fino - Modelo 2024,670.89,44,ACTIVE,2025-05-26 22:12:50,2025-07-14 01:39:38
2902,PROD-02882,"LG Smart TV 40"" Full HD",Pantalla plana Full HD con puertos HDMI y USB multimedia - Modelo 2025,343.68,89,ACTIVE,2025-01-23 10:35:58,2025-02-13 02:23:55
2903,PROD-02883,"TCL Smart TV 50"" 4K Crystal",Pantalla UHD con procesador Crystal 4K y PurColor - Modelo 2026,444.64,54,ACTIVE,2025-08-24 11:26:26,2025-08-27 23:39:38
2904,PROD-02884,"TCL Smart TV 55"" 4K QLED",Televisor QLED con tecnología Quantum Dot y diseño ultra fino - Modelo 2023,620.34,34,DISCONTINUED,2026-01-19 07:31:08,2026-01-23 02:30:17
2905,PROD-02885,"Hisense Smart TV 32"" HD LED",Televisor LED HD con Roku integrado y sonido Dolby Audio - Modelo 2024,195.57,58,ACTIVE,2026-03-06 02:08:35,2026-04-06 15:00:34
2906,PROD-02886,"Xiaomi Smart TV 40"" Full HD",Pantalla plana Full HD con puertos HDMI y USB multimedia - Modelo 2025,363.07,21,INACTIVE,2025-07-31 09:55:56,2025-08-14 19:38:04
2907,PROD-02887,"Sony Smart TV 75"" 4K Frameless",Televisor sin bordes de gran formato con panel LED avanzado - Modelo 2026,1168.44,87,DISCONTINUED,2025-02-21 14:06:28,2025-03-15 05:10:33
2908,PROD-02888,"Philips Smart TV 50"" 4K Crystal",Pantalla UHD con procesador Crystal 4K y PurColor - Modelo 2023,459.89,53,ACTIVE,2025-05-23 19:05:32,2025-07-08 11:33:51
2909,PROD-02889,"Samsung Smart TV 43"" 4K UHD",Televisor inteligente con HDR10+ y sistema operativo webOS - Modelo 2024,473.7,30,ACTIVE,2026-06-14 14:54:37,2026-07-29 17:47:48
2910,PROD-02890,"Panasonic Smart TV 75"" 4K Frameless",Televisor sin bordes de gran formato con panel LED avanzado - Modelo 2025,1227.75,45,DISCONTINUED,2026-07-02 02:55:38,2026-08-04 10:01:56
2911,PROD-02891,"Sony Smart TV 40"" Full HD",Pantalla plana Full HD con puertos HDMI y USB multimedia - Modelo 2026,325.59,74,ACTIVE,2025-06-05 11:25:57,2025-07-25 14:50:17
2912,PROD-02892,"Philips Smart TV 85"" 8K Master",Pantalla premium de máxima resolución con inteligencia artificial - Modelo 2023,2739.08,45,ACTIVE,2025-07-11 02:45:03,2025-08-06 23:56:25
2913,PROD-02893,"TCL Smart TV 65"" 4K UHD",Pantalla grande con Dolby Vision Atmos y control por voz - Modelo 2024,893.74,65,DISCONTINUED,2025-08-15 19:46:42,2025-09-07 21:25:10
2914,PROD-02894,"Hisense Smart TV 55"" 4K QLED",Televisor QLED con tecnología Quantum Dot y diseño ultra fino - Modelo 2025,607.72,42,INACTIVE,2025-10-23 16:43:32,2025-11-21 10:03:42
2915,PROD-02895,"TCL Smart TV 32"" HD LED",Televisor LED HD con Roku integrado y sonido Dolby Audio - Modelo 2026,239.5,133,ACTIVE,2026-05-21 05:30:36,2026-06-16 13:00:37
2916,PROD-02896,"Sony Smart TV 43"" 4K UHD",Televisor inteligente con HDR10+ y sistema operativo webOS - Modelo 2023,378.0,11,INACTIVE,2025-04-21 23:29:06,2025-05-15 08:58:33
2917,PROD-02897,"Panasonic Smart TV 32"" HD LED",Televisor LED HD con Roku integrado y sonido Dolby Audio - Modelo 2024,258.08,126,ACTIVE,2026-03-12 15:02:07,2026-04-16 05:30:58
2918,PROD-02898,"Sony Smart TV 75"" 4K Frameless",Televisor sin bordes de gran formato con panel LED avanzado - Modelo 2025,1264.35,107,DISCONTINUED,2025-01-06 15:49:10,2025-02-05 07:00:08
2919,PROD-02899,"Samsung Smart TV 65"" 4K UHD",Pantalla grande con Dolby Vision Atmos y control por voz - Modelo 2026,904.29,74,ACTIVE,2026-03-17 23:21:32,2026-05-07 00:52:12
2920,PROD-02900,"Sony Smart TV 50"" 4K Crystal",Pantalla UHD con procesador Crystal 4K y PurColor - Modelo 2023,500.94,105,ACTIVE,2025-05-24 05:04:50,2025-06-12 21:37:06
2921,PROD-02901,"Philips Smart TV 65"" 4K UHD",Pantalla grande con Dolby Vision Atmos y control por voz - Modelo 2024,864.74,121,ACTIVE,2025-12-15 06:25:06,2025-12-31 04:44:39
2922,PROD-02902,"LG Smart TV 43"" 4K UHD",Televisor inteligente con HDR10+ y sistema operativo webOS - Modelo 2025,425.64,61,ACTIVE,2026-08-02 01:27:12,2026-08-11 18:42:35
2923,PROD-02903,"Panasonic Smart TV 75"" 4K Frameless",Televisor sin bordes de gran formato con panel LED avanzado - Modelo 2026,1183.4,118,ACTIVE,2025-08-03 17:33:28,2025-08-17 16:37:04
2924,PROD-02904,"Xiaomi Smart TV 43"" 4K UHD",Televisor inteligente con HDR10+ y sistema operativo webOS - Modelo 2023,426.19,30,INACTIVE,2025-04-01 23:23:54,2025-05-12 10:17:14
2925,PROD-02905,"Philips Smart TV 40"" Full HD",Pantalla plana Full HD con puertos HDMI y USB multimedia - Modelo 2024,284.23,8,DISCONTINUED,2025-01-04 10:39:43,2025-01-21 13:56:01
2926,PROD-02906,"TCL Smart TV 32"" HD LED",Televisor LED HD con Roku integrado y sonido Dolby Audio - Modelo 2025,238.29,147,INACTIVE,2026-05-10 20:52:26,2026-06-11 15:59:33
2927,PROD-02907,"Xiaomi Smart TV 43"" 4K UHD",Televisor inteligente con HDR10+ y sistema operativo webOS - Modelo 2026,444.06,149,DISCONTINUED,2025-09-13 12:31:12,2025-10-18 06:25:31
2928,PROD-02908,"Philips Smart TV 40"" Full HD",Pantalla plana Full HD con puertos HDMI y USB multimedia - Modelo 2023,336.09,48,ACTIVE,2025-05-05 03:02:53,2025-05-30 05:51:26
2929,PROD-02909,"Sony Smart TV 43"" 4K UHD",Televisor inteligente con HDR10+ y sistema operativo webOS - Modelo 2024,366.9,90,INACTIVE,2025-02-10 03:16:52,2025-02-14 05:29:10
2930,PROD-02910,"Xiaomi Smart TV 32"" HD LED",Televisor LED HD con Roku integrado y sonido Dolby Audio - Modelo 2025,241.61,88,INACTIVE,2025-10-25 14:25:14,2025-11-04 15:04:07
2931,PROD-02911,"Sony Smart TV 40"" Full HD",Pantalla plana Full HD con puertos HDMI y USB multimedia - Modelo 2026,326.88,49,DISCONTINUED,2026-06-25 08:16:46,2026-07-04 10:47:04
2932,PROD-02912,"Philips Smart TV 75"" 4K Frameless",Televisor sin bordes de gran formato con panel LED avanzado - Modelo 2023,1218.75,46,ACTIVE,2025-08-01 04:55:35,2025-08-12 08:09:54
2933,PROD-02913,"Philips Smart TV 65"" 4K UHD",Pantalla grande con Dolby Vision Atmos y control por voz - Modelo 2024,807.42,89,ACTIVE,2025-03-31 11:41:19,2025-04-01 11:32:37
2934,PROD-02914,"Panasonic Smart TV 50"" 4K Crystal",Pantalla UHD con procesador Crystal 4K y PurColor - Modelo 2025,531.65,102,INACTIVE,2025-03-27 03:51:04,2025-05-04 18:01:51
2935,PROD-02915,"TCL Smart TV 85"" 8K Master",Pantalla premium de máxima resolución con inteligencia artificial - Modelo 2026,2604.7,37,ACTIVE,2025-12-21 02:48:48,2026-02-02 03:51:59
2936,PROD-02916,"Panasonic Smart TV 85"" 8K Master",Pantalla premium de máxima resolución con inteligencia artificial - Modelo 2023,2888.35,88,DISCONTINUED,2025-06-21 00:05:25,2025-07-28 01:18:40
2937,PROD-02917,"Philips Smart TV 65"" 4K UHD",Pantalla grande con Dolby Vision Atmos y control por voz - Modelo 2024,904.77,90,INACTIVE,2026-07-09 09:36:06,2026-07-22 15:17:03
2938,PROD-02918,"Xiaomi Smart TV 55"" 4K QLED",Televisor QLED con tecnología Quantum Dot y diseño ultra fino - Modelo 2025,677.56,77,ACTIVE,2026-05-18 13:23:25,2026-05-30 12:37:35
2939,PROD-02919,"LG Smart TV 40"" Full HD",Pantalla plana Full HD con puertos HDMI y USB multimedia - Modelo 2026,338.77,43,DISCONTINUED,2026-02-28 12:33:59,2026-03-03 02:33:59
2940,PROD-02920,"TCL Smart TV 50"" 4K Crystal",Pantalla UHD con procesador Crystal 4K y PurColor - Modelo 2023,431.68,117,ACTIVE,2025-03-28 09:10:48,2025-04-07 16:22:35
2941,PROD-02921,"Xiaomi Smart TV 75"" 4K Frameless",Televisor sin bordes de gran formato con panel LED avanzado - Modelo 2024,1283.03,122,ACTIVE,2025-04-08 10:26:29,2025-04-16 14:54:39
2942,PROD-02922,"Samsung Smart TV 75"" 4K Frameless",Televisor sin bordes de gran formato con panel LED avanzado - Modelo 2025,1244.34,36,DISCONTINUED,2025-01-18 22:59:42,2025-02-26 01:40:40
2943,PROD-02923,"Hisense Smart TV 43"" 4K UHD",Televisor inteligente con HDR10+ y sistema operativo webOS - Modelo 2026,441.38,84,DISCONTINUED,2025-04-01 11:48:11,2025-04-06 12:58:40
2944,PROD-02924,"Samsung Smart TV 55"" 4K QLED",Televisor QLED con tecnología Quantum Dot y diseño ultra fino - Modelo 2023,709.64,9,ACTIVE,2026-08-13 04:30:01,2026-08-28 23:35:19
2945,PROD-02925,"Hisense Smart TV 85"" 8K Master",Pantalla premium de máxima resolución con inteligencia artificial - Modelo 2024,2737.39,119,ACTIVE,2025-09-16 05:37:35,2025-10-05 07:36:41
2946,PROD-02926,"Philips Smart TV 75"" 4K Frameless",Televisor sin bordes de gran formato con panel LED avanzado - Modelo 2025,1336.23,80,ACTIVE,2026-02-22 06:47:39,2026-04-13 11:31:15
2947,PROD-02927,"Samsung Smart TV 43"" 4K UHD",Televisor inteligente con HDR10+ y sistema operativo webOS - Modelo 2026,431.77,62,ACTIVE,2025-10-15 17:50:46,2025-11-15 16:58:49
2948,PROD-02928,"Panasonic Smart TV 75"" 4K Frameless",Televisor sin bordes de gran formato con panel LED avanzado - Modelo 2023,1306.07,12,ACTIVE,2026-07-27 12:45:54,2026-09-12 04:51:10
2949,PROD-02929,"LG Smart TV 65"" 4K UHD",Pantalla grande con Dolby Vision Atmos y control por voz - Modelo 2024,877.47,46,DISCONTINUED,2026-07-08 09:03:52,2026-08-14 05:45:24
2950,PROD-02930,"Samsung Smart TV 85"" 8K Master",Pantalla premium de máxima resolución con inteligencia artificial - Modelo 2025,2838.56,21,ACTIVE,2025-01-12 17:23:29,2025-02-23 13:01:45
2951,PROD-02931,"Hisense Smart TV 75"" 4K Frameless",Televisor sin bordes de gran formato con panel LED avanzado - Modelo 2026,1247.25,90,ACTIVE,2026-02-01 14:42:35,2026-03-19 05:51:02
2952,PROD-02932,"TCL Smart TV 55"" 4K QLED",Televisor QLED con tecnología Quantum Dot y diseño ultra fino - Modelo 2023,656.96,84,ACTIVE,2025-11-01 22:13:22,2025-11-12 22:14:05
2953,PROD-02933,"LG Smart TV 32"" HD LED",Televisor LED HD con Roku integrado y sonido Dolby Audio - Modelo 2024,243.07,58,ACTIVE,2025-06-23 05:20:02,2025-07-27 19:11:02
2954,PROD-02934,"Samsung Smart TV 85"" 8K Master",Pantalla premium de máxima resolución con inteligencia artificial - Modelo 2025,2883.24,78,ACTIVE,2026-08-18 03:33:48,2026-09-06 11:22:20
2955,PROD-02935,"Hisense Smart TV 40"" Full HD",Pantalla plana Full HD con puertos HDMI y USB multimedia - Modelo 2026,304.8,123,INACTIVE,2025-06-04 05:51:35,2025-07-15 05:24:59
2956,PROD-02936,"Samsung Smart TV 43"" 4K UHD",Televisor inteligente con HDR10+ y sistema operativo webOS - Modelo 2023,385.53,123,DISCONTINUED,2026-02-02 04:13:08,2026-02-07 05:55:33
2957,PROD-02937,"Xiaomi Smart TV 55"" 4K QLED",Televisor QLED con tecnología Quantum Dot y diseño ultra fino - Modelo 2024,603.29,108,ACTIVE,2025-12-25 06:24:29,2026-02-02 07:06:22
2958,PROD-02938,"Samsung Smart TV 50"" 4K Crystal",Pantalla UHD con procesador Crystal 4K y PurColor - Modelo 2025,495.0,117,ACTIVE,2026-06-17 21:20:31,2026-07-10 04:01:12
2959,PROD-02939,"Panasonic Smart TV 75"" 4K Frameless",Televisor sin bordes de gran formato con panel LED avanzado - Modelo 2026,1195.76,80,INACTIVE,2025-05-27 08:35:54,2025-06-26 04:49:59
2960,PROD-02940,"Philips Smart TV 40"" Full HD",Pantalla plana Full HD con puertos HDMI y USB multimedia - Modelo 2023,276.55,141,ACTIVE,2025-12-19 17:25:07,2026-01-10 00:31:42
2961,PROD-02941,"Sony Smart TV 65"" 4K UHD",Pantalla grande con Dolby Vision Atmos y control por voz - Modelo 2024,938.02,27,DISCONTINUED,2026-04-16 14:56:21,2026-04-20 07:18:58
2962,PROD-02942,"Philips Smart TV 50"" 4K Crystal",Pantalla UHD con procesador Crystal 4K y PurColor - Modelo 2025,483.99,149,ACTIVE,2025-09-06 02:49:02,2025-10-21 15:04:10
2963,PROD-02943,"Xiaomi Smart TV 32"" HD LED",Televisor LED HD con Roku integrado y sonido Dolby Audio - Modelo 2026,307.59,86,ACTIVE,2025-11-20 01:24:28,2026-01-02 13:03:06
2964,PROD-02944,"TCL Smart TV 40"" Full HD",Pantalla plana Full HD con puertos HDMI y USB multimedia - Modelo 2023,307.2,138,ACTIVE,2025-10-07 20:12:11,2025-11-23 19:03:08
2965,PROD-02945,"Sony Smart TV 43"" 4K UHD",Televisor inteligente con HDR10+ y sistema operativo webOS - Modelo 2024,384.09,41,DISCONTINUED,2025-05-14 12:15:33,2025-06-10 23:32:36
2966,PROD-02946,"TCL Smart TV 50"" 4K Crystal",Pantalla UHD con procesador Crystal 4K y PurColor - Modelo 2025,490.08,103,ACTIVE,2026-07-28 08:52:53,2026-09-07 12:28:51
2967,PROD-02947,"Panasonic Smart TV 75"" 4K Frameless",Televisor sin bordes de gran formato con panel LED avanzado - Modelo 2026,1209.16,39,DISCONTINUED,2026-08-20 03:12:43,2026-09-18 19:51:14
2968,PROD-02948,"Samsung Smart TV 43"" 4K UHD",Televisor inteligente con HDR10+ y sistema operativo webOS - Modelo 2023,361.78,99,ACTIVE,2026-05-21 03:42:49,2026-05-28 01:08:23
2969,PROD-02949,"LG Smart TV 85"" 8K Master",Pantalla premium de máxima resolución con inteligencia artificial - Modelo 2024,2912.67,117,INACTIVE,2025-10-25 11:53:08,2025-12-07 17:45:27
2970,PROD-02950,"Hisense Smart TV 32"" HD LED",Televisor LED HD con Roku integrado y sonido Dolby Audio - Modelo 2025,291.43,31,DISCONTINUED,2026-07-08 19:53:44,2026-07-14 20:21:37
2971,PROD-02951,"LG Smart TV 40"" Full HD",Pantalla plana Full HD con puertos HDMI y USB multimedia - Modelo 2026,292.48,106,ACTIVE,2026-01-11 09:01:49,2026-01-29 13:14:42
2972,PROD-02952,"Philips Smart TV 65"" 4K UHD",Pantalla grande con Dolby Vision Atmos y control por voz - Modelo 2023,881.93,138,ACTIVE,2026-03-28 22:07:51,2026-05-12 18:57:48
2973,PROD-02953,"TCL Smart TV 65"" 4K UHD",Pantalla grande con Dolby Vision Atmos y control por voz - Modelo 2024,841.87,101,ACTIVE,2026-01-04 01:11:44,2026-01-26 03:52:01
2974,PROD-02954,"Samsung Smart TV 43"" 4K UHD",Televisor inteligente con HDR10+ y sistema operativo webOS - Modelo 2025,390.81,119,INACTIVE,2026-06-08 19:44:07,2026-06-27 07:43:32
2975,PROD-02955,"Panasonic Smart TV 50"" 4K Crystal",Pantalla UHD con procesador Crystal 4K y PurColor - Modelo 2026,472.96,48,INACTIVE,2025-05-29 22:47:58,2025-06-19 07:49:50
2976,PROD-02956,"Xiaomi Smart TV 85"" 8K Master",Pantalla premium de máxima resolución con inteligencia artificial - Modelo 2023,2659.88,136,ACTIVE,2025-09-29 07:54:43,2025-10-08 15:14:31
2977,PROD-02957,"TCL Smart TV 40"" Full HD",Pantalla plana Full HD con puertos HDMI y USB multimedia - Modelo 2024,343.51,110,ACTIVE,2025-04-01 04:29:29,2025-05-07 00:49:29
2978,PROD-02958,"Hisense Smart TV 50"" 4K Crystal",Pantalla UHD con procesador Crystal 4K y PurColor - Modelo 2025,515.6,3,ACTIVE,2025-12-19 01:07:08,2026-01-05 09:40:30
2979,PROD-02959,"Philips Smart TV 40"" Full HD",Pantalla plana Full HD con puertos HDMI y USB multimedia - Modelo 2026,304.69,18,INACTIVE,2025-10-23 13:09:15,2025-11-11 01:03:22
2980,PROD-02960,"LG Smart TV 85"" 8K Master",Pantalla premium de máxima resolución con inteligencia artificial - Modelo 2023,2889.32,68,ACTIVE,2025-10-25 15:02:31,2025-10-27 17:03:31
2981,PROD-02961,"Panasonic Smart TV 50"" 4K Crystal",Pantalla UHD con procesador Crystal 4K y PurColor - Modelo 2024,498.21,71,ACTIVE,2025-07-19 07:35:58,2025-08-07 10:54:17
2982,PROD-02962,"TCL Smart TV 50"" 4K Crystal",Pantalla UHD con procesador Crystal 4K y PurColor - Modelo 2025,535.35,144,DISCONTINUED,2026-03-07 13:48:27,2026-04-07 05:47:35
2983,PROD-02963,"Sony Smart TV 32"" HD LED",Televisor LED HD con Roku integrado y sonido Dolby Audio - Modelo 2026,289.05,133,DISCONTINUED,2026-04-14 22:59:33,2026-05-05 21:23:16
2984,PROD-02964,"Sony Smart TV 43"" 4K UHD",Televisor inteligente con HDR10+ y sistema operativo webOS - Modelo 2023,464.32,148,ACTIVE,2025-10-16 09:01:14,2025-10-28 13:45:05
2985,PROD-02965,"Xiaomi Smart TV 65"" 4K UHD",Pantalla grande con Dolby Vision Atmos y control por voz - Modelo 2024,942.89,19,ACTIVE,2025-03-29 09:20:37,2025-04-27 09:16:12
2986,PROD-02966,"Samsung Smart TV 50"" 4K Crystal",Pantalla UHD con procesador Crystal 4K y PurColor - Modelo 2025,461.18,23,INACTIVE,2025-05-04 01:53:40,2025-06-07 00:44:53
2987,PROD-02967,"Xiaomi Smart TV 65"" 4K UHD",Pantalla grande con Dolby Vision Atmos y control por voz - Modelo 2026,818.92,24,ACTIVE,2025-02-21 08:43:22,2025-03-26 01:57:14
2988,PROD-02968,"Hisense Smart TV 65"" 4K UHD",Pantalla grande con Dolby Vision Atmos y control por voz - Modelo 2023,804.23,146,INACTIVE,2025-08-11 09:31:38,2025-09-25 15:30:55
2989,PROD-02969,"Samsung Smart TV 50"" 4K Crystal",Pantalla UHD con procesador Crystal 4K y PurColor - Modelo 2024,475.15,108,ACTIVE,2025-02-01 14:13:00,2025-02-24 03:46:33
2990,PROD-02970,"Hisense Smart TV 65"" 4K UHD",Pantalla grande con Dolby Vision Atmos y control por voz - Modelo 2025,900.2,119,INACTIVE,2025-01-12 20:15:03,2025-02-14 03:53:29
2991,PROD-02971,"Sony Smart TV 43"" 4K UHD",Televisor inteligente con HDR10+ y sistema operativo webOS - Modelo 2026,420.92,50,INACTIVE,2026-03-30 03:04:41,2026-04-06 14:11:43
2992,PROD-02972,"Panasonic Smart TV 65"" 4K UHD",Pantalla grande con Dolby Vision Atmos y control por voz - Modelo 2023,877.28,95,ACTIVE,2026-05-26 16:05:00,2026-06-16 20:50:46
2993,PROD-02973,"LG Smart TV 65"" 4K UHD",Pantalla grande con Dolby Vision Atmos y control por voz - Modelo 2024,767.22,13,ACTIVE,2025-04-24 02:33:11,2025-06-10 23:15:54
2994,PROD-02974,"Samsung Smart TV 85"" 8K Master",Pantalla premium de máxima resolución con inteligencia artificial - Modelo 2025,2682.67,3,ACTIVE,2026-03-25 04:21:50,2026-04-20 07:51:36
2995,PROD-02975,"Xiaomi Smart TV 65"" 4K UHD",Pantalla grande con Dolby Vision Atmos y control por voz - Modelo 2026,833.78,8,INACTIVE,2025-06-14 03:26:34,2025-07-17 08:25:31
2996,PROD-02976,"Hisense Smart TV 85"" 8K Master",Pantalla premium de máxima resolución con inteligencia artificial - Modelo 2023,2603.31,84,ACTIVE,2025-12-11 08:20:30,2026-01-09 15:31:14
2997,PROD-02977,"LG Smart TV 65"" 4K UHD",Pantalla grande con Dolby Vision Atmos y control por voz - Modelo 2024,823.66,66,INACTIVE,2026-03-02 17:21:54,2026-04-11 07:21:37
2998,PROD-02978,"TCL Smart TV 85"" 8K Master",Pantalla premium de máxima resolución con inteligencia artificial - Modelo 2025,2732.74,39,DISCONTINUED,2025-08-28 02:56:00,2025-09-03 19:37:15
2999,PROD-02979,"Philips Smart TV 85"" 8K Master",Pantalla premium de máxima resolución con inteligencia artificial - Modelo 2026,2630.6,110,DISCONTINUED,2025-03-14 21:49:44,2025-04-08 10:01:00
3000,PROD-02980,"LG Smart TV 55"" 4K QLED",Televisor QLED con tecnología Quantum Dot y diseño ultra fino - Modelo 2023,590.61,126,INACTIVE,2026-04-28 13:41:42,2026-06-02 02:28:35
3001,PROD-02981,"Xiaomi Smart TV 40"" Full HD",Pantalla plana Full HD con puertos HDMI y USB multimedia - Modelo 2024,383.92,60,ACTIVE,2025-04-28 22:11:04,2025-04-29 10:04:35
3002,PROD-02982,"Philips Smart TV 55"" 4K QLED",Televisor QLED con tecnología Quantum Dot y diseño ultra fino - Modelo 2025,613.19,55,DISCONTINUED,2025-09-23 23:28:31,2025-11-04 06:18:26
3003,PROD-02983,"Samsung Smart TV 65"" 4K UHD",Pantalla grande con Dolby Vision Atmos y control por voz - Modelo 2026,896.8,147,ACTIVE,2026-01-25 02:57:19,2026-02-12 21:12:30
3004,PROD-02984,"TCL Smart TV 75"" 4K Frameless",Televisor sin bordes de gran formato con panel LED avanzado - Modelo 2023,1211.67,1,ACTIVE,2026-02-26 02:42:58,2026-04-04 23:50:29
3005,PROD-02985,"Panasonic Smart TV 40"" Full HD",Pantalla plana Full HD con puertos HDMI y USB multimedia - Modelo 2024,361.95,80,ACTIVE,2025-08-14 03:38:22,2025-09-18 10:56:13
3006,PROD-02986,"Hisense Smart TV 43"" 4K UHD",Televisor inteligente con HDR10+ y sistema operativo webOS - Modelo 2025,458.52,22,ACTIVE,2026-07-02 05:22:46,2026-08-01 08:37:45
3007,PROD-02987,"TCL Smart TV 55"" 4K QLED",Televisor QLED con tecnología Quantum Dot y diseño ultra fino - Modelo 2026,634.63,58,INACTIVE,2025-05-09 13:00:43,2025-05-23 05:16:52
3008,PROD-02988,"Panasonic Smart TV 65"" 4K UHD",Pantalla grande con Dolby Vision Atmos y control por voz - Modelo 2023,839.21,150,ACTIVE,2025-03-09 22:04:59,2025-03-24 18:23:05
3009,PROD-02989,"Sony Smart TV 75"" 4K Frameless",Televisor sin bordes de gran formato con panel LED avanzado - Modelo 2024,1226.05,119,ACTIVE,2026-03-28 05:13:54,2026-04-05 03:21:43
3010,PROD-02990,"Xiaomi Smart TV 65"" 4K UHD",Pantalla grande con Dolby Vision Atmos y control por voz - Modelo 2025,886.75,6,DISCONTINUED,2025-09-19 05:18:29,2025-10-26 20:34:06
3011,PROD-02991,"Xiaomi Smart TV 43"" 4K UHD",Televisor inteligente con HDR10+ y sistema operativo webOS - Modelo 2026,459.09,141,ACTIVE,2026-04-24 17:31:36,2026-04-30 19:07:24
3012,PROD-02992,"Xiaomi Smart TV 32"" HD LED",Televisor LED HD con Roku integrado y sonido Dolby Audio - Modelo 2023,214.75,48,ACTIVE,2025-12-08 23:49:04,2026-01-02 15:46:42
3013,PROD-02993,"Samsung Smart TV 65"" 4K UHD",Pantalla grande con Dolby Vision Atmos y control por voz - Modelo 2024,771.75,122,ACTIVE,2025-01-04 03:40:28,2025-01-19 14:58:28
3014,PROD-02994,"Samsung Smart TV 75"" 4K Frameless",Televisor sin bordes de gran formato con panel LED avanzado - Modelo 2025,1298.96,137,ACTIVE,2026-06-22 14:58:32,2026-07-07 09:40:49
3015,PROD-02995,"Xiaomi Smart TV 43"" 4K UHD",Televisor inteligente con HDR10+ y sistema operativo webOS - Modelo 2026,454.34,33,ACTIVE,2025-03-01 17:25:35,2025-03-16 04:39:00
3016,PROD-02996,"Panasonic Smart TV 85"" 8K Master",Pantalla premium de máxima resolución con inteligencia artificial - Modelo 2023,2878.5,66,DISCONTINUED,2025-09-06 13:29:59,2025-09-27 09:50:51
3017,PROD-02997,"TCL Smart TV 43"" 4K UHD",Televisor inteligente con HDR10+ y sistema operativo webOS - Modelo 2024,434.44,78,ACTIVE,2025-04-29 02:25:34,2025-05-13 15:10:45
3018,PROD-02998,"Panasonic Smart TV 65"" 4K UHD",Pantalla grande con Dolby Vision Atmos y control por voz - Modelo 2025,823.68,144,ACTIVE,2025-11-10 03:19:23,2025-12-23 03:44:25
3019,PROD-02999,"Panasonic Smart TV 40"" Full HD",Pantalla plana Full HD con puertos HDMI y USB multimedia - Modelo 2026,364.02,43,DISCONTINUED,2026-08-07 05:09:55,2026-08-07 08:01:43
3020,PROD-03000,"Xiaomi Smart TV 85"" 8K Master",Pantalla premium de máxima resolución con inteligencia artificial - Modelo 2023,2683.36,95,ACTIVE,2026-05-06 10:48:47,2026-06-17 01:21:50
3021,PROD-03001,"Samsung Smart TV 65"" 4K UHD",Pantalla grande con Dolby Vision Atmos y control por voz - Modelo 2024,810.27,147,ACTIVE,2025-06-28 10:39:34,2025-08-17 17:53:07
3022,PROD-03002,"Xiaomi Smart TV 43"" 4K UHD",Televisor inteligente con HDR10+ y sistema operativo webOS - Modelo 2025,405.36,135,DISCONTINUED,2025-12-15 17:01:55,2025-12-16 23:39:03
3023,PROD-03003,"Sony Smart TV 43"" 4K UHD",Televisor inteligente con HDR10+ y sistema operativo webOS - Modelo 2026,424.8,54,ACTIVE,2025-06-15 18:33:31,2025-07-22 01:28:30
3024,PROD-03004,"Sony Smart TV 43"" 4K UHD",Televisor inteligente con HDR10+ y sistema operativo webOS - Modelo 2023,382.03,127,DISCONTINUED,2025-09-19 12:20:47,2025-10-26 05:58:14
3025,PROD-03005,"Hisense Smart TV 65"" 4K UHD",Pantalla grande con Dolby Vision Atmos y control por voz - Modelo 2024,797.18,52,ACTIVE,2025-07-27 19:34:20,2025-08-06 19:06:10
3026,PROD-03006,"Philips Smart TV 75"" 4K Frameless",Televisor sin bordes de gran formato con panel LED avanzado - Modelo 2025,1332.54,150,INACTIVE,2025-11-18 22:58:32,2026-01-04 00:26:23
3027,PROD-03007,"Hisense Smart TV 32"" HD LED",Televisor LED HD con Roku integrado y sonido Dolby Audio - Modelo 2026,263.19,113,DISCONTINUED,2026-05-07 08:48:42,2026-06-02 00:33:22
3028,PROD-03008,"Philips Smart TV 50"" 4K Crystal",Pantalla UHD con procesador Crystal 4K y PurColor - Modelo 2023,463.21,108,ACTIVE,2025-06-01 09:06:35,2025-06-17 18:39:37
3029,PROD-03009,"LG Smart TV 75"" 4K Frameless",Televisor sin bordes de gran formato con panel LED avanzado - Modelo 2024,1280.88,107,ACTIVE,2025-12-06 18:06:42,2025-12-18 00:55:08
3030,PROD-03010,"Samsung Smart TV 43"" 4K UHD",Televisor inteligente con HDR10+ y sistema operativo webOS - Modelo 2025,402.19,19,INACTIVE,2025-04-22 03:12:34,2025-06-04 07:08:45
3031,PROD-03011,"Samsung Smart TV 32"" HD LED",Televisor LED HD con Roku integrado y sonido Dolby Audio - Modelo 2026,282.36,113,INACTIVE,2025-09-07 03:36:36,2025-09-13 11:04:12
3032,PROD-03012,"Panasonic Smart TV 75"" 4K Frameless",Televisor sin bordes de gran formato con panel LED avanzado - Modelo 2023,1183.08,9,ACTIVE,2025-05-21 16:58:24,2025-06-02 10:19:14
3033,PROD-03013,"Samsung Smart TV 85"" 8K Master",Pantalla premium de máxima resolución con inteligencia artificial - Modelo 2024,2800.54,79,DISCONTINUED,2025-10-27 08:16:28,2025-12-02 01:41:10
3034,PROD-03014,"TCL Smart TV 43"" 4K UHD",Televisor inteligente con HDR10+ y sistema operativo webOS - Modelo 2025,431.79,123,INACTIVE,2026-05-11 15:25:15,2026-06-12 04:38:11
3035,PROD-03015,"Philips Smart TV 32"" HD LED",Televisor LED HD con Roku integrado y sonido Dolby Audio - Modelo 2026,221.21,122,ACTIVE,2025-07-12 07:46:30,2025-08-13 15:46:52
3036,PROD-03016,"Sony Smart TV 40"" Full HD",Pantalla plana Full HD con puertos HDMI y USB multimedia - Modelo 2023,318.82,86,ACTIVE,2025-06-05 16:21:49,2025-07-21 00:11:09
3037,PROD-03017,"LG Smart TV 85"" 8K Master",Pantalla premium de máxima resolución con inteligencia artificial - Modelo 2024,2565.61,114,ACTIVE,2026-06-01 05:18:07,2026-07-03 02:34:28
3038,PROD-03018,"Hisense Smart TV 50"" 4K Crystal",Pantalla UHD con procesador Crystal 4K y PurColor - Modelo 2025,491.3,55,INACTIVE,2025-03-11 06:08:57,2025-03-18 12:27:49
3039,PROD-03019,"Panasonic Smart TV 65"" 4K UHD",Pantalla grande con Dolby Vision Atmos y control por voz - Modelo 2026,880.95,12,ACTIVE,2025-01-14 15:29:11,2025-02-27 12:10:23
3040,PROD-03020,"LG Smart TV 40"" Full HD",Pantalla plana Full HD con puertos HDMI y USB multimedia - Modelo 2023,318.93,91,INACTIVE,2026-06-27 20:08:20,2026-06-29 09:37:25
3041,PROD-03021,"LG Smart TV 55"" 4K QLED",Televisor QLED con tecnología Quantum Dot y diseño ultra fino - Modelo 2024,691.89,39,ACTIVE,2025-01-13 18:28:30,2025-03-02 02:14:31
3042,PROD-03022,"Hisense Smart TV 85"" 8K Master",Pantalla premium de máxima resolución con inteligencia artificial - Modelo 2025,2590.88,16,ACTIVE,2025-03-20 12:31:06,2025-04-25 12:02:33
3043,PROD-03023,"Hisense Smart TV 50"" 4K Crystal",Pantalla UHD con procesador Crystal 4K y PurColor - Modelo 2026,497.06,42,ACTIVE,2025-05-10 14:01:06,2025-06-07 23:37:46
3044,PROD-03024,"Philips Smart TV 32"" HD LED",Televisor LED HD con Roku integrado y sonido Dolby Audio - Modelo 2023,225.94,107,ACTIVE,2026-07-01 01:41:14,2026-07-29 01:18:38
3045,PROD-03025,"Xiaomi Smart TV 40"" Full HD",Pantalla plana Full HD con puertos HDMI y USB multimedia - Modelo 2024,286.91,80,ACTIVE,2025-10-26 14:33:02,2025-11-15 17:36:29
3046,PROD-03026,"Panasonic Smart TV 65"" 4K UHD",Pantalla grande con Dolby Vision Atmos y control por voz - Modelo 2025,892.86,135,ACTIVE,2025-12-28 04:46:42,2026-01-04 19:33:58
3047,PROD-03027,"Philips Smart TV 65"" 4K UHD",Pantalla grande con Dolby Vision Atmos y control por voz - Modelo 2026,789.03,71,ACTIVE,2025-07-31 14:30:28,2025-08-19 10:28:50
3048,PROD-03028,"Sony Smart TV 43"" 4K UHD",Televisor inteligente con HDR10+ y sistema operativo webOS - Modelo 2023,415.63,89,INACTIVE,2026-03-27 05:55:43,2026-03-28 13:16:42
3049,PROD-03029,"Samsung Smart TV 55"" 4K QLED",Televisor QLED con tecnología Quantum Dot y diseño ultra fino - Modelo 2024,690.5,55,ACTIVE,2025-08-08 04:09:52,2025-08-17 12:03:46
3050,PROD-03030,"TCL Smart TV 40"" Full HD",Pantalla plana Full HD con puertos HDMI y USB multimedia - Modelo 2025,269.19,2,ACTIVE,2026-04-28 21:38:31,2026-05-30 22:58:15
3051,PROD-03031,"Philips Smart TV 65"" 4K UHD",Pantalla grande con Dolby Vision Atmos y control por voz - Modelo 2026,911.14,110,ACTIVE,2026-06-23 11:42:35,2026-06-24 20:50:32
3052,PROD-03032,"Samsung Smart TV 50"" 4K Crystal",Pantalla UHD con procesador Crystal 4K y PurColor - Modelo 2023,486.16,41,ACTIVE,2025-05-05 17:38:02,2025-06-21 08:05:36
3053,PROD-03033,"Xiaomi Smart TV 50"" 4K Crystal",Pantalla UHD con procesador Crystal 4K y PurColor - Modelo 2024,525.78,17,DISCONTINUED,2025-01-27 02:36:44,2025-03-16 00:24:19
3054,PROD-03034,"Philips Smart TV 43"" 4K UHD",Televisor inteligente con HDR10+ y sistema operativo webOS - Modelo 2025,403.27,130,DISCONTINUED,2026-01-16 22:06:52,2026-03-05 18:38:54
3055,PROD-03035,"LG Smart TV 43"" 4K UHD",Televisor inteligente con HDR10+ y sistema operativo webOS - Modelo 2026,381.5,81,ACTIVE,2025-08-30 10:44:32,2025-08-31 04:58:25
3056,PROD-03036,"TCL Smart TV 43"" 4K UHD",Televisor inteligente con HDR10+ y sistema operativo webOS - Modelo 2023,379.25,62,INACTIVE,2026-04-12 09:40:31,2026-04-22 12:50:35
3057,PROD-03037,"LG Smart TV 75"" 4K Frameless",Televisor sin bordes de gran formato con panel LED avanzado - Modelo 2024,1310.44,48,DISCONTINUED,2025-12-31 23:30:47,2026-01-15 23:06:22
3058,PROD-03038,"Samsung Smart TV 65"" 4K UHD",Pantalla grande con Dolby Vision Atmos y control por voz - Modelo 2025,909.95,34,DISCONTINUED,2025-10-16 00:49:05,2025-11-14 02:42:55
3059,PROD-03039,"Philips Smart TV 55"" 4K QLED",Televisor QLED con tecnología Quantum Dot y diseño ultra fino - Modelo 2026,600.06,92,ACTIVE,2025-07-31 14:01:42,2025-09-03 00:30:20
3060,PROD-03040,"LG Smart TV 40"" Full HD",Pantalla plana Full HD con puertos HDMI y USB multimedia - Modelo 2023,307.62,65,ACTIVE,2025-09-24 02:07:00,2025-10-17 23:54:41
3061,PROD-03041,"Xiaomi Smart TV 32"" HD LED",Televisor LED HD con Roku integrado y sonido Dolby Audio - Modelo 2024,208.84,121,ACTIVE,2025-01-03 05:01:30,2025-01-09 08:34:33
3062,PROD-03042,"Philips Smart TV 85"" 8K Master",Pantalla premium de máxima resolución con inteligencia artificial - Modelo 2025,2949.21,0,DISCONTINUED,2025-12-17 10:07:19,2025-12-24 00:10:54
3063,PROD-03043,"Hisense Smart TV 32"" HD LED",Televisor LED HD con Roku integrado y sonido Dolby Audio - Modelo 2026,229.05,29,ACTIVE,2026-03-12 21:09:34,2026-03-22 06:02:59
3064,PROD-03044,"LG Smart TV 50"" 4K Crystal",Pantalla UHD con procesador Crystal 4K y PurColor - Modelo 2023,526.52,41,DISCONTINUED,2025-12-13 07:07:00,2026-01-26 20:47:27
3065,PROD-03045,"Philips Smart TV 50"" 4K Crystal",Pantalla UHD con procesador Crystal 4K y PurColor - Modelo 2024,519.15,89,ACTIVE,2026-04-15 07:30:41,2026-05-24 22:31:26
3066,PROD-03046,"Xiaomi Smart TV 43"" 4K UHD",Televisor inteligente con HDR10+ y sistema operativo webOS - Modelo 2025,450.46,5,INACTIVE,2025-08-28 14:53:32,2025-09-13 02:50:54
3067,PROD-03047,"LG Smart TV 50"" 4K Crystal",Pantalla UHD con procesador Crystal 4K y PurColor - Modelo 2026,444.24,109,ACTIVE,2025-06-22 07:02:34,2025-07-23 23:33:43
3068,PROD-03048,"Samsung Smart TV 75"" 4K Frameless",Televisor sin bordes de gran formato con panel LED avanzado - Modelo 2023,1316.75,127,INACTIVE,2025-06-25 20:52:57,2025-07-12 14:39:00
3069,PROD-03049,"Sony Smart TV 43"" 4K UHD",Televisor inteligente con HDR10+ y sistema operativo webOS - Modelo 2024,415.7,57,ACTIVE,2025-03-17 09:46:02,2025-04-04 10:03:37
3070,PROD-03050,"Sony Smart TV 32"" HD LED",Televisor LED HD con Roku integrado y sonido Dolby Audio - Modelo 2025,231.46,5,ACTIVE,2025-09-15 02:09:26,2025-10-17 15:55:18
3071,PROD-03051,"Samsung Smart TV 50"" 4K Crystal",Pantalla UHD con procesador Crystal 4K y PurColor - Modelo 2026,471.11,110,DISCONTINUED,2025-08-16 03:10:06,2025-08-20 21:40:44
3072,PROD-03052,"LG Smart TV 65"" 4K UHD",Pantalla grande con Dolby Vision Atmos y control por voz - Modelo 2023,780.95,89,INACTIVE,2026-07-09 19:55:42,2026-07-15 03:18:30
3073,PROD-03053,"Panasonic Smart TV 43"" 4K UHD",Televisor inteligente con HDR10+ y sistema operativo webOS - Modelo 2024,409.32,137,DISCONTINUED,2025-03-22 02:53:01,2025-03-22 20:57:46
3074,PROD-03054,"Hisense Smart TV 50"" 4K Crystal",Pantalla UHD con procesador Crystal 4K y PurColor - Modelo 2025,536.02,132,ACTIVE,2025-09-30 21:37:24,2025-10-14 01:43:48
3075,PROD-03055,"Panasonic Smart TV 40"" Full HD",Pantalla plana Full HD con puertos HDMI y USB multimedia - Modelo 2026,293.42,31,ACTIVE,2026-02-21 09:08:14,2026-02-27 20:58:53
3076,PROD-03056,"Samsung Smart TV 40"" Full HD",Pantalla plana Full HD con puertos HDMI y USB multimedia - Modelo 2023,281.35,140,DISCONTINUED,2025-06-18 07:14:30,2025-08-02 08:58:09
3077,PROD-03057,"Philips Smart TV 85"" 8K Master",Pantalla premium de máxima resolución con inteligencia artificial - Modelo 2024,2765.25,44,INACTIVE,2026-04-01 01:02:39,2026-04-07 22:38:11
3078,PROD-03058,"Panasonic Smart TV 50"" 4K Crystal",Pantalla UHD con procesador Crystal 4K y PurColor - Modelo 2025,566.72,80,ACTIVE,2025-10-14 01:36:56,2025-11-26 15:00:34
3079,PROD-03059,"LG Smart TV 50"" 4K Crystal",Pantalla UHD con procesador Crystal 4K y PurColor - Modelo 2026,515.57,15,ACTIVE,2026-07-12 17:06:34,2026-08-29 22:34:26
3080,PROD-03060,"Philips Smart TV 65"" 4K UHD",Pantalla grande con Dolby Vision Atmos y control por voz - Modelo 2023,803.39,115,DISCONTINUED,2025-04-19 09:56:55,2025-04-29 04:08:32
3081,PROD-03061,"LG Smart TV 43"" 4K UHD",Televisor inteligente con HDR10+ y sistema operativo webOS - Modelo 2024,412.44,131,INACTIVE,2026-06-06 01:00:51,2026-06-13 10:17:13
3082,PROD-03062,"Samsung Smart TV 75"" 4K Frameless",Televisor sin bordes de gran formato con panel LED avanzado - Modelo 2025,1264.55,20,ACTIVE,2025-10-02 08:22:52,2025-10-28 09:58:25
3083,PROD-03063,"Sony Smart TV 32"" HD LED",Televisor LED HD con Roku integrado y sonido Dolby Audio - Modelo 2026,230.36,122,DISCONTINUED,2025-03-29 21:11:15,2025-05-10 06:44:38
3084,PROD-03064,"LG Smart TV 55"" 4K QLED",Televisor QLED con tecnología Quantum Dot y diseño ultra fino - Modelo 2023,663.5,0,ACTIVE,2025-05-01 00:20:15,2025-05-07 04:19:18
3085,PROD-03065,"Hisense Smart TV 43"" 4K UHD",Televisor inteligente con HDR10+ y sistema operativo webOS - Modelo 2024,419.66,53,INACTIVE,2025-10-04 11:02:17,2025-10-20 05:07:08
3086,PROD-03066,"Panasonic Smart TV 43"" 4K UHD",Televisor inteligente con HDR10+ y sistema operativo webOS - Modelo 2025,411.94,99,ACTIVE,2025-09-07 09:18:34,2025-09-17 07:09:21
3087,PROD-03067,"LG Smart TV 32"" HD LED",Televisor LED HD con Roku integrado y sonido Dolby Audio - Modelo 2026,241.92,121,ACTIVE,2025-11-18 10:28:06,2025-12-30 03:58:15
3088,PROD-03068,"LG Smart TV 85"" 8K Master",Pantalla premium de máxima resolución con inteligencia artificial - Modelo 2023,2676.9,137,ACTIVE,2025-04-14 07:51:52,2025-05-15 22:11:41
3089,PROD-03069,"TCL Smart TV 75"" 4K Frameless",Televisor sin bordes de gran formato con panel LED avanzado - Modelo 2024,1297.95,46,DISCONTINUED,2026-04-04 15:07:44,2026-05-02 00:42:48
3090,PROD-03070,"Xiaomi Smart TV 32"" HD LED",Televisor LED HD con Roku integrado y sonido Dolby Audio - Modelo 2025,204.94,55,ACTIVE,2025-04-18 19:01:35,2025-05-13 04:08:10
3091,PROD-03071,"Philips Smart TV 65"" 4K UHD",Pantalla grande con Dolby Vision Atmos y control por voz - Modelo 2026,897.96,115,INACTIVE,2025-02-15 06:12:34,2025-03-11 02:49:57
3092,PROD-03072,"Sony Smart TV 32"" HD LED",Televisor LED HD con Roku integrado y sonido Dolby Audio - Modelo 2023,294.56,108,ACTIVE,2026-07-30 22:37:04,2026-08-22 05:54:42
3093,PROD-03073,"Samsung Smart TV 65"" 4K UHD",Pantalla grande con Dolby Vision Atmos y control por voz - Modelo 2024,848.29,89,ACTIVE,2026-07-21 14:37:45,2026-08-28 08:53:53
3094,PROD-03074,"Sony Smart TV 55"" 4K QLED",Televisor QLED con tecnología Quantum Dot y diseño ultra fino - Modelo 2025,641.54,81,ACTIVE,2026-07-10 12:29:29,2026-08-20 15:28:24
3095,PROD-03075,"Sony Smart TV 32"" HD LED",Televisor LED HD con Roku integrado y sonido Dolby Audio - Modelo 2026,278.05,42,ACTIVE,2026-08-24 16:51:06,2026-09-18 08:04:11
3096,PROD-03076,"TCL Smart TV 32"" HD LED",Televisor LED HD con Roku integrado y sonido Dolby Audio - Modelo 2023,244.84,14,ACTIVE,2026-04-15 09:00:49,2026-05-26 17:44:25
3097,PROD-03077,"Panasonic Smart TV 55"" 4K QLED",Televisor QLED con tecnología Quantum Dot y diseño ultra fino - Modelo 2024,646.09,61,ACTIVE,2026-05-16 03:45:00,2026-06-03 10:22:28
3098,PROD-03078,"Sony Smart TV 65"" 4K UHD",Pantalla grande con Dolby Vision Atmos y control por voz - Modelo 2025,875.13,28,ACTIVE,2025-10-04 22:16:36,2025-11-05 22:00:41
3099,PROD-03079,"Philips Smart TV 50"" 4K Crystal",Pantalla UHD con procesador Crystal 4K y PurColor - Modelo 2026,488.86,49,INACTIVE,2026-07-18 07:29:48,2026-07-21 17:52:56
3100,PROD-03080,"Sony Smart TV 43"" 4K UHD",Televisor inteligente con HDR10+ y sistema operativo webOS - Modelo 2023,420.73,112,DISCONTINUED,2026-07-13 16:14:45,2026-08-22 22:43:46
3101,PROD-03081,"LG Smart TV 50"" 4K Crystal",Pantalla UHD con procesador Crystal 4K y PurColor - Modelo 2024,478.22,123,INACTIVE,2025-09-20 01:24:45,2025-11-01 19:36:00
3102,PROD-03082,"Xiaomi Smart TV 75"" 4K Frameless",Televisor sin bordes de gran formato con panel LED avanzado - Modelo 2025,1289.77,119,ACTIVE,2025-12-23 17:38:52,2026-02-05 11:56:50
3103,PROD-03083,"Samsung Smart TV 40"" Full HD",Pantalla plana Full HD con puertos HDMI y USB multimedia - Modelo 2026,306.8,125,ACTIVE,2025-05-29 11:51:17,2025-07-06 20:56:23
3104,PROD-03084,"Philips Smart TV 32"" HD LED",Televisor LED HD con Roku integrado y sonido Dolby Audio - Modelo 2023,261.73,139,DISCONTINUED,2025-12-27 11:54:50,2026-02-14 16:55:05
3105,PROD-03085,"Sony Smart TV 75"" 4K Frameless",Televisor sin bordes de gran formato con panel LED avanzado - Modelo 2024,1196.6,150,ACTIVE,2026-04-09 03:18:05,2026-04-28 22:55:08
3106,PROD-03086,"Hisense Smart TV 65"" 4K UHD",Pantalla grande con Dolby Vision Atmos y control por voz - Modelo 2025,932.52,108,ACTIVE,2026-07-02 13:26:00,2026-07-20 03:44:39
3107,PROD-03087,"TCL Smart TV 55"" 4K QLED",Televisor QLED con tecnología Quantum Dot y diseño ultra fino - Modelo 2026,653.59,6,ACTIVE,2025-10-13 11:32:20,2025-11-09 00:33:56
3108,PROD-03088,"Philips Smart TV 50"" 4K Crystal",Pantalla UHD con procesador Crystal 4K y PurColor - Modelo 2023,451.69,77,ACTIVE,2026-07-21 10:04:50,2026-08-01 03:57:40
3109,PROD-03089,"LG Smart TV 85"" 8K Master",Pantalla premium de máxima resolución con inteligencia artificial - Modelo 2024,2743.88,112,DISCONTINUED,2025-04-04 20:51:54,2025-05-23 05:44:04
3110,PROD-03090,"Panasonic Smart TV 65"" 4K UHD",Pantalla grande con Dolby Vision Atmos y control por voz - Modelo 2025,879.29,32,ACTIVE,2026-04-23 07:18:15,2026-05-24 10:18:40
3111,PROD-03091,"Xiaomi Smart TV 50"" 4K Crystal",Pantalla UHD con procesador Crystal 4K y PurColor - Modelo 2026,487.09,112,ACTIVE,2025-02-14 09:44:31,2025-03-05 08:54:30
3112,PROD-03092,"Xiaomi Smart TV 85"" 8K Master",Pantalla premium de máxima resolución con inteligencia artificial - Modelo 2023,2611.96,34,INACTIVE,2026-01-20 19:13:35,2026-01-23 18:20:09
3113,PROD-03093,"Panasonic Smart TV 55"" 4K QLED",Televisor QLED con tecnología Quantum Dot y diseño ultra fino - Modelo 2024,626.22,19,ACTIVE,2025-12-18 12:36:15,2026-01-26 21:40:09
3114,PROD-03094,"Xiaomi Smart TV 32"" HD LED",Televisor LED HD con Roku integrado y sonido Dolby Audio - Modelo 2025,202.51,135,ACTIVE,2025-09-30 09:37:28,2025-10-18 14:59:47
3115,PROD-03095,"Samsung Smart TV 65"" 4K UHD",Pantalla grande con Dolby Vision Atmos y control por voz - Modelo 2026,810.4,126,INACTIVE,2025-11-19 23:36:24,2025-12-23 00:01:41
3116,PROD-03096,"Hisense Smart TV 75"" 4K Frameless",Televisor sin bordes de gran formato con panel LED avanzado - Modelo 2023,1306.19,45,ACTIVE,2025-09-03 23:01:14,2025-09-08 17:49:40
3117,PROD-03097,"Hisense Smart TV 85"" 8K Master",Pantalla premium de máxima resolución con inteligencia artificial - Modelo 2024,2787.9,33,ACTIVE,2025-08-14 06:34:41,2025-09-28 16:34:47
3118,PROD-03098,"Panasonic Smart TV 32"" HD LED",Televisor LED HD con Roku integrado y sonido Dolby Audio - Modelo 2025,291.36,67,ACTIVE,2025-08-17 01:43:32,2025-08-31 17:28:10
3119,PROD-03099,"Samsung Smart TV 40"" Full HD",Pantalla plana Full HD con puertos HDMI y USB multimedia - Modelo 2026,339.02,128,DISCONTINUED,2026-02-19 18:27:43,2026-04-02 04:05:29
3120,PROD-03100,"Hisense Smart TV 75"" 4K Frameless",Televisor sin bordes de gran formato con panel LED avanzado - Modelo 2023,1219.97,35,DISCONTINUED,2025-07-11 13:43:37,2025-07-30 14:50:17
3121,PROD-03101,"Panasonic Smart TV 65"" 4K UHD",Pantalla grande con Dolby Vision Atmos y control por voz - Modelo 2024,882.18,73,ACTIVE,2025-07-18 13:30:12,2025-08-16 10:53:14
3122,PROD-03102,"Xiaomi Smart TV 40"" Full HD",Pantalla plana Full HD con puertos HDMI y USB multimedia - Modelo 2025,320.65,133,ACTIVE,2025-09-27 22:14:32,2025-10-01 21:01:40
3123,PROD-03103,"TCL Smart TV 85"" 8K Master",Pantalla premium de máxima resolución con inteligencia artificial - Modelo 2026,2686.83,113,DISCONTINUED,2025-05-21 02:57:16,2025-06-18 21:06:17
3124,PROD-03104,"Sony Smart TV 50"" 4K Crystal",Pantalla UHD con procesador Crystal 4K y PurColor - Modelo 2023,470.1,30,ACTIVE,2025-08-22 20:01:27,2025-09-26 15:15:05
3125,PROD-03105,"Panasonic Smart TV 32"" HD LED",Televisor LED HD con Roku integrado y sonido Dolby Audio - Modelo 2024,248.67,27,INACTIVE,2025-01-15 04:42:00,2025-01-24 21:43:09
3126,PROD-03106,"Sony Smart TV 32"" HD LED",Televisor LED HD con Roku integrado y sonido Dolby Audio - Modelo 2025,225.74,101,ACTIVE,2026-05-06 12:46:23,2026-06-13 20:49:00
3127,PROD-03107,"Philips Smart TV 43"" 4K UHD",Televisor inteligente con HDR10+ y sistema operativo webOS - Modelo 2026,362.45,11,ACTIVE,2025-11-20 10:07:11,2025-11-29 13:15:06
3128,PROD-03108,"Xiaomi Smart TV 75"" 4K Frameless",Televisor sin bordes de gran formato con panel LED avanzado - Modelo 2023,1287.82,95,ACTIVE,2026-01-31 06:36:17,2026-02-11 16:52:10
3129,PROD-03109,"Sony Smart TV 75"" 4K Frameless",Televisor sin bordes de gran formato con panel LED avanzado - Modelo 2024,1267.04,44,ACTIVE,2025-08-09 05:04:34,2025-08-16 03:47:50
3130,PROD-03110,"Xiaomi Smart TV 75"" 4K Frameless",Televisor sin bordes de gran formato con panel LED avanzado - Modelo 2025,1226.43,73,ACTIVE,2026-08-15 18:38:31,2026-09-11 21:36:09
3131,PROD-03111,"Sony Smart TV 50"" 4K Crystal",Pantalla UHD con procesador Crystal 4K y PurColor - Modelo 2026,490.85,68,DISCONTINUED,2025-09-29 09:53:49,2025-10-11 15:01:57
3132,PROD-03112,"LG Smart TV 85"" 8K Master",Pantalla premium de máxima resolución con inteligencia artificial - Modelo 2023,2990.25,127,ACTIVE,2026-06-24 18:07:21,2026-08-08 23:10:32
3133,PROD-03113,"LG Smart TV 50"" 4K Crystal",Pantalla UHD con procesador Crystal 4K y PurColor - Modelo 2024,519.39,18,DISCONTINUED,2026-05-28 01:37:49,2026-06-27 03:30:42
3134,PROD-03114,"LG Smart TV 55"" 4K QLED",Televisor QLED con tecnología Quantum Dot y diseño ultra fino - Modelo 2025,672.5,141,ACTIVE,2025-01-22 23:01:42,2025-01-30 15:36:45
3135,PROD-03115,"Xiaomi Smart TV 50"" 4K Crystal",Pantalla UHD con procesador Crystal 4K y PurColor - Modelo 2026,455.99,98,DISCONTINUED,2026-04-18 02:06:38,2026-05-04 18:12:52
3136,PROD-03116,"Philips Smart TV 55"" 4K QLED",Televisor QLED con tecnología Quantum Dot y diseño ultra fino - Modelo 2023,656.68,31,DISCONTINUED,2026-02-26 14:40:26,2026-03-05 17:25:54
3137,PROD-03117,"Sony Smart TV 75"" 4K Frameless",Televisor sin bordes de gran formato con panel LED avanzado - Modelo 2024,1174.21,46,DISCONTINUED,2026-07-05 16:29:33,2026-08-21 08:59:08
3138,PROD-03118,"Samsung Smart TV 32"" HD LED",Televisor LED HD con Roku integrado y sonido Dolby Audio - Modelo 2025,246.41,119,INACTIVE,2026-03-10 22:43:14,2026-03-20 13:47:32
3139,PROD-03119,"Hisense Smart TV 32"" HD LED",Televisor LED HD con Roku integrado y sonido Dolby Audio - Modelo 2026,235.79,108,DISCONTINUED,2026-05-05 18:43:27,2026-05-16 11:40:24
3140,PROD-03120,"Philips Smart TV 43"" 4K UHD",Televisor inteligente con HDR10+ y sistema operativo webOS - Modelo 2023,410.52,40,INACTIVE,2025-05-23 17:19:42,2025-06-29 14:51:31
3141,PROD-03121,"LG Smart TV 55"" 4K QLED",Televisor QLED con tecnología Quantum Dot y diseño ultra fino - Modelo 2024,650.69,96,ACTIVE,2025-03-16 10:51:09,2025-04-28 20:19:02
3142,PROD-03122,"TCL Smart TV 85"" 8K Master",Pantalla premium de máxima resolución con inteligencia artificial - Modelo 2025,2771.68,108,ACTIVE,2025-10-31 17:04:04,2025-11-11 22:22:51
3143,PROD-03123,"Xiaomi Smart TV 65"" 4K UHD",Pantalla grande con Dolby Vision Atmos y control por voz - Modelo 2026,869.67,79,ACTIVE,2025-06-09 06:49:16,2025-07-22 05:21:22
3144,PROD-03124,"Samsung Smart TV 40"" Full HD",Pantalla plana Full HD con puertos HDMI y USB multimedia - Modelo 2023,318.94,21,INACTIVE,2025-02-01 06:38:08,2025-02-21 11:23:23
3145,PROD-03125,"Sony Smart TV 32"" HD LED",Televisor LED HD con Roku integrado y sonido Dolby Audio - Modelo 2024,256.09,135,INACTIVE,2025-05-23 23:15:09,2025-05-29 17:34:28
3146,PROD-03126,"LG Smart TV 55"" 4K QLED",Televisor QLED con tecnología Quantum Dot y diseño ultra fino - Modelo 2025,611.14,146,ACTIVE,2025-06-01 14:34:23,2025-06-15 18:52:25
3147,PROD-03127,"Hisense Smart TV 50"" 4K Crystal",Pantalla UHD con procesador Crystal 4K y PurColor - Modelo 2026,497.77,16,DISCONTINUED,2026-07-24 18:09:13,2026-09-09 09:22:23
3148,PROD-03128,"Samsung Smart TV 43"" 4K UHD",Televisor inteligente con HDR10+ y sistema operativo webOS - Modelo 2023,345.29,72,ACTIVE,2026-07-20 03:51:14,2026-08-16 19:34:54
3149,PROD-03129,"TCL Smart TV 55"" 4K QLED",Televisor QLED con tecnología Quantum Dot y diseño ultra fino - Modelo 2024,714.98,132,INACTIVE,2025-03-01 06:56:48,2025-04-10 08:07:37
3150,PROD-03130,"Hisense Smart TV 55"" 4K QLED",Televisor QLED con tecnología Quantum Dot y diseño ultra fino - Modelo 2025,634.55,27,INACTIVE,2025-08-07 13:20:14,2025-08-12 07:05:53
3151,PROD-03131,"LG Smart TV 55"" 4K QLED",Televisor QLED con tecnología Quantum Dot y diseño ultra fino - Modelo 2026,603.3,113,ACTIVE,2025-01-29 23:41:58,2025-03-09 03:59:41
3152,PROD-03132,"Hisense Smart TV 43"" 4K UHD",Televisor inteligente con HDR10+ y sistema operativo webOS - Modelo 2023,457.47,34,ACTIVE,2025-06-01 17:22:06,2025-06-29 07:06:32
3153,PROD-03133,"Sony Smart TV 40"" Full HD",Pantalla plana Full HD con puertos HDMI y USB multimedia - Modelo 2024,264.35,23,ACTIVE,2025-02-16 12:00:09,2025-03-17 17:40:09
3154,PROD-03134,"Hisense Smart TV 65"" 4K UHD",Pantalla grande con Dolby Vision Atmos y control por voz - Modelo 2025,876.93,129,ACTIVE,2025-09-08 09:57:42,2025-09-12 14:03:21
3155,PROD-03135,"Philips Smart TV 65"" 4K UHD",Pantalla grande con Dolby Vision Atmos y control por voz - Modelo 2026,810.98,79,ACTIVE,2025-08-01 13:38:37,2025-08-26 12:03:49
3156,PROD-03136,"Sony Smart TV 43"" 4K UHD",Televisor inteligente con HDR10+ y sistema operativo webOS - Modelo 2023,438.7,45,ACTIVE,2026-08-20 19:37:06,2026-09-21 07:51:52
3157,PROD-03137,"Sony Smart TV 65"" 4K UHD",Pantalla grande con Dolby Vision Atmos y control por voz - Modelo 2024,852.69,61,DISCONTINUED,2026-07-21 21:30:57,2026-08-15 09:47:11
3158,PROD-03138,"Sony Smart TV 85"" 8K Master",Pantalla premium de máxima resolución con inteligencia artificial - Modelo 2025,2881.01,133,DISCONTINUED,2026-06-12 20:34:48,2026-06-21 05:45:06
3159,PROD-03139,"Hisense Smart TV 40"" Full HD",Pantalla plana Full HD con puertos HDMI y USB multimedia - Modelo 2026,364.23,4,ACTIVE,2025-05-16 04:26:36,2025-07-04 21:56:07
3160,PROD-03140,"TCL Smart TV 65"" 4K UHD",Pantalla grande con Dolby Vision Atmos y control por voz - Modelo 2023,852.32,112,ACTIVE,2025-11-04 13:30:41,2025-11-15 06:39:51
3161,PROD-03141,"Panasonic Smart TV 50"" 4K Crystal",Pantalla UHD con procesador Crystal 4K y PurColor - Modelo 2024,454.36,50,ACTIVE,2026-06-15 14:24:23,2026-07-13 07:54:27
3162,PROD-03142,"Samsung Smart TV 32"" HD LED",Televisor LED HD con Roku integrado y sonido Dolby Audio - Modelo 2025,282.21,115,INACTIVE,2025-04-13 12:06:30,2025-04-21 06:09:42
3163,PROD-03143,"Philips Smart TV 65"" 4K UHD",Pantalla grande con Dolby Vision Atmos y control por voz - Modelo 2026,814.28,58,ACTIVE,2025-07-07 20:13:34,2025-08-14 04:13:49
3164,PROD-03144,"Sony Smart TV 32"" HD LED",Televisor LED HD con Roku integrado y sonido Dolby Audio - Modelo 2023,281.26,134,DISCONTINUED,2025-06-19 05:03:38,2025-06-23 06:42:42
3165,PROD-03145,"Panasonic Smart TV 55"" 4K QLED",Televisor QLED con tecnología Quantum Dot y diseño ultra fino - Modelo 2024,628.67,23,DISCONTINUED,2025-11-11 10:29:54,2025-12-21 20:44:51
3166,PROD-03146,"Samsung Smart TV 75"" 4K Frameless",Televisor sin bordes de gran formato con panel LED avanzado - Modelo 2025,1189.24,122,DISCONTINUED,2026-07-27 06:36:49,2026-07-27 22:47:55
3167,PROD-03147,"TCL Smart TV 40"" Full HD",Pantalla plana Full HD con puertos HDMI y USB multimedia - Modelo 2026,304.21,68,ACTIVE,2026-03-17 08:45:00,2026-05-05 03:14:13
3168,PROD-03148,"Sony Smart TV 55"" 4K QLED",Televisor QLED con tecnología Quantum Dot y diseño ultra fino - Modelo 2023,695.1,134,DISCONTINUED,2025-02-15 09:33:42,2025-03-23 05:34:22
3169,PROD-03149,"Samsung Smart TV 55"" 4K QLED",Televisor QLED con tecnología Quantum Dot y diseño ultra fino - Modelo 2024,612.37,68,ACTIVE,2025-10-28 07:57:43,2025-11-11 01:34:16
3170,PROD-03150,"Xiaomi Smart TV 40"" Full HD",Pantalla plana Full HD con puertos HDMI y USB multimedia - Modelo 2025,352.57,2,DISCONTINUED,2025-04-26 09:02:21,2025-05-18 17:27:54
3171,PROD-03151,"TCL Smart TV 75"" 4K Frameless",Televisor sin bordes de gran formato con panel LED avanzado - Modelo 2026,1361.02,60,DISCONTINUED,2025-09-18 01:18:30,2025-09-21 14:43:41
3172,PROD-03152,"TCL Smart TV 43"" 4K UHD",Televisor inteligente con HDR10+ y sistema operativo webOS - Modelo 2023,433.23,100,INACTIVE,2025-10-06 13:44:44,2025-11-07 03:37:00
3173,PROD-03153,"TCL Smart TV 40"" Full HD",Pantalla plana Full HD con puertos HDMI y USB multimedia - Modelo 2024,334.97,66,INACTIVE,2026-01-13 02:57:09,2026-02-08 23:52:40
3174,PROD-03154,"Panasonic Smart TV 65"" 4K UHD",Pantalla grande con Dolby Vision Atmos y control por voz - Modelo 2025,927.82,133,ACTIVE,2026-02-28 19:26:57,2026-03-12 15:25:08
3175,PROD-03155,"Panasonic Smart TV 65"" 4K UHD",Pantalla grande con Dolby Vision Atmos y control por voz - Modelo 2026,930.42,133,ACTIVE,2025-09-18 03:35:15,2025-10-21 02:34:05
3176,PROD-03156,"Sony Smart TV 32"" HD LED",Televisor LED HD con Roku integrado y sonido Dolby Audio - Modelo 2023,262.75,62,ACTIVE,2026-01-19 14:20:41,2026-02-09 12:11:38
3177,PROD-03157,"Samsung Smart TV 32"" HD LED",Televisor LED HD con Roku integrado y sonido Dolby Audio - Modelo 2024,224.56,57,INACTIVE,2026-04-10 07:34:52,2026-05-18 06:47:12
3178,PROD-03158,"LG Smart TV 55"" 4K QLED",Televisor QLED con tecnología Quantum Dot y diseño ultra fino - Modelo 2025,644.33,98,DISCONTINUED,2025-11-16 03:52:04,2025-12-25 02:11:26
3179,PROD-03159,"TCL Smart TV 32"" HD LED",Televisor LED HD con Roku integrado y sonido Dolby Audio - Modelo 2026,201.06,97,DISCONTINUED,2026-05-14 08:07:36,2026-06-16 05:09:38
3180,PROD-03160,"Hisense Smart TV 43"" 4K UHD",Televisor inteligente con HDR10+ y sistema operativo webOS - Modelo 2023,382.28,45,INACTIVE,2025-11-17 07:00:49,2025-11-29 19:31:18
3181,PROD-03161,"Samsung Smart TV 65"" 4K UHD",Pantalla grande con Dolby Vision Atmos y control por voz - Modelo 2024,910.41,48,ACTIVE,2026-06-28 08:05:23,2026-07-05 10:35:29
3182,PROD-03162,"Panasonic Smart TV 55"" 4K QLED",Televisor QLED con tecnología Quantum Dot y diseño ultra fino - Modelo 2025,706.74,122,ACTIVE,2026-07-31 12:52:59,2026-08-10 07:55:45
3183,PROD-03163,"Philips Smart TV 43"" 4K UHD",Televisor inteligente con HDR10+ y sistema operativo webOS - Modelo 2026,411.5,74,ACTIVE,2025-09-04 13:21:55,2025-09-14 21:30:45
3184,PROD-03164,"Panasonic Smart TV 50"" 4K Crystal",Pantalla UHD con procesador Crystal 4K y PurColor - Modelo 2023,549.53,148,DISCONTINUED,2025-08-12 20:14:29,2025-09-20 08:37:19
3185,PROD-03165,"TCL Smart TV 32"" HD LED",Televisor LED HD con Roku integrado y sonido Dolby Audio - Modelo 2024,251.46,90,ACTIVE,2025-11-25 01:06:36,2025-12-13 10:34:34
3186,PROD-03166,"Philips Smart TV 75"" 4K Frameless",Televisor sin bordes de gran formato con panel LED avanzado - Modelo 2025,1287.68,24,DISCONTINUED,2025-06-01 12:20:34,2025-06-02 13:10:11
3187,PROD-03167,"Panasonic Smart TV 43"" 4K UHD",Televisor inteligente con HDR10+ y sistema operativo webOS - Modelo 2026,423.7,133,INACTIVE,2026-02-15 20:45:55,2026-03-26 14:18:08
3188,PROD-03168,"Samsung Smart TV 75"" 4K Frameless",Televisor sin bordes de gran formato con panel LED avanzado - Modelo 2023,1348.07,123,ACTIVE,2026-05-01 12:20:41,2026-05-07 20:32:34
3189,PROD-03169,"Panasonic Smart TV 55"" 4K QLED",Televisor QLED con tecnología Quantum Dot y diseño ultra fino - Modelo 2024,585.08,124,ACTIVE,2025-02-03 03:31:42,2025-02-12 23:20:42
3190,PROD-03170,"Philips Smart TV 65"" 4K UHD",Pantalla grande con Dolby Vision Atmos y control por voz - Modelo 2025,799.9,90,INACTIVE,2025-10-30 07:40:58,2025-12-08 16:33:35
3191,PROD-03171,"LG Smart TV 65"" 4K UHD",Pantalla grande con Dolby Vision Atmos y control por voz - Modelo 2026,808.62,70,INACTIVE,2025-02-02 23:54:55,2025-03-14 17:01:16
3192,PROD-03172,"Xiaomi Smart TV 32"" HD LED",Televisor LED HD con Roku integrado y sonido Dolby Audio - Modelo 2023,222.81,50,ACTIVE,2025-03-15 10:58:26,2025-04-11 04:21:31
3193,PROD-03173,"TCL Smart TV 32"" HD LED",Televisor LED HD con Roku integrado y sonido Dolby Audio - Modelo 2024,286.33,32,DISCONTINUED,2026-01-25 17:04:26,2026-01-28 05:20:23
3194,PROD-03174,"Panasonic Smart TV 55"" 4K QLED",Televisor QLED con tecnología Quantum Dot y diseño ultra fino - Modelo 2025,692.29,145,ACTIVE,2026-04-13 06:03:41,2026-05-26 17:52:34
3195,PROD-03175,"Sony Smart TV 40"" Full HD",Pantalla plana Full HD con puertos HDMI y USB multimedia - Modelo 2026,337.67,150,INACTIVE,2026-08-02 20:56:23,2026-08-24 17:11:18
3196,PROD-03176,"Xiaomi Smart TV 32"" HD LED",Televisor LED HD con Roku integrado y sonido Dolby Audio - Modelo 2023,291.17,124,INACTIVE,2025-03-04 03:44:18,2025-04-20 17:30:38
3197,PROD-03177,"LG Smart TV 40"" Full HD",Pantalla plana Full HD con puertos HDMI y USB multimedia - Modelo 2024,275.35,84,ACTIVE,2026-05-09 13:32:31,2026-06-14 02:13:31
3198,PROD-03178,"TCL Smart TV 32"" HD LED",Televisor LED HD con Roku integrado y sonido Dolby Audio - Modelo 2025,243.97,122,ACTIVE,2026-05-04 02:16:10,2026-05-07 21:59:29
3199,PROD-03179,"LG Smart TV 55"" 4K QLED",Televisor QLED con tecnología Quantum Dot y diseño ultra fino - Modelo 2026,649.89,122,DISCONTINUED,2025-05-05 15:11:37,2025-05-06 22:36:16
3200,PROD-03180,"Philips Smart TV 43"" 4K UHD",Televisor inteligente con HDR10+ y sistema operativo webOS - Modelo 2023,474.28,51,ACTIVE,2025-12-11 23:21:49,2025-12-27 01:20:22
3201,PROD-03181,"Samsung Smart TV 32"" HD LED",Televisor LED HD con Roku integrado y sonido Dolby Audio - Modelo 2024,236.82,18,INACTIVE,2025-02-04 13:07:03,2025-03-26 10:46:50
3202,PROD-03182,"Samsung Smart TV 32"" HD LED",Televisor LED HD con Roku integrado y sonido Dolby Audio - Modelo 2025,255.94,133,ACTIVE,2025-05-20 18:51:52,2025-07-09 13:21:11
3203,PROD-03183,"TCL Smart TV 55"" 4K QLED",Televisor QLED con tecnología Quantum Dot y diseño ultra fino - Modelo 2026,682.49,73,ACTIVE,2025-03-23 11:49:31,2025-04-02 10:07:12
3204,PROD-03184,"Panasonic Smart TV 75"" 4K Frameless",Televisor sin bordes de gran formato con panel LED avanzado - Modelo 2023,1300.69,83,ACTIVE,2025-11-30 00:45:18,2025-12-08 03:06:21
3205,PROD-03185,"LG Smart TV 65"" 4K UHD",Pantalla grande con Dolby Vision Atmos y control por voz - Modelo 2024,829.63,31,ACTIVE,2025-10-17 17:06:28,2025-11-07 06:22:33
3206,PROD-03186,"Samsung Smart TV 85"" 8K Master",Pantalla premium de máxima resolución con inteligencia artificial - Modelo 2025,2922.06,138,ACTIVE,2025-05-13 17:40:23,2025-05-19 17:07:37
3207,PROD-03187,"LG Smart TV 85"" 8K Master",Pantalla premium de máxima resolución con inteligencia artificial - Modelo 2026,2798.43,99,ACTIVE,2025-02-03 05:21:32,2025-02-28 19:52:46
3208,PROD-03188,"Xiaomi Smart TV 32"" HD LED",Televisor LED HD con Roku integrado y sonido Dolby Audio - Modelo 2023,304.87,148,ACTIVE,2025-06-30 01:46:34,2025-08-14 20:02:14
3209,PROD-03189,"Philips Smart TV 32"" HD LED",Televisor LED HD con Roku integrado y sonido Dolby Audio - Modelo 2024,223.78,76,DISCONTINUED,2026-07-29 08:19:46,2026-09-15 19:08:25
3210,PROD-03190,"Hisense Smart TV 85"" 8K Master",Pantalla premium de máxima resolución con inteligencia artificial - Modelo 2025,2973.01,86,INACTIVE,2025-03-08 23:47:06,2025-04-25 23:23:01
3211,PROD-03191,"Samsung Smart TV 65"" 4K UHD",Pantalla grande con Dolby Vision Atmos y control por voz - Modelo 2026,804.84,136,ACTIVE,2025-07-21 08:38:16,2025-08-26 06:33:57
3212,PROD-03192,"LG Smart TV 85"" 8K Master",Pantalla premium de máxima resolución con inteligencia artificial - Modelo 2023,2765.64,15,INACTIVE,2025-08-21 04:35:04,2025-09-14 05:57:25
3213,PROD-03193,"TCL Smart TV 40"" Full HD",Pantalla plana Full HD con puertos HDMI y USB multimedia - Modelo 2024,333.58,131,ACTIVE,2025-02-15 11:40:07,2025-04-04 15:54:52
3214,PROD-03194,"Xiaomi Smart TV 50"" 4K Crystal",Pantalla UHD con procesador Crystal 4K y PurColor - Modelo 2025,485.02,61,INACTIVE,2025-08-10 19:00:35,2025-08-23 04:58:43
3215,PROD-03195,"Samsung Smart TV 40"" Full HD",Pantalla plana Full HD con puertos HDMI y USB multimedia - Modelo 2026,372.96,67,INACTIVE,2025-12-22 04:19:29,2026-01-11 21:27:51
3216,PROD-03196,"LG Smart TV 43"" 4K UHD",Televisor inteligente con HDR10+ y sistema operativo webOS - Modelo 2023,421.72,39,ACTIVE,2026-02-14 12:57:15,2026-03-12 23:00:37
3217,PROD-03197,"Philips Smart TV 50"" 4K Crystal",Pantalla UHD con procesador Crystal 4K y PurColor - Modelo 2024,551.62,104,ACTIVE,2026-03-26 16:05:57,2026-04-01 12:18:09
3218,PROD-03198,"Sony Smart TV 40"" Full HD",Pantalla plana Full HD con puertos HDMI y USB multimedia - Modelo 2025,356.65,141,ACTIVE,2025-09-01 21:39:22,2025-10-21 10:54:16
3219,PROD-03199,"Panasonic Smart TV 55"" 4K QLED",Televisor QLED con tecnología Quantum Dot y diseño ultra fino - Modelo 2026,574.18,120,ACTIVE,2025-08-23 14:45:54,2025-09-08 02:20:56
3220,PROD-03200,"Samsung Smart TV 85"" 8K Master",Pantalla premium de máxima resolución con inteligencia artificial - Modelo 2023,2573.69,62,ACTIVE,2026-04-20 08:04:52,2026-05-11 12:20:34
3221,PROD-03201,"Hisense Smart TV 65"" 4K UHD",Pantalla grande con Dolby Vision Atmos y control por voz - Modelo 2024,771.59,145,INACTIVE,2026-01-21 00:26:39,2026-02-18 01:30:56
3222,PROD-03202,"Xiaomi Smart TV 43"" 4K UHD",Televisor inteligente con HDR10+ y sistema operativo webOS - Modelo 2025,430.09,103,ACTIVE,2026-02-08 00:43:43,2026-03-11 22:21:03
3223,PROD-03203,"LG Smart TV 50"" 4K Crystal",Pantalla UHD con procesador Crystal 4K y PurColor - Modelo 2026,502.76,150,INACTIVE,2025-11-03 17:58:09,2025-11-24 21:47:05
3224,PROD-03204,"LG Smart TV 55"" 4K QLED",Televisor QLED con tecnología Quantum Dot y diseño ultra fino - Modelo 2023,646.25,79,DISCONTINUED,2026-03-08 07:31:13,2026-03-23 13:06:38
3225,PROD-03205,"Xiaomi Smart TV 32"" HD LED",Televisor LED HD con Roku integrado y sonido Dolby Audio - Modelo 2024,303.73,138,ACTIVE,2026-05-02 23:16:08,2026-06-15 21:07:05
3226,PROD-03206,"Sony Smart TV 55"" 4K QLED",Televisor QLED con tecnología Quantum Dot y diseño ultra fino - Modelo 2025,626.06,70,ACTIVE,2025-11-09 00:10:41,2025-12-04 14:09:55
3227,PROD-03207,"Philips Smart TV 75"" 4K Frameless",Televisor sin bordes de gran formato con panel LED avanzado - Modelo 2026,1185.39,47,INACTIVE,2025-07-02 02:39:10,2025-08-06 05:52:37
3228,PROD-03208,"TCL Smart TV 40"" Full HD",Pantalla plana Full HD con puertos HDMI y USB multimedia - Modelo 2023,361.52,66,ACTIVE,2026-01-02 00:23:25,2026-01-03 03:00:05
3229,PROD-03209,"Samsung Smart TV 32"" HD LED",Televisor LED HD con Roku integrado y sonido Dolby Audio - Modelo 2024,237.47,29,ACTIVE,2026-07-13 06:39:35,2026-07-14 11:50:02
3230,PROD-03210,"Sony Smart TV 32"" HD LED",Televisor LED HD con Roku integrado y sonido Dolby Audio - Modelo 2025,238.55,76,DISCONTINUED,2025-03-12 22:29:07,2025-04-06 14:06:08
3231,PROD-03211,"Philips Smart TV 75"" 4K Frameless",Televisor sin bordes de gran formato con panel LED avanzado - Modelo 2026,1305.78,0,INACTIVE,2025-05-20 07:03:18,2025-06-26 10:17:59
3232,PROD-03212,"Samsung Smart TV 32"" HD LED",Televisor LED HD con Roku integrado y sonido Dolby Audio - Modelo 2023,254.63,28,ACTIVE,2026-07-23 11:50:55,2026-08-04 12:33:50
3233,PROD-03213,"Xiaomi Smart TV 50"" 4K Crystal",Pantalla UHD con procesador Crystal 4K y PurColor - Modelo 2024,512.22,113,ACTIVE,2026-07-08 10:21:19,2026-08-06 01:06:21
3234,PROD-03214,"Sony Smart TV 85"" 8K Master",Pantalla premium de máxima resolución con inteligencia artificial - Modelo 2025,2910.5,77,ACTIVE,2026-01-14 13:22:17,2026-03-02 19:14:06
3235,PROD-03215,"Samsung Smart TV 55"" 4K QLED",Televisor QLED con tecnología Quantum Dot y diseño ultra fino - Modelo 2026,615.85,116,INACTIVE,2025-12-09 23:52:58,2026-01-03 11:30:09
3236,PROD-03216,"TCL Smart TV 65"" 4K UHD",Pantalla grande con Dolby Vision Atmos y control por voz - Modelo 2023,863.13,41,INACTIVE,2025-02-06 11:52:50,2025-02-18 06:45:44
3237,PROD-03217,"LG Smart TV 43"" 4K UHD",Televisor inteligente con HDR10+ y sistema operativo webOS - Modelo 2024,451.32,127,INACTIVE,2025-08-09 01:23:19,2025-09-11 23:13:34
3238,PROD-03218,"Xiaomi Smart TV 50"" 4K Crystal",Pantalla UHD con procesador Crystal 4K y PurColor - Modelo 2025,481.71,115,ACTIVE,2025-07-24 21:31:12,2025-07-29 07:37:53
3239,PROD-03219,"Philips Smart TV 85"" 8K Master",Pantalla premium de máxima resolución con inteligencia artificial - Modelo 2026,2878.76,133,ACTIVE,2025-04-24 02:49:17,2025-04-24 23:44:18
3240,PROD-03220,"Panasonic Smart TV 32"" HD LED",Televisor LED HD con Roku integrado y sonido Dolby Audio - Modelo 2023,262.84,134,ACTIVE,2025-08-09 05:25:22,2025-08-22 09:24:10
3241,PROD-03221,"Hisense Smart TV 43"" 4K UHD",Televisor inteligente con HDR10+ y sistema operativo webOS - Modelo 2024,428.82,116,ACTIVE,2025-02-01 03:42:38,2025-02-16 05:35:11
3242,PROD-03222,"TCL Smart TV 65"" 4K UHD",Pantalla grande con Dolby Vision Atmos y control por voz - Modelo 2025,809.24,144,ACTIVE,2026-05-25 22:47:13,2026-07-06 05:20:20
3243,PROD-03223,"Panasonic Smart TV 85"" 8K Master",Pantalla premium de máxima resolución con inteligencia artificial - Modelo 2026,2643.03,105,ACTIVE,2025-06-28 02:43:10,2025-08-07 17:42:40
3244,PROD-03224,"LG Smart TV 43"" 4K UHD",Televisor inteligente con HDR10+ y sistema operativo webOS - Modelo 2023,448.46,94,ACTIVE,2026-05-16 22:28:01,2026-06-07 15:28:23
3245,PROD-03225,"Samsung Smart TV 65"" 4K UHD",Pantalla grande con Dolby Vision Atmos y control por voz - Modelo 2024,822.3,121,ACTIVE,2026-02-03 23:19:27,2026-03-15 14:18:44
3246,PROD-03226,"Samsung Smart TV 85"" 8K Master",Pantalla premium de máxima resolución con inteligencia artificial - Modelo 2025,2708.52,0,DISCONTINUED,2025-09-27 10:57:16,2025-11-07 21:14:54
3247,PROD-03227,"Sony Smart TV 65"" 4K UHD",Pantalla grande con Dolby Vision Atmos y control por voz - Modelo 2026,917.94,116,DISCONTINUED,2026-02-11 22:59:27,2026-02-17 01:46:10
3248,PROD-03228,"TCL Smart TV 75"" 4K Frameless",Televisor sin bordes de gran formato con panel LED avanzado - Modelo 2023,1281.71,89,DISCONTINUED,2025-07-26 01:25:58,2025-08-11 04:52:28
3249,PROD-03229,"Xiaomi Smart TV 75"" 4K Frameless",Televisor sin bordes de gran formato con panel LED avanzado - Modelo 2024,1267.87,126,INACTIVE,2025-04-12 23:30:53,2025-05-04 18:36:27
3250,PROD-03230,"Panasonic Smart TV 75"" 4K Frameless",Televisor sin bordes de gran formato con panel LED avanzado - Modelo 2025,1147.88,82,INACTIVE,2025-03-06 06:35:15,2025-03-18 13:16:47
3251,PROD-03231,"Panasonic Smart TV 43"" 4K UHD",Televisor inteligente con HDR10+ y sistema operativo webOS - Modelo 2026,379.42,8,INACTIVE,2026-07-27 22:31:23,2026-08-04 06:36:18
3252,PROD-03232,"Sony Smart TV 55"" 4K QLED",Televisor QLED con tecnología Quantum Dot y diseño ultra fino - Modelo 2023,634.0,48,ACTIVE,2025-09-23 06:59:51,2025-10-07 22:48:03
3253,PROD-03233,"LG Smart TV 55"" 4K QLED",Televisor QLED con tecnología Quantum Dot y diseño ultra fino - Modelo 2024,601.54,95,DISCONTINUED,2025-11-12 19:01:25,2025-12-29 18:29:02
3254,PROD-03234,"Sony Smart TV 40"" Full HD",Pantalla plana Full HD con puertos HDMI y USB multimedia - Modelo 2025,333.73,125,ACTIVE,2025-06-08 21:23:23,2025-06-11 12:22:38
3255,PROD-03235,"Hisense Smart TV 55"" 4K QLED",Televisor QLED con tecnología Quantum Dot y diseño ultra fino - Modelo 2026,617.08,92,ACTIVE,2025-10-03 21:05:45,2025-10-09 22:24:55
3256,PROD-03236,"Philips Smart TV 85"" 8K Master",Pantalla premium de máxima resolución con inteligencia artificial - Modelo 2023,2668.14,47,ACTIVE,2025-04-26 18:13:34,2025-05-14 22:29:19
3257,PROD-03237,"LG Smart TV 85"" 8K Master",Pantalla premium de máxima resolución con inteligencia artificial - Modelo 2024,2692.86,25,ACTIVE,2025-06-24 05:21:37,2025-08-10 06:08:35
3258,PROD-03238,"Hisense Smart TV 50"" 4K Crystal",Pantalla UHD con procesador Crystal 4K y PurColor - Modelo 2025,556.84,69,INACTIVE,2025-10-13 11:48:11,2025-10-17 10:47:56
3259,PROD-03239,"Philips Smart TV 50"" 4K Crystal",Pantalla UHD con procesador Crystal 4K y PurColor - Modelo 2026,534.74,27,ACTIVE,2026-07-28 12:25:24,2026-08-31 06:48:48
3260,PROD-03240,"Philips Smart TV 65"" 4K UHD",Pantalla grande con Dolby Vision Atmos y control por voz - Modelo 2023,875.81,34,INACTIVE,2025-04-16 11:07:02,2025-04-28 08:18:28
3261,PROD-03241,"Samsung Smart TV 32"" HD LED",Televisor LED HD con Roku integrado y sonido Dolby Audio - Modelo 2024,200.3,16,ACTIVE,2026-06-19 08:15:55,2026-07-29 20:21:22
3262,PROD-03242,"LG Smart TV 32"" HD LED",Televisor LED HD con Roku integrado y sonido Dolby Audio - Modelo 2025,298.7,50,DISCONTINUED,2025-08-22 07:56:13,2025-08-25 23:21:24
3263,PROD-03243,"Hisense Smart TV 65"" 4K UHD",Pantalla grande con Dolby Vision Atmos y control por voz - Modelo 2026,915.51,126,ACTIVE,2026-07-10 19:34:18,2026-08-18 13:22:16
3264,PROD-03244,"LG Smart TV 85"" 8K Master",Pantalla premium de máxima resolución con inteligencia artificial - Modelo 2023,2912.15,85,ACTIVE,2026-06-18 10:36:45,2026-06-22 16:47:29
3265,PROD-03245,"Philips Smart TV 65"" 4K UHD",Pantalla grande con Dolby Vision Atmos y control por voz - Modelo 2024,928.83,41,INACTIVE,2025-07-06 15:54:40,2025-08-25 23:05:54
3266,PROD-03246,"TCL Smart TV 50"" 4K Crystal",Pantalla UHD con procesador Crystal 4K y PurColor - Modelo 2025,529.22,127,ACTIVE,2025-08-14 03:16:57,2025-09-09 09:59:21
3267,PROD-03247,"Panasonic Smart TV 40"" Full HD",Pantalla plana Full HD con puertos HDMI y USB multimedia - Modelo 2026,319.69,139,ACTIVE,2026-01-04 23:04:58,2026-01-30 23:54:26
3268,PROD-03248,"Hisense Smart TV 40"" Full HD",Pantalla plana Full HD con puertos HDMI y USB multimedia - Modelo 2023,283.19,102,ACTIVE,2025-04-01 21:44:18,2025-04-29 22:15:29
3269,PROD-03249,"Hisense Smart TV 55"" 4K QLED",Televisor QLED con tecnología Quantum Dot y diseño ultra fino - Modelo 2024,692.88,92,ACTIVE,2025-09-24 07:06:51,2025-10-05 10:38:48
3270,PROD-03250,"Philips Smart TV 43"" 4K UHD",Televisor inteligente con HDR10+ y sistema operativo webOS - Modelo 2025,416.44,15,ACTIVE,2025-06-13 21:42:22,2025-06-14 07:54:18
3271,PROD-03251,"Hisense Smart TV 32"" HD LED",Televisor LED HD con Roku integrado y sonido Dolby Audio - Modelo 2026,268.52,48,ACTIVE,2026-06-02 09:00:38,2026-07-02 15:48:55
3272,PROD-03252,"LG Smart TV 40"" Full HD",Pantalla plana Full HD con puertos HDMI y USB multimedia - Modelo 2023,314.99,34,INACTIVE,2025-12-14 10:47:27,2026-01-15 20:26:22
3273,PROD-03253,"LG Smart TV 55"" 4K QLED",Televisor QLED con tecnología Quantum Dot y diseño ultra fino - Modelo 2024,621.21,89,ACTIVE,2026-03-21 13:30:16,2026-03-24 22:11:28
3274,PROD-03254,"Hisense Smart TV 65"" 4K UHD",Pantalla grande con Dolby Vision Atmos y control por voz - Modelo 2025,909.24,150,ACTIVE,2025-04-27 08:00:44,2025-05-16 13:08:43
3275,PROD-03255,"Panasonic Smart TV 50"" 4K Crystal",Pantalla UHD con procesador Crystal 4K y PurColor - Modelo 2026,490.73,97,INACTIVE,2025-12-29 01:37:20,2026-02-16 18:39:58
3276,PROD-03256,"Samsung Smart TV 32"" HD LED",Televisor LED HD con Roku integrado y sonido Dolby Audio - Modelo 2023,240.05,11,ACTIVE,2025-07-22 14:53:15,2025-08-20 06:02:19
3277,PROD-03257,"Sony Smart TV 55"" 4K QLED",Televisor QLED con tecnología Quantum Dot y diseño ultra fino - Modelo 2024,657.31,99,DISCONTINUED,2025-07-20 13:31:05,2025-08-05 05:48:54
3278,PROD-03258,"Xiaomi Smart TV 32"" HD LED",Televisor LED HD con Roku integrado y sonido Dolby Audio - Modelo 2025,296.19,134,ACTIVE,2025-06-05 06:57:07,2025-07-11 14:46:55
3279,PROD-03259,"Panasonic Smart TV 40"" Full HD",Pantalla plana Full HD con puertos HDMI y USB multimedia - Modelo 2026,335.35,63,DISCONTINUED,2025-08-12 07:27:11,2025-08-17 07:17:08
3280,PROD-03260,"TCL Smart TV 75"" 4K Frameless",Televisor sin bordes de gran formato con panel LED avanzado - Modelo 2023,1273.1,5,INACTIVE,2025-12-06 12:18:19,2026-01-14 00:53:12
3281,PROD-03261,"LG Smart TV 55"" 4K QLED",Televisor QLED con tecnología Quantum Dot y diseño ultra fino - Modelo 2024,603.02,117,DISCONTINUED,2025-08-15 12:43:54,2025-10-05 04:24:22
3282,PROD-03262,"Philips Smart TV 32"" HD LED",Televisor LED HD con Roku integrado y sonido Dolby Audio - Modelo 2025,274.73,65,ACTIVE,2026-05-28 14:51:51,2026-06-20 18:32:37
3283,PROD-03263,"Philips Smart TV 75"" 4K Frameless",Televisor sin bordes de gran formato con panel LED avanzado - Modelo 2026,1275.31,53,ACTIVE,2026-06-17 13:06:56,2026-07-22 04:01:11
3284,PROD-03264,"Sony Smart TV 50"" 4K Crystal",Pantalla UHD con procesador Crystal 4K y PurColor - Modelo 2023,483.1,49,ACTIVE,2025-04-13 13:42:51,2025-04-17 14:02:14
3285,PROD-03265,"LG Smart TV 55"" 4K QLED",Televisor QLED con tecnología Quantum Dot y diseño ultra fino - Modelo 2024,648.84,107,ACTIVE,2026-06-20 17:01:02,2026-07-03 03:57:00
3286,PROD-03266,"Xiaomi Smart TV 40"" Full HD",Pantalla plana Full HD con puertos HDMI y USB multimedia - Modelo 2025,335.74,115,INACTIVE,2026-07-29 12:16:32,2026-08-20 20:50:21
3287,PROD-03267,"Sony Smart TV 43"" 4K UHD",Televisor inteligente con HDR10+ y sistema operativo webOS - Modelo 2026,401.23,106,ACTIVE,2025-06-08 01:55:05,2025-07-07 01:11:25
3288,PROD-03268,"Xiaomi Smart TV 40"" Full HD",Pantalla plana Full HD con puertos HDMI y USB multimedia - Modelo 2023,332.64,111,ACTIVE,2025-10-17 16:51:19,2025-10-30 10:18:23
3289,PROD-03269,"Sony Smart TV 75"" 4K Frameless",Televisor sin bordes de gran formato con panel LED avanzado - Modelo 2024,1169.03,10,ACTIVE,2025-06-05 21:46:44,2025-07-22 09:50:20
3290,PROD-03270,"Sony Smart TV 55"" 4K QLED",Televisor QLED con tecnología Quantum Dot y diseño ultra fino - Modelo 2025,678.12,117,INACTIVE,2025-01-09 08:11:09,2025-02-26 11:06:32
3291,PROD-03271,"Samsung Smart TV 43"" 4K UHD",Televisor inteligente con HDR10+ y sistema operativo webOS - Modelo 2026,463.01,35,INACTIVE,2025-11-20 10:01:32,2025-11-23 23:29:26
3292,PROD-03272,"LG Smart TV 50"" 4K Crystal",Pantalla UHD con procesador Crystal 4K y PurColor - Modelo 2023,449.11,129,ACTIVE,2025-01-18 12:28:02,2025-01-25 06:33:39
3293,PROD-03273,"Philips Smart TV 50"" 4K Crystal",Pantalla UHD con procesador Crystal 4K y PurColor - Modelo 2024,544.24,5,ACTIVE,2025-11-13 05:09:24,2025-12-26 14:02:23
3294,PROD-03274,"Samsung Smart TV 55"" 4K QLED",Televisor QLED con tecnología Quantum Dot y diseño ultra fino - Modelo 2025,621.64,128,ACTIVE,2026-04-13 11:39:00,2026-04-21 16:52:36
3295,PROD-03275,"Xiaomi Smart TV 65"" 4K UHD",Pantalla grande con Dolby Vision Atmos y control por voz - Modelo 2026,888.61,33,ACTIVE,2025-09-10 13:45:11,2025-10-15 15:48:16
3296,PROD-03276,"Sony Smart TV 65"" 4K UHD",Pantalla grande con Dolby Vision Atmos y control por voz - Modelo 2023,873.14,87,ACTIVE,2025-01-18 06:50:10,2025-01-22 22:13:05
3297,PROD-03277,"LG Smart TV 50"" 4K Crystal",Pantalla UHD con procesador Crystal 4K y PurColor - Modelo 2024,562.89,89,DISCONTINUED,2026-03-21 12:14:01,2026-04-20 07:55:09
3298,PROD-03278,"Hisense Smart TV 75"" 4K Frameless",Televisor sin bordes de gran formato con panel LED avanzado - Modelo 2025,1319.87,143,INACTIVE,2025-07-10 12:53:28,2025-08-19 11:20:07
3299,PROD-03279,"Panasonic Smart TV 85"" 8K Master",Pantalla premium de máxima resolución con inteligencia artificial - Modelo 2026,2988.12,102,INACTIVE,2025-02-18 18:08:29,2025-02-28 00:38:26
3300,PROD-03280,"Panasonic Smart TV 32"" HD LED",Televisor LED HD con Roku integrado y sonido Dolby Audio - Modelo 2023,217.74,42,DISCONTINUED,2026-05-13 13:43:42,2026-06-21 13:16:55
3301,PROD-03281,"TCL Smart TV 32"" HD LED",Televisor LED HD con Roku integrado y sonido Dolby Audio - Modelo 2024,279.35,67,ACTIVE,2026-06-21 05:50:01,2026-07-22 01:51:00
3302,PROD-03282,"Sony Smart TV 75"" 4K Frameless",Televisor sin bordes de gran formato con panel LED avanzado - Modelo 2025,1340.09,107,ACTIVE,2025-04-09 20:47:56,2025-05-03 00:24:52
3303,PROD-03283,"Hisense Smart TV 85"" 8K Master",Pantalla premium de máxima resolución con inteligencia artificial - Modelo 2026,2830.27,28,DISCONTINUED,2025-04-04 10:09:04,2025-05-10 07:49:48
3304,PROD-03284,"Hisense Smart TV 50"" 4K Crystal",Pantalla UHD con procesador Crystal 4K y PurColor - Modelo 2023,428.17,82,ACTIVE,2025-05-05 02:02:45,2025-06-06 05:15:23
3305,PROD-03285,"LG Smart TV 43"" 4K UHD",Televisor inteligente con HDR10+ y sistema operativo webOS - Modelo 2024,392.76,96,ACTIVE,2026-07-31 16:31:38,2026-08-02 09:50:42
3306,PROD-03286,"Hisense Smart TV 40"" Full HD",Pantalla plana Full HD con puertos HDMI y USB multimedia - Modelo 2025,341.68,89,ACTIVE,2025-12-12 02:30:59,2026-01-31 08:35:24
3307,PROD-03287,"Philips Smart TV 32"" HD LED",Televisor LED HD con Roku integrado y sonido Dolby Audio - Modelo 2026,210.21,106,ACTIVE,2025-02-02 09:02:39,2025-02-17 13:56:29
3308,PROD-03288,"Sony Smart TV 85"" 8K Master",Pantalla premium de máxima resolución con inteligencia artificial - Modelo 2023,2716.25,3,ACTIVE,2025-10-08 23:40:04,2025-11-16 20:22:38
3309,PROD-03289,"Hisense Smart TV 85"" 8K Master",Pantalla premium de máxima resolución con inteligencia artificial - Modelo 2024,2797.51,138,ACTIVE,2026-07-24 03:42:33,2026-08-20 23:04:29
3310,PROD-03290,"Hisense Smart TV 75"" 4K Frameless",Televisor sin bordes de gran formato con panel LED avanzado - Modelo 2025,1281.57,132,DISCONTINUED,2026-02-15 07:54:53,2026-02-23 00:33:03
3311,PROD-03291,"Samsung Smart TV 40"" Full HD",Pantalla plana Full HD con puertos HDMI y USB multimedia - Modelo 2026,368.1,83,DISCONTINUED,2025-02-23 22:38:19,2025-03-29 05:57:44
3312,PROD-03292,"Hisense Smart TV 40"" Full HD",Pantalla plana Full HD con puertos HDMI y USB multimedia - Modelo 2023,296.14,3,ACTIVE,2026-08-08 13:39:24,2026-09-08 19:10:31
3313,PROD-03293,"LG Smart TV 32"" HD LED",Televisor LED HD con Roku integrado y sonido Dolby Audio - Modelo 2024,290.99,28,DISCONTINUED,2025-01-27 21:02:09,2025-02-25 17:28:02
3314,PROD-03294,"Hisense Smart TV 75"" 4K Frameless",Televisor sin bordes de gran formato con panel LED avanzado - Modelo 2025,1333.69,114,ACTIVE,2026-04-02 12:52:25,2026-04-04 21:18:45
3315,PROD-03295,"LG Smart TV 32"" HD LED",Televisor LED HD con Roku integrado y sonido Dolby Audio - Modelo 2026,253.02,114,ACTIVE,2026-05-31 07:07:24,2026-06-20 17:48:08
3316,PROD-03296,"LG Smart TV 55"" 4K QLED",Televisor QLED con tecnología Quantum Dot y diseño ultra fino - Modelo 2023,719.68,10,INACTIVE,2025-05-17 20:27:53,2025-06-15 17:00:53
3317,PROD-03297,"LG Smart TV 32"" HD LED",Televisor LED HD con Roku integrado y sonido Dolby Audio - Modelo 2024,213.53,92,DISCONTINUED,2025-08-14 00:34:19,2025-09-05 21:18:34
3318,PROD-03298,"Panasonic Smart TV 85"" 8K Master",Pantalla premium de máxima resolución con inteligencia artificial - Modelo 2025,2544.79,128,ACTIVE,2025-12-25 03:44:25,2026-02-01 03:46:24
3319,PROD-03299,"TCL Smart TV 75"" 4K Frameless",Televisor sin bordes de gran formato con panel LED avanzado - Modelo 2026,1220.83,130,ACTIVE,2026-06-04 09:31:54,2026-07-03 06:48:07
3320,PROD-03300,"Sony Smart TV 43"" 4K UHD",Televisor inteligente con HDR10+ y sistema operativo webOS - Modelo 2023,382.82,100,ACTIVE,2025-06-27 06:15:20,2025-07-27 05:30:31
3321,PROD-03301,"Philips Smart TV 55"" 4K QLED",Televisor QLED con tecnología Quantum Dot y diseño ultra fino - Modelo 2024,655.2,1,ACTIVE,2026-03-22 07:39:43,2026-05-09 04:34:33
3322,PROD-03302,"LG Smart TV 40"" Full HD",Pantalla plana Full HD con puertos HDMI y USB multimedia - Modelo 2025,281.9,124,DISCONTINUED,2025-06-18 00:45:37,2025-07-13 17:28:01
3323,PROD-03303,"LG Smart TV 55"" 4K QLED",Televisor QLED con tecnología Quantum Dot y diseño ultra fino - Modelo 2026,596.66,89,DISCONTINUED,2025-03-15 04:11:21,2025-04-03 06:05:29
3324,PROD-03304,"Philips Smart TV 50"" 4K Crystal",Pantalla UHD con procesador Crystal 4K y PurColor - Modelo 2023,466.2,51,ACTIVE,2026-07-21 02:52:33,2026-08-31 02:32:15
3325,PROD-03305,"Hisense Smart TV 85"" 8K Master",Pantalla premium de máxima resolución con inteligencia artificial - Modelo 2024,2514.36,141,ACTIVE,2025-03-24 14:41:51,2025-04-10 22:03:23
3326,PROD-03306,"LG Smart TV 43"" 4K UHD",Televisor inteligente con HDR10+ y sistema operativo webOS - Modelo 2025,468.21,13,DISCONTINUED,2025-09-12 10:40:51,2025-10-08 10:39:51
3327,PROD-03307,"Panasonic Smart TV 40"" Full HD",Pantalla plana Full HD con puertos HDMI y USB multimedia - Modelo 2026,333.13,107,DISCONTINUED,2026-08-21 21:31:14,2026-08-28 01:53:23
3328,PROD-03308,"Sony Smart TV 55"" 4K QLED",Televisor QLED con tecnología Quantum Dot y diseño ultra fino - Modelo 2023,620.0,57,ACTIVE,2025-11-15 23:46:57,2025-12-19 20:42:27
3329,PROD-03309,"LG Smart TV 55"" 4K QLED",Televisor QLED con tecnología Quantum Dot y diseño ultra fino - Modelo 2024,656.28,144,ACTIVE,2026-06-24 04:21:38,2026-07-05 03:46:45
3330,PROD-03310,"Panasonic Smart TV 65"" 4K UHD",Pantalla grande con Dolby Vision Atmos y control por voz - Modelo 2025,778.34,123,DISCONTINUED,2026-06-09 05:28:37,2026-07-27 20:42:43
3331,PROD-03311,"Philips Smart TV 32"" HD LED",Televisor LED HD con Roku integrado y sonido Dolby Audio - Modelo 2026,256.13,27,INACTIVE,2026-02-10 14:02:10,2026-03-23 17:54:53
3332,PROD-03312,"Sony Smart TV 75"" 4K Frameless",Televisor sin bordes de gran formato con panel LED avanzado - Modelo 2023,1267.42,77,ACTIVE,2026-03-21 18:08:00,2026-03-22 11:57:29
3333,PROD-03313,"Panasonic Smart TV 55"" 4K QLED",Televisor QLED con tecnología Quantum Dot y diseño ultra fino - Modelo 2024,686.86,77,ACTIVE,2025-10-29 20:38:04,2025-11-18 15:05:11
3334,PROD-03314,"TCL Smart TV 85"" 8K Master",Pantalla premium de máxima resolución con inteligencia artificial - Modelo 2025,2843.28,149,ACTIVE,2025-09-08 11:24:21,2025-10-16 21:06:11
3335,PROD-03315,"Sony Smart TV 65"" 4K UHD",Pantalla grande con Dolby Vision Atmos y control por voz - Modelo 2026,800.82,92,ACTIVE,2025-11-01 10:48:29,2025-11-18 19:46:58
3336,PROD-03316,"TCL Smart TV 32"" HD LED",Televisor LED HD con Roku integrado y sonido Dolby Audio - Modelo 2023,220.93,143,ACTIVE,2026-01-01 17:38:15,2026-01-16 08:32:23
3337,PROD-03317,"LG Smart TV 40"" Full HD",Pantalla plana Full HD con puertos HDMI y USB multimedia - Modelo 2024,324.01,14,ACTIVE,2026-03-27 12:43:46,2026-05-13 11:31:05
3338,PROD-03318,"Sony Smart TV 75"" 4K Frameless",Televisor sin bordes de gran formato con panel LED avanzado - Modelo 2025,1250.56,26,INACTIVE,2025-04-26 18:14:57,2025-05-18 16:51:13
3339,PROD-03319,"TCL Smart TV 43"" 4K UHD",Televisor inteligente con HDR10+ y sistema operativo webOS - Modelo 2026,402.51,118,ACTIVE,2026-02-09 01:23:25,2026-03-31 14:38:37
3340,PROD-03320,"LG Smart TV 50"" 4K Crystal",Pantalla UHD con procesador Crystal 4K y PurColor - Modelo 2023,493.73,119,INACTIVE,2026-03-17 14:50:08,2026-04-09 06:18:57
3341,PROD-03321,"Sony Smart TV 65"" 4K UHD",Pantalla grande con Dolby Vision Atmos y control por voz - Modelo 2024,887.81,16,ACTIVE,2025-06-07 23:41:35,2025-07-07 11:26:37
3342,PROD-03322,"Samsung Smart TV 43"" 4K UHD",Televisor inteligente con HDR10+ y sistema operativo webOS - Modelo 2025,423.65,51,ACTIVE,2026-05-30 08:49:11,2026-06-17 08:25:18
3343,PROD-03323,"Hisense Smart TV 50"" 4K Crystal",Pantalla UHD con procesador Crystal 4K y PurColor - Modelo 2026,516.02,144,ACTIVE,2026-03-09 18:36:48,2026-04-29 11:46:50
3344,PROD-03324,"LG Smart TV 32"" HD LED",Televisor LED HD con Roku integrado y sonido Dolby Audio - Modelo 2023,258.37,53,INACTIVE,2025-06-26 05:42:30,2025-08-01 20:33:38
3345,PROD-03325,"Sony Smart TV 65"" 4K UHD",Pantalla grande con Dolby Vision Atmos y control por voz - Modelo 2024,807.0,58,ACTIVE,2025-06-10 23:28:37,2025-07-23 06:14:47
3346,PROD-03326,"Samsung Smart TV 32"" HD LED",Televisor LED HD con Roku integrado y sonido Dolby Audio - Modelo 2025,236.95,101,ACTIVE,2025-06-16 07:29:28,2025-06-27 23:06:41
3347,PROD-03327,"Xiaomi Smart TV 75"" 4K Frameless",Televisor sin bordes de gran formato con panel LED avanzado - Modelo 2026,1175.3,42,ACTIVE,2026-02-22 06:49:06,2026-04-04 11:48:00
3348,PROD-03328,"Xiaomi Smart TV 85"" 8K Master",Pantalla premium de máxima resolución con inteligencia artificial - Modelo 2023,2618.65,76,DISCONTINUED,2025-05-22 15:43:54,2025-07-04 12:17:36
3349,PROD-03329,"TCL Smart TV 43"" 4K UHD",Televisor inteligente con HDR10+ y sistema operativo webOS - Modelo 2024,435.56,41,ACTIVE,2025-11-17 21:17:30,2025-11-27 05:23:11
3350,PROD-03330,"LG Smart TV 50"" 4K Crystal",Pantalla UHD con procesador Crystal 4K y PurColor - Modelo 2025,483.66,123,INACTIVE,2025-04-28 02:50:50,2025-05-20 01:44:17
3351,PROD-03331,"Sony Smart TV 43"" 4K UHD",Televisor inteligente con HDR10+ y sistema operativo webOS - Modelo 2026,423.95,50,ACTIVE,2025-09-21 02:48:34,2025-10-23 12:55:16
3352,PROD-03332,"Samsung Smart TV 32"" HD LED",Televisor LED HD con Roku integrado y sonido Dolby Audio - Modelo 2023,267.75,48,ACTIVE,2025-08-22 23:01:24,2025-09-19 15:39:33
3353,PROD-03333,"Panasonic Smart TV 75"" 4K Frameless",Televisor sin bordes de gran formato con panel LED avanzado - Modelo 2024,1373.43,0,DISCONTINUED,2026-06-03 14:20:04,2026-07-11 10:38:23
3354,PROD-03334,"LG Smart TV 50"" 4K Crystal",Pantalla UHD con procesador Crystal 4K y PurColor - Modelo 2025,504.47,23,ACTIVE,2026-05-24 05:49:25,2026-06-26 00:20:42
3355,PROD-03335,"Xiaomi Smart TV 55"" 4K QLED",Televisor QLED con tecnología Quantum Dot y diseño ultra fino - Modelo 2026,691.68,13,DISCONTINUED,2025-02-24 13:48:39,2025-03-25 08:48:12
3356,PROD-03336,"TCL Smart TV 65"" 4K UHD",Pantalla grande con Dolby Vision Atmos y control por voz - Modelo 2023,936.18,108,DISCONTINUED,2026-02-04 05:16:26,2026-02-13 00:15:54
3357,PROD-03337,"Xiaomi Smart TV 75"" 4K Frameless",Televisor sin bordes de gran formato con panel LED avanzado - Modelo 2024,1286.43,12,ACTIVE,2025-07-23 02:10:19,2025-08-15 17:37:44
3358,PROD-03338,"Hisense Smart TV 40"" Full HD",Pantalla plana Full HD con puertos HDMI y USB multimedia - Modelo 2025,327.48,107,INACTIVE,2026-02-08 21:02:07,2026-02-19 08:05:17
3359,PROD-03339,"TCL Smart TV 65"" 4K UHD",Pantalla grande con Dolby Vision Atmos y control por voz - Modelo 2026,883.61,92,INACTIVE,2025-02-24 23:49:57,2025-03-29 19:45:09
3360,PROD-03340,"Hisense Smart TV 32"" HD LED",Televisor LED HD con Roku integrado y sonido Dolby Audio - Modelo 2023,241.65,13,DISCONTINUED,2025-03-08 19:11:47,2025-04-22 06:46:23
3361,PROD-03341,"Sony Smart TV 40"" Full HD",Pantalla plana Full HD con puertos HDMI y USB multimedia - Modelo 2024,276.25,106,INACTIVE,2026-05-28 11:49:19,2026-06-21 13:02:36
3362,PROD-03342,"Philips Smart TV 40"" Full HD",Pantalla plana Full HD con puertos HDMI y USB multimedia - Modelo 2025,328.89,42,INACTIVE,2026-01-28 03:47:23,2026-02-20 00:56:27
3363,PROD-03343,"Xiaomi Smart TV 50"" 4K Crystal",Pantalla UHD con procesador Crystal 4K y PurColor - Modelo 2026,499.03,22,ACTIVE,2025-09-01 07:04:46,2025-09-04 23:19:36
3364,PROD-03344,"TCL Smart TV 40"" Full HD",Pantalla plana Full HD con puertos HDMI y USB multimedia - Modelo 2023,299.0,1,ACTIVE,2025-02-04 04:01:34,2025-02-18 03:26:39
3365,PROD-03345,"Sony Smart TV 50"" 4K Crystal",Pantalla UHD con procesador Crystal 4K y PurColor - Modelo 2024,484.29,142,ACTIVE,2025-09-20 12:01:41,2025-10-04 18:38:58
3366,PROD-03346,"LG Smart TV 43"" 4K UHD",Televisor inteligente con HDR10+ y sistema operativo webOS - Modelo 2025,408.48,29,DISCONTINUED,2025-11-18 09:24:28,2025-11-21 09:46:05
3367,PROD-03347,"Panasonic Smart TV 75"" 4K Frameless",Televisor sin bordes de gran formato con panel LED avanzado - Modelo 2026,1290.34,109,DISCONTINUED,2026-04-29 03:10:29,2026-05-29 09:07:36
3368,PROD-03348,"LG Smart TV 40"" Full HD",Pantalla plana Full HD con puertos HDMI y USB multimedia - Modelo 2023,336.75,126,DISCONTINUED,2026-08-24 15:32:01,2026-09-09 12:03:16
3369,PROD-03349,"Philips Smart TV 65"" 4K UHD",Pantalla grande con Dolby Vision Atmos y control por voz - Modelo 2024,897.94,116,ACTIVE,2025-11-25 05:34:09,2025-12-29 09:08:56
3370,PROD-03350,"TCL Smart TV 50"" 4K Crystal",Pantalla UHD con procesador Crystal 4K y PurColor - Modelo 2025,557.7,18,ACTIVE,2026-06-03 05:29:34,2026-07-06 03:02:41
3371,PROD-03351,"Sony Smart TV 65"" 4K UHD",Pantalla grande con Dolby Vision Atmos y control por voz - Modelo 2026,844.06,97,DISCONTINUED,2025-06-09 19:27:57,2025-07-21 14:42:06
3372,PROD-03352,"TCL Smart TV 43"" 4K UHD",Televisor inteligente con HDR10+ y sistema operativo webOS - Modelo 2023,385.36,15,INACTIVE,2026-07-22 05:13:33,2026-08-01 10:29:42
3373,PROD-03353,"Samsung Smart TV 55"" 4K QLED",Televisor QLED con tecnología Quantum Dot y diseño ultra fino - Modelo 2024,661.9,23,ACTIVE,2025-08-30 03:48:23,2025-09-16 19:32:53
3374,PROD-03354,"Philips Smart TV 40"" Full HD",Pantalla plana Full HD con puertos HDMI y USB multimedia - Modelo 2025,320.94,13,INACTIVE,2026-06-06 03:54:14,2026-07-25 07:22:18
3375,PROD-03355,"Sony Smart TV 40"" Full HD",Pantalla plana Full HD con puertos HDMI y USB multimedia - Modelo 2026,269.81,17,ACTIVE,2026-05-28 10:36:48,2026-07-05 01:29:08
3376,PROD-03356,"TCL Smart TV 75"" 4K Frameless",Televisor sin bordes de gran formato con panel LED avanzado - Modelo 2023,1142.8,140,ACTIVE,2026-07-22 06:14:38,2026-08-27 04:35:44
3377,PROD-03357,"LG Smart TV 65"" 4K UHD",Pantalla grande con Dolby Vision Atmos y control por voz - Modelo 2024,907.06,1,INACTIVE,2025-02-23 00:19:36,2025-03-27 06:07:38
3378,PROD-03358,"Philips Smart TV 65"" 4K UHD",Pantalla grande con Dolby Vision Atmos y control por voz - Modelo 2025,790.37,130,ACTIVE,2025-05-15 20:46:55,2025-06-26 13:20:30
3379,PROD-03359,"Samsung Smart TV 50"" 4K Crystal",Pantalla UHD con procesador Crystal 4K y PurColor - Modelo 2026,490.8,72,ACTIVE,2026-06-02 14:25:12,2026-07-18 05:15:03
3380,PROD-03360,"Xiaomi Smart TV 43"" 4K UHD",Televisor inteligente con HDR10+ y sistema operativo webOS - Modelo 2023,388.87,98,ACTIVE,2025-01-10 07:27:25,2025-01-29 23:26:26
3381,PROD-03361,"Xiaomi Smart TV 65"" 4K UHD",Pantalla grande con Dolby Vision Atmos y control por voz - Modelo 2024,914.15,59,ACTIVE,2025-10-14 07:38:56,2025-11-25 12:09:31
3382,PROD-03362,"Panasonic Smart TV 55"" 4K QLED",Televisor QLED con tecnología Quantum Dot y diseño ultra fino - Modelo 2025,621.27,47,INACTIVE,2026-01-23 10:28:02,2026-02-07 09:38:00
3383,PROD-03363,"Hisense Smart TV 50"" 4K Crystal",Pantalla UHD con procesador Crystal 4K y PurColor - Modelo 2026,489.55,51,ACTIVE,2025-09-12 15:14:35,2025-10-15 07:28:23
3384,PROD-03364,"Samsung Smart TV 65"" 4K UHD",Pantalla grande con Dolby Vision Atmos y control por voz - Modelo 2023,893.2,7,ACTIVE,2026-03-16 04:19:49,2026-04-24 09:08:49
3385,PROD-03365,"Sony Smart TV 32"" HD LED",Televisor LED HD con Roku integrado y sonido Dolby Audio - Modelo 2024,317.65,119,ACTIVE,2026-04-22 13:28:31,2026-05-19 06:34:12
3386,PROD-03366,"Philips Smart TV 40"" Full HD",Pantalla plana Full HD con puertos HDMI y USB multimedia - Modelo 2025,348.28,31,INACTIVE,2026-02-09 07:41:01,2026-02-21 03:49:59
3387,PROD-03367,"Panasonic Smart TV 50"" 4K Crystal",Pantalla UHD con procesador Crystal 4K y PurColor - Modelo 2026,529.88,128,ACTIVE,2025-05-24 12:25:18,2025-06-17 01:21:37
3388,PROD-03368,"LG Smart TV 85"" 8K Master",Pantalla premium de máxima resolución con inteligencia artificial - Modelo 2023,2706.68,80,INACTIVE,2025-02-07 01:59:52,2025-03-22 22:57:30
3389,PROD-03369,"TCL Smart TV 75"" 4K Frameless",Televisor sin bordes de gran formato con panel LED avanzado - Modelo 2024,1299.82,73,DISCONTINUED,2025-02-15 11:48:21,2025-02-23 00:40:46
3390,PROD-03370,"Samsung Smart TV 43"" 4K UHD",Televisor inteligente con HDR10+ y sistema operativo webOS - Modelo 2025,412.1,50,ACTIVE,2025-12-24 20:42:06,2026-01-13 02:35:38
3391,PROD-03371,"Hisense Smart TV 50"" 4K Crystal",Pantalla UHD con procesador Crystal 4K y PurColor - Modelo 2026,464.41,19,ACTIVE,2026-03-10 13:57:27,2026-04-30 06:40:01
3392,PROD-03372,"Hisense Smart TV 85"" 8K Master",Pantalla premium de máxima resolución con inteligencia artificial - Modelo 2023,2629.97,150,INACTIVE,2026-04-24 15:32:26,2026-06-08 19:20:39
3393,PROD-03373,"Samsung Smart TV 75"" 4K Frameless",Televisor sin bordes de gran formato con panel LED avanzado - Modelo 2024,1327.09,56,DISCONTINUED,2025-12-30 00:49:07,2026-02-07 18:07:20
3394,PROD-03374,"Hisense Smart TV 75"" 4K Frameless",Televisor sin bordes de gran formato con panel LED avanzado - Modelo 2025,1307.48,26,ACTIVE,2025-07-03 00:20:41,2025-08-07 00:37:28
3395,PROD-03375,"Sony Smart TV 43"" 4K UHD",Televisor inteligente con HDR10+ y sistema operativo webOS - Modelo 2026,446.23,133,INACTIVE,2026-03-09 07:04:59,2026-04-03 10:39:10
3396,PROD-03376,"Xiaomi Smart TV 85"" 8K Master",Pantalla premium de máxima resolución con inteligencia artificial - Modelo 2023,2842.84,50,INACTIVE,2026-03-08 03:06:05,2026-04-13 14:12:30
3397,PROD-03377,"Panasonic Smart TV 65"" 4K UHD",Pantalla grande con Dolby Vision Atmos y control por voz - Modelo 2024,915.27,120,ACTIVE,2025-10-05 14:19:10,2025-10-16 13:01:56
3398,PROD-03378,"Panasonic Smart TV 85"" 8K Master",Pantalla premium de máxima resolución con inteligencia artificial - Modelo 2025,2659.62,103,ACTIVE,2025-03-14 18:59:07,2025-03-28 09:09:32
3399,PROD-03379,"Hisense Smart TV 32"" HD LED",Televisor LED HD con Roku integrado y sonido Dolby Audio - Modelo 2026,276.63,25,ACTIVE,2025-12-26 03:39:53,2025-12-29 07:00:59
3400,PROD-03380,"Hisense Smart TV 85"" 8K Master",Pantalla premium de máxima resolución con inteligencia artificial - Modelo 2023,2876.74,111,DISCONTINUED,2025-03-25 15:35:06,2025-04-17 04:05:39
3401,PROD-03381,"LG Smart TV 32"" HD LED",Televisor LED HD con Roku integrado y sonido Dolby Audio - Modelo 2024,263.56,51,DISCONTINUED,2025-05-16 20:06:46,2025-06-02 01:24:26
3402,PROD-03382,"Panasonic Smart TV 50"" 4K Crystal",Pantalla UHD con procesador Crystal 4K y PurColor - Modelo 2025,494.63,69,ACTIVE,2026-04-10 10:18:54,2026-05-24 02:07:34
3403,PROD-03383,"TCL Smart TV 40"" Full HD",Pantalla plana Full HD con puertos HDMI y USB multimedia - Modelo 2026,335.17,28,ACTIVE,2025-06-26 09:29:41,2025-08-07 12:22:19
3404,PROD-03384,"TCL Smart TV 65"" 4K UHD",Pantalla grande con Dolby Vision Atmos y control por voz - Modelo 2023,820.45,104,INACTIVE,2025-12-23 14:15:22,2026-01-02 16:33:06
3405,PROD-03385,"LG Smart TV 75"" 4K Frameless",Televisor sin bordes de gran formato con panel LED avanzado - Modelo 2024,1259.64,76,ACTIVE,2026-02-14 19:20:27,2026-03-16 21:39:07
3406,PROD-03386,"Panasonic Smart TV 50"" 4K Crystal",Pantalla UHD con procesador Crystal 4K y PurColor - Modelo 2025,472.63,14,ACTIVE,2025-01-26 11:39:02,2025-03-17 18:22:42
3407,PROD-03387,"Hisense Smart TV 55"" 4K QLED",Televisor QLED con tecnología Quantum Dot y diseño ultra fino - Modelo 2026,613.3,37,DISCONTINUED,2025-03-30 07:12:57,2025-04-04 13:46:13
3408,PROD-03388,"Hisense Smart TV 85"" 8K Master",Pantalla premium de máxima resolución con inteligencia artificial - Modelo 2023,2681.31,6,ACTIVE,2026-08-13 04:34:54,2026-09-20 14:17:37
3409,PROD-03389,"Hisense Smart TV 55"" 4K QLED",Televisor QLED con tecnología Quantum Dot y diseño ultra fino - Modelo 2024,669.19,0,INACTIVE,2025-03-13 07:16:51,2025-04-01 01:14:09
3410,PROD-03390,"Xiaomi Smart TV 55"" 4K QLED",Televisor QLED con tecnología Quantum Dot y diseño ultra fino - Modelo 2025,640.06,85,INACTIVE,2026-02-25 22:53:24,2026-03-25 13:06:13
3411,PROD-03391,"Sony Smart TV 32"" HD LED",Televisor LED HD con Roku integrado y sonido Dolby Audio - Modelo 2026,246.06,115,DISCONTINUED,2025-08-30 05:43:26,2025-09-18 09:02:54
3412,PROD-03392,"Samsung Smart TV 40"" Full HD",Pantalla plana Full HD con puertos HDMI y USB multimedia - Modelo 2023,285.62,55,ACTIVE,2025-12-07 16:42:08,2026-01-17 03:32:24
3413,PROD-03393,"Samsung Smart TV 55"" 4K QLED",Televisor QLED con tecnología Quantum Dot y diseño ultra fino - Modelo 2024,658.22,109,ACTIVE,2025-09-05 14:53:03,2025-09-20 01:25:44
3414,PROD-03394,"Samsung Smart TV 43"" 4K UHD",Televisor inteligente con HDR10+ y sistema operativo webOS - Modelo 2025,421.28,50,DISCONTINUED,2025-05-21 01:00:19,2025-06-10 11:41:01
3415,PROD-03395,"Panasonic Smart TV 65"" 4K UHD",Pantalla grande con Dolby Vision Atmos y control por voz - Modelo 2026,928.44,70,INACTIVE,2025-12-27 02:02:08,2025-12-31 15:52:44
3416,PROD-03396,"Panasonic Smart TV 65"" 4K UHD",Pantalla grande con Dolby Vision Atmos y control por voz - Modelo 2023,852.77,123,ACTIVE,2026-07-25 10:54:03,2026-07-26 20:21:09
3417,PROD-03397,"Panasonic Smart TV 65"" 4K UHD",Pantalla grande con Dolby Vision Atmos y control por voz - Modelo 2024,864.65,133,INACTIVE,2025-12-17 12:08:56,2025-12-28 10:14:22
3418,PROD-03398,"Xiaomi Smart TV 75"" 4K Frameless",Televisor sin bordes de gran formato con panel LED avanzado - Modelo 2025,1274.84,68,INACTIVE,2026-01-27 11:04:02,2026-03-07 07:13:31
3419,PROD-03399,"TCL Smart TV 43"" 4K UHD",Televisor inteligente con HDR10+ y sistema operativo webOS - Modelo 2026,374.53,126,ACTIVE,2025-03-23 00:44:44,2025-04-09 02:42:09
3420,PROD-03400,"TCL Smart TV 75"" 4K Frameless",Televisor sin bordes de gran formato con panel LED avanzado - Modelo 2023,1290.33,42,ACTIVE,2025-06-11 14:27:21,2025-07-19 22:43:31
3421,PROD-03401,"Panasonic Smart TV 85"" 8K Master",Pantalla premium de máxima resolución con inteligencia artificial - Modelo 2024,2580.2,35,INACTIVE,2026-06-30 17:34:54,2026-08-04 08:23:15
3422,PROD-03402,"Hisense Smart TV 75"" 4K Frameless",Televisor sin bordes de gran formato con panel LED avanzado - Modelo 2025,1221.42,88,DISCONTINUED,2025-08-30 17:13:23,2025-09-16 07:55:50
3423,PROD-03403,"Sony Smart TV 65"" 4K UHD",Pantalla grande con Dolby Vision Atmos y control por voz - Modelo 2026,848.44,55,ACTIVE,2026-07-28 06:06:51,2026-09-05 17:29:01
3424,PROD-03404,"TCL Smart TV 55"" 4K QLED",Televisor QLED con tecnología Quantum Dot y diseño ultra fino - Modelo 2023,634.73,60,ACTIVE,2025-05-24 06:23:11,2025-05-27 03:04:09
3425,PROD-03405,"Philips Smart TV 75"" 4K Frameless",Televisor sin bordes de gran formato con panel LED avanzado - Modelo 2024,1254.07,95,ACTIVE,2025-10-01 10:26:45,2025-10-31 21:27:49
3426,PROD-03406,"Sony Smart TV 85"" 8K Master",Pantalla premium de máxima resolución con inteligencia artificial - Modelo 2025,2597.79,149,INACTIVE,2025-04-08 02:47:54,2025-05-15 10:31:39
3427,PROD-03407,"Xiaomi Smart TV 50"" 4K Crystal",Pantalla UHD con procesador Crystal 4K y PurColor - Modelo 2026,442.25,94,ACTIVE,2025-12-11 05:04:37,2026-01-05 16:47:39
3428,PROD-03408,"LG Smart TV 40"" Full HD",Pantalla plana Full HD con puertos HDMI y USB multimedia - Modelo 2023,298.24,46,INACTIVE,2025-06-03 03:04:44,2025-07-17 11:04:13
3429,PROD-03409,"Xiaomi Smart TV 32"" HD LED",Televisor LED HD con Roku integrado y sonido Dolby Audio - Modelo 2024,193.86,45,ACTIVE,2025-10-08 07:07:47,2025-11-17 10:04:22
3430,PROD-03410,"Panasonic Smart TV 32"" HD LED",Televisor LED HD con Roku integrado y sonido Dolby Audio - Modelo 2025,226.62,107,ACTIVE,2025-08-02 21:02:47,2025-09-03 06:06:55
3431,PROD-03411,"TCL Smart TV 65"" 4K UHD",Pantalla grande con Dolby Vision Atmos y control por voz - Modelo 2026,835.32,97,INACTIVE,2025-03-27 05:14:14,2025-04-24 09:08:17
3432,PROD-03412,"Panasonic Smart TV 75"" 4K Frameless",Televisor sin bordes de gran formato con panel LED avanzado - Modelo 2023,1261.49,108,DISCONTINUED,2026-04-04 14:26:50,2026-05-04 03:24:33
3433,PROD-03413,"Xiaomi Smart TV 43"" 4K UHD",Televisor inteligente con HDR10+ y sistema operativo webOS - Modelo 2024,402.04,16,ACTIVE,2026-08-19 07:32:49,2026-09-02 10:26:51
3434,PROD-03414,"Philips Smart TV 55"" 4K QLED",Televisor QLED con tecnología Quantum Dot y diseño ultra fino - Modelo 2025,669.58,89,ACTIVE,2025-05-15 09:01:23,2025-05-21 12:41:45
3435,PROD-03415,"Samsung Smart TV 50"" 4K Crystal",Pantalla UHD con procesador Crystal 4K y PurColor - Modelo 2026,449.46,3,ACTIVE,2026-01-21 01:25:40,2026-01-31 16:22:02
3436,PROD-03416,"Panasonic Smart TV 65"" 4K UHD",Pantalla grande con Dolby Vision Atmos y control por voz - Modelo 2023,862.71,35,INACTIVE,2025-12-29 00:33:40,2026-01-17 03:45:28
3437,PROD-03417,"LG Smart TV 55"" 4K QLED",Televisor QLED con tecnología Quantum Dot y diseño ultra fino - Modelo 2024,594.57,83,INACTIVE,2026-01-24 19:09:35,2026-02-04 23:51:21
3438,PROD-03418,"Xiaomi Smart TV 55"" 4K QLED",Televisor QLED con tecnología Quantum Dot y diseño ultra fino - Modelo 2025,608.98,35,ACTIVE,2025-11-22 04:14:38,2026-01-08 22:09:15
3439,PROD-03419,"Hisense Smart TV 50"" 4K Crystal",Pantalla UHD con procesador Crystal 4K y PurColor - Modelo 2026,422.19,57,ACTIVE,2025-07-15 19:36:00,2025-08-15 23:45:38
3440,PROD-03420,"Philips Smart TV 43"" 4K UHD",Televisor inteligente con HDR10+ y sistema operativo webOS - Modelo 2023,419.45,55,INACTIVE,2026-07-04 19:07:50,2026-07-24 10:27:23
3441,PROD-03421,"Samsung Smart TV 65"" 4K UHD",Pantalla grande con Dolby Vision Atmos y control por voz - Modelo 2024,846.56,86,ACTIVE,2026-03-26 08:41:47,2026-04-14 09:17:55
3442,PROD-03422,"Panasonic Smart TV 55"" 4K QLED",Televisor QLED con tecnología Quantum Dot y diseño ultra fino - Modelo 2025,660.44,52,ACTIVE,2025-03-03 09:38:25,2025-04-04 09:34:28
3443,PROD-03423,"Sony Smart TV 32"" HD LED",Televisor LED HD con Roku integrado y sonido Dolby Audio - Modelo 2026,268.58,99,INACTIVE,2025-08-22 07:16:24,2025-08-28 23:16:13
3444,PROD-03424,"Hisense Smart TV 40"" Full HD",Pantalla plana Full HD con puertos HDMI y USB multimedia - Modelo 2023,292.61,21,ACTIVE,2025-01-22 07:51:31,2025-02-04 03:34:08
3445,PROD-03425,"Samsung Smart TV 85"" 8K Master",Pantalla premium de máxima resolución con inteligencia artificial - Modelo 2024,2633.82,23,ACTIVE,2026-03-08 14:17:19,2026-03-31 20:16:09
3446,PROD-03426,"Philips Smart TV 55"" 4K QLED",Televisor QLED con tecnología Quantum Dot y diseño ultra fino - Modelo 2025,666.37,87,ACTIVE,2026-06-09 23:04:55,2026-06-30 12:40:33
3447,PROD-03427,"Xiaomi Smart TV 32"" HD LED",Televisor LED HD con Roku integrado y sonido Dolby Audio - Modelo 2026,200.43,30,ACTIVE,2025-04-19 18:06:50,2025-06-02 13:49:55
3448,PROD-03428,"Hisense Smart TV 75"" 4K Frameless",Televisor sin bordes de gran formato con panel LED avanzado - Modelo 2023,1312.68,115,ACTIVE,2025-09-25 09:41:47,2025-11-15 00:13:17
3449,PROD-03429,"TCL Smart TV 32"" HD LED",Televisor LED HD con Roku integrado y sonido Dolby Audio - Modelo 2024,218.34,68,DISCONTINUED,2026-04-07 14:20:44,2026-05-11 03:34:25
3450,PROD-03430,"Panasonic Smart TV 32"" HD LED",Televisor LED HD con Roku integrado y sonido Dolby Audio - Modelo 2025,265.99,147,ACTIVE,2025-04-05 07:46:33,2025-04-11 14:26:01
3451,PROD-03431,"Sony Smart TV 75"" 4K Frameless",Televisor sin bordes de gran formato con panel LED avanzado - Modelo 2026,1195.27,10,DISCONTINUED,2025-04-04 17:30:28,2025-04-26 23:08:08
3452,PROD-03432,"Philips Smart TV 32"" HD LED",Televisor LED HD con Roku integrado y sonido Dolby Audio - Modelo 2023,250.08,92,ACTIVE,2025-12-14 13:55:08,2026-01-17 08:18:25
3453,PROD-03433,"Philips Smart TV 40"" Full HD",Pantalla plana Full HD con puertos HDMI y USB multimedia - Modelo 2024,345.01,80,DISCONTINUED,2026-04-25 18:05:35,2026-06-01 21:25:17
3454,PROD-03434,"Hisense Smart TV 65"" 4K UHD",Pantalla grande con Dolby Vision Atmos y control por voz - Modelo 2025,953.65,67,ACTIVE,2026-06-07 08:03:16,2026-07-03 07:21:25
3455,PROD-03435,"Sony Smart TV 40"" Full HD",Pantalla plana Full HD con puertos HDMI y USB multimedia - Modelo 2026,295.43,105,INACTIVE,2025-06-18 18:01:57,2025-07-30 07:56:18
3456,PROD-03436,"Panasonic Smart TV 85"" 8K Master",Pantalla premium de máxima resolución con inteligencia artificial - Modelo 2023,2776.57,18,DISCONTINUED,2025-08-19 15:02:41,2025-10-01 07:54:27
3457,PROD-03437,"Xiaomi Smart TV 32"" HD LED",Televisor LED HD con Roku integrado y sonido Dolby Audio - Modelo 2024,260.98,41,ACTIVE,2026-08-24 09:33:46,2026-08-31 18:05:22
3458,PROD-03438,"Sony Smart TV 50"" 4K Crystal",Pantalla UHD con procesador Crystal 4K y PurColor - Modelo 2025,512.64,44,ACTIVE,2026-02-08 23:44:16,2026-02-09 22:06:27
3459,PROD-03439,"Xiaomi Smart TV 75"" 4K Frameless",Televisor sin bordes de gran formato con panel LED avanzado - Modelo 2026,1251.51,31,DISCONTINUED,2025-09-20 02:01:31,2025-10-11 02:05:28
3460,PROD-03440,"Sony Smart TV 75"" 4K Frameless",Televisor sin bordes de gran formato con panel LED avanzado - Modelo 2023,1173.0,103,DISCONTINUED,2026-06-04 23:53:44,2026-06-28 01:20:31
3461,PROD-03441,"Samsung Smart TV 32"" HD LED",Televisor LED HD con Roku integrado y sonido Dolby Audio - Modelo 2024,245.61,37,ACTIVE,2025-12-05 18:45:25,2025-12-20 09:53:59
3462,PROD-03442,"Philips Smart TV 43"" 4K UHD",Televisor inteligente con HDR10+ y sistema operativo webOS - Modelo 2025,362.32,23,ACTIVE,2025-01-04 10:46:10,2025-01-17 03:36:25
3463,PROD-03443,"Hisense Smart TV 40"" Full HD",Pantalla plana Full HD con puertos HDMI y USB multimedia - Modelo 2026,315.58,94,ACTIVE,2025-03-28 10:02:53,2025-04-24 17:25:11
3464,PROD-03444,"Sony Smart TV 40"" Full HD",Pantalla plana Full HD con puertos HDMI y USB multimedia - Modelo 2023,298.62,41,ACTIVE,2026-06-15 12:08:50,2026-06-29 07:31:59
3465,PROD-03445,"Samsung Smart TV 40"" Full HD",Pantalla plana Full HD con puertos HDMI y USB multimedia - Modelo 2024,272.14,45,ACTIVE,2025-11-08 23:25:57,2025-11-17 10:25:57
3466,PROD-03446,"Sony Smart TV 32"" HD LED",Televisor LED HD con Roku integrado y sonido Dolby Audio - Modelo 2025,223.18,140,DISCONTINUED,2025-05-22 01:03:10,2025-07-02 11:36:28
3467,PROD-03447,"Sony Smart TV 43"" 4K UHD",Televisor inteligente con HDR10+ y sistema operativo webOS - Modelo 2026,473.65,111,DISCONTINUED,2026-03-20 02:46:11,2026-04-21 02:53:29
3468,PROD-03448,"Hisense Smart TV 65"" 4K UHD",Pantalla grande con Dolby Vision Atmos y control por voz - Modelo 2023,858.42,118,DISCONTINUED,2025-10-25 23:17:44,2025-11-18 09:32:24
3469,PROD-03449,"LG Smart TV 55"" 4K QLED",Televisor QLED con tecnología Quantum Dot y diseño ultra fino - Modelo 2024,698.85,138,INACTIVE,2025-09-19 11:05:43,2025-09-23 21:17:21
3470,PROD-03450,"LG Smart TV 43"" 4K UHD",Televisor inteligente con HDR10+ y sistema operativo webOS - Modelo 2025,451.18,62,ACTIVE,2026-07-15 07:51:25,2026-07-16 07:21:46
3471,PROD-03451,"Panasonic Smart TV 55"" 4K QLED",Televisor QLED con tecnología Quantum Dot y diseño ultra fino - Modelo 2026,657.04,34,INACTIVE,2025-10-07 20:40:39,2025-11-25 20:11:47
3472,PROD-03452,"Sony Smart TV 43"" 4K UHD",Televisor inteligente con HDR10+ y sistema operativo webOS - Modelo 2023,427.03,81,ACTIVE,2026-08-07 00:54:15,2026-09-22 12:25:01
3473,PROD-03453,"Xiaomi Smart TV 65"" 4K UHD",Pantalla grande con Dolby Vision Atmos y control por voz - Modelo 2024,797.17,62,DISCONTINUED,2025-08-06 10:16:52,2025-08-25 01:30:12
3474,PROD-03454,"Philips Smart TV 43"" 4K UHD",Televisor inteligente con HDR10+ y sistema operativo webOS - Modelo 2025,401.44,69,ACTIVE,2025-07-29 19:32:51,2025-09-15 03:12:16
3475,PROD-03455,"Panasonic Smart TV 43"" 4K UHD",Televisor inteligente con HDR10+ y sistema operativo webOS - Modelo 2026,375.27,16,ACTIVE,2025-03-20 00:21:20,2025-04-04 12:47:33
3476,PROD-03456,"Philips Smart TV 85"" 8K Master",Pantalla premium de máxima resolución con inteligencia artificial - Modelo 2023,2817.95,33,ACTIVE,2025-05-20 21:02:27,2025-06-22 10:23:30
3477,PROD-03457,"Hisense Smart TV 40"" Full HD",Pantalla plana Full HD con puertos HDMI y USB multimedia - Modelo 2024,301.12,68,ACTIVE,2025-05-27 15:30:49,2025-07-01 10:18:01
3478,PROD-03458,"Panasonic Smart TV 65"" 4K UHD",Pantalla grande con Dolby Vision Atmos y control por voz - Modelo 2025,891.07,143,DISCONTINUED,2026-04-28 09:37:22,2026-05-31 06:17:27
3479,PROD-03459,"Sony Smart TV 85"" 8K Master",Pantalla premium de máxima resolución con inteligencia artificial - Modelo 2026,2622.76,147,INACTIVE,2025-08-10 21:15:51,2025-09-28 05:52:56
3480,PROD-03460,"Hisense Smart TV 75"" 4K Frameless",Televisor sin bordes de gran formato con panel LED avanzado - Modelo 2023,1328.85,128,ACTIVE,2025-06-23 02:17:39,2025-07-03 00:34:11
3481,PROD-03461,"TCL Smart TV 55"" 4K QLED",Televisor QLED con tecnología Quantum Dot y diseño ultra fino - Modelo 2024,600.84,64,DISCONTINUED,2026-08-24 08:51:16,2026-09-09 11:16:25
3482,PROD-03462,"LG Smart TV 50"" 4K Crystal",Pantalla UHD con procesador Crystal 4K y PurColor - Modelo 2025,435.31,6,ACTIVE,2025-05-14 02:15:32,2025-06-22 04:57:52
3483,PROD-03463,"Sony Smart TV 43"" 4K UHD",Televisor inteligente con HDR10+ y sistema operativo webOS - Modelo 2026,389.46,143,ACTIVE,2025-03-17 02:57:18,2025-04-16 18:36:32
3484,PROD-03464,"Hisense Smart TV 75"" 4K Frameless",Televisor sin bordes de gran formato con panel LED avanzado - Modelo 2023,1305.39,65,INACTIVE,2025-05-12 01:01:14,2025-05-15 21:58:14
3485,PROD-03465,"Hisense Smart TV 85"" 8K Master",Pantalla premium de máxima resolución con inteligencia artificial - Modelo 2024,2642.37,126,DISCONTINUED,2026-06-06 09:39:23,2026-07-05 20:40:31
3486,PROD-03466,"Xiaomi Smart TV 32"" HD LED",Televisor LED HD con Roku integrado y sonido Dolby Audio - Modelo 2025,301.46,88,ACTIVE,2026-01-09 15:33:29,2026-01-31 05:50:30
3487,PROD-03467,"Sony Smart TV 65"" 4K UHD",Pantalla grande con Dolby Vision Atmos y control por voz - Modelo 2026,832.68,82,INACTIVE,2026-04-10 08:45:54,2026-04-21 00:36:01
3488,PROD-03468,"Sony Smart TV 32"" HD LED",Televisor LED HD con Roku integrado y sonido Dolby Audio - Modelo 2023,215.03,130,ACTIVE,2025-04-06 19:43:10,2025-05-04 02:34:16
3489,PROD-03469,"Hisense Smart TV 55"" 4K QLED",Televisor QLED con tecnología Quantum Dot y diseño ultra fino - Modelo 2024,683.82,77,INACTIVE,2026-05-22 19:13:04,2026-06-04 10:25:20
3490,PROD-03470,"Sony Smart TV 85"" 8K Master",Pantalla premium de máxima resolución con inteligencia artificial - Modelo 2025,2941.52,82,ACTIVE,2026-01-26 18:01:06,2026-03-13 05:24:11
3491,PROD-03471,"LG Smart TV 85"" 8K Master",Pantalla premium de máxima resolución con inteligencia artificial - Modelo 2026,2778.5,115,ACTIVE,2025-10-03 21:18:58,2025-10-17 18:57:16
3492,PROD-03472,"LG Smart TV 55"" 4K QLED",Televisor QLED con tecnología Quantum Dot y diseño ultra fino - Modelo 2023,655.81,93,ACTIVE,2026-01-15 20:19:38,2026-02-09 18:56:06
3493,PROD-03473,"Xiaomi Smart TV 32"" HD LED",Televisor LED HD con Roku integrado y sonido Dolby Audio - Modelo 2024,282.08,139,ACTIVE,2025-10-26 15:30:16,2025-12-05 05:51:29
3494,PROD-03474,"Sony Smart TV 85"" 8K Master",Pantalla premium de máxima resolución con inteligencia artificial - Modelo 2025,2867.18,57,ACTIVE,2025-04-22 06:09:00,2025-05-01 13:05:37
3495,PROD-03475,"Panasonic Smart TV 43"" 4K UHD",Televisor inteligente con HDR10+ y sistema operativo webOS - Modelo 2026,409.96,14,INACTIVE,2026-04-10 08:56:57,2026-05-31 01:02:11
3496,PROD-03476,"Xiaomi Smart TV 85"" 8K Master",Pantalla premium de máxima resolución con inteligencia artificial - Modelo 2023,2613.25,116,ACTIVE,2025-08-11 19:15:46,2025-08-31 13:03:14
3497,PROD-03477,"Sony Smart TV 32"" HD LED",Televisor LED HD con Roku integrado y sonido Dolby Audio - Modelo 2024,283.53,27,ACTIVE,2025-04-29 10:59:20,2025-05-23 02:14:34
3498,PROD-03478,"Philips Smart TV 65"" 4K UHD",Pantalla grande con Dolby Vision Atmos y control por voz - Modelo 2025,811.54,32,INACTIVE,2025-02-26 11:56:33,2025-04-03 04:43:11
3499,PROD-03479,"TCL Smart TV 43"" 4K UHD",Televisor inteligente con HDR10+ y sistema operativo webOS - Modelo 2026,420.35,2,ACTIVE,2025-11-05 14:17:47,2025-12-02 15:57:10
3500,PROD-03480,"Panasonic Smart TV 75"" 4K Frameless",Televisor sin bordes de gran formato con panel LED avanzado - Modelo 2023,1242.23,84,DISCONTINUED,2026-08-10 05:34:22,2026-08-18 04:11:54
3501,PROD-03481,"LG Smart TV 32"" HD LED",Televisor LED HD con Roku integrado y sonido Dolby Audio - Modelo 2024,219.87,79,ACTIVE,2025-08-31 00:33:35,2025-09-04 06:10:47
3502,PROD-03482,"Xiaomi Smart TV 65"" 4K UHD",Pantalla grande con Dolby Vision Atmos y control por voz - Modelo 2025,898.05,71,ACTIVE,2025-07-20 05:45:23,2025-07-30 18:50:39
3503,PROD-03483,"Philips Smart TV 32"" HD LED",Televisor LED HD con Roku integrado y sonido Dolby Audio - Modelo 2026,227.92,51,ACTIVE,2025-06-18 21:06:16,2025-06-25 21:26:55
3504,PROD-03484,"LG Smart TV 32"" HD LED",Televisor LED HD con Roku integrado y sonido Dolby Audio - Modelo 2023,270.56,109,ACTIVE,2026-03-21 09:01:24,2026-04-03 09:21:17
3505,PROD-03485,"LG Smart TV 32"" HD LED",Televisor LED HD con Roku integrado y sonido Dolby Audio - Modelo 2024,267.54,18,ACTIVE,2025-11-16 04:53:36,2025-12-21 21:37:11
3506,PROD-03486,"Sony Smart TV 50"" 4K Crystal",Pantalla UHD con procesador Crystal 4K y PurColor - Modelo 2025,447.36,18,ACTIVE,2025-09-02 14:51:12,2025-09-12 07:04:39
3507,PROD-03487,"Xiaomi Smart TV 50"" 4K Crystal",Pantalla UHD con procesador Crystal 4K y PurColor - Modelo 2026,525.54,59,ACTIVE,2026-01-30 11:05:07,2026-03-14 06:23:50
3508,PROD-03488,"Panasonic Smart TV 65"" 4K UHD",Pantalla grande con Dolby Vision Atmos y control por voz - Modelo 2023,919.18,108,INACTIVE,2026-07-29 17:06:27,2026-08-13 16:49:54
3509,PROD-03489,"Philips Smart TV 32"" HD LED",Televisor LED HD con Roku integrado y sonido Dolby Audio - Modelo 2024,239.43,24,ACTIVE,2025-05-05 23:52:30,2025-06-16 12:45:32
3510,PROD-03490,"Panasonic Smart TV 50"" 4K Crystal",Pantalla UHD con procesador Crystal 4K y PurColor - Modelo 2025,513.33,140,ACTIVE,2025-09-23 07:53:04,2025-11-05 13:37:21
3511,PROD-03491,"Xiaomi Smart TV 85"" 8K Master",Pantalla premium de máxima resolución con inteligencia artificial - Modelo 2026,2809.86,37,ACTIVE,2025-07-01 10:18:24,2025-07-21 10:33:42
3512,PROD-03492,"Panasonic Smart TV 40"" Full HD",Pantalla plana Full HD con puertos HDMI y USB multimedia - Modelo 2023,349.3,26,ACTIVE,2026-06-02 05:46:28,2026-06-29 18:24:53
3513,PROD-03493,"Panasonic Smart TV 65"" 4K UHD",Pantalla grande con Dolby Vision Atmos y control por voz - Modelo 2024,838.42,99,INACTIVE,2025-10-03 03:13:17,2025-11-04 15:04:39
3514,PROD-03494,"Hisense Smart TV 40"" Full HD",Pantalla plana Full HD con puertos HDMI y USB multimedia - Modelo 2025,365.04,140,ACTIVE,2025-09-08 05:38:48,2025-10-20 21:25:37
3515,PROD-03495,"Sony Smart TV 65"" 4K UHD",Pantalla grande con Dolby Vision Atmos y control por voz - Modelo 2026,828.22,42,DISCONTINUED,2026-07-26 11:00:25,2026-08-02 11:46:25
3516,PROD-03496,"LG Smart TV 85"" 8K Master",Pantalla premium de máxima resolución con inteligencia artificial - Modelo 2023,2857.56,141,DISCONTINUED,2025-04-06 18:08:58,2025-05-22 05:39:55
3517,PROD-03497,"Hisense Smart TV 75"" 4K Frameless",Televisor sin bordes de gran formato con panel LED avanzado - Modelo 2024,1230.91,119,INACTIVE,2026-07-03 08:11:26,2026-08-03 16:28:58
3518,PROD-03498,"Philips Smart TV 65"" 4K UHD",Pantalla grande con Dolby Vision Atmos y control por voz - Modelo 2025,838.97,120,ACTIVE,2026-05-29 08:57:55,2026-07-09 16:31:49
3519,PROD-03499,"Samsung Smart TV 65"" 4K UHD",Pantalla grande con Dolby Vision Atmos y control por voz - Modelo 2026,897.57,89,ACTIVE,2025-06-14 19:08:24,2025-07-28 05:31:19
3520,PROD-03500,"Panasonic Smart TV 55"" 4K QLED",Televisor QLED con tecnología Quantum Dot y diseño ultra fino - Modelo 2023,632.09,92,ACTIVE,2026-03-09 21:06:21,2026-04-22 22:12:08
3521,PROD-03501,"Sony Smart TV 43"" 4K UHD",Televisor inteligente con HDR10+ y sistema operativo webOS - Modelo 2024,423.48,62,ACTIVE,2025-04-17 12:14:07,2025-05-29 09:37:00
3522,PROD-03502,"Samsung Smart TV 50"" 4K Crystal",Pantalla UHD con procesador Crystal 4K y PurColor - Modelo 2025,479.81,79,INACTIVE,2026-02-26 10:45:42,2026-02-26 21:32:53
3523,PROD-03503,"Samsung Smart TV 40"" Full HD",Pantalla plana Full HD con puertos HDMI y USB multimedia - Modelo 2026,326.52,140,ACTIVE,2025-11-25 11:19:52,2026-01-13 00:44:56
3524,PROD-03504,"TCL Smart TV 43"" 4K UHD",Televisor inteligente con HDR10+ y sistema operativo webOS - Modelo 2023,429.1,7,DISCONTINUED,2025-10-12 06:50:39,2025-11-04 23:28:36
3525,PROD-03505,"Sony Smart TV 32"" HD LED",Televisor LED HD con Roku integrado y sonido Dolby Audio - Modelo 2024,238.45,93,INACTIVE,2026-05-16 00:46:56,2026-06-03 20:04:10
3526,PROD-03506,"Samsung Smart TV 85"" 8K Master",Pantalla premium de máxima resolución con inteligencia artificial - Modelo 2025,2892.99,97,ACTIVE,2025-04-12 02:12:40,2025-05-17 03:25:13
3527,PROD-03507,"Hisense Smart TV 43"" 4K UHD",Televisor inteligente con HDR10+ y sistema operativo webOS - Modelo 2026,383.56,86,DISCONTINUED,2026-07-20 11:21:08,2026-08-13 12:11:44
3528,PROD-03508,"Philips Smart TV 32"" HD LED",Televisor LED HD con Roku integrado y sonido Dolby Audio - Modelo 2023,263.14,24,ACTIVE,2025-06-06 06:19:40,2025-06-29 05:33:47
3529,PROD-03509,"Sony Smart TV 40"" Full HD",Pantalla plana Full HD con puertos HDMI y USB multimedia - Modelo 2024,318.07,118,DISCONTINUED,2025-12-21 04:45:23,2026-02-05 05:13:39
3530,PROD-03510,"Philips Smart TV 50"" 4K Crystal",Pantalla UHD con procesador Crystal 4K y PurColor - Modelo 2025,476.67,32,ACTIVE,2025-02-27 06:14:18,2025-02-27 17:19:57
3531,PROD-03511,"Panasonic Smart TV 85"" 8K Master",Pantalla premium de máxima resolución con inteligencia artificial - Modelo 2026,2911.64,131,ACTIVE,2025-09-29 19:49:26,2025-11-10 21:27:05
3532,PROD-03512,"Hisense Smart TV 32"" HD LED",Televisor LED HD con Roku integrado y sonido Dolby Audio - Modelo 2023,271.02,102,ACTIVE,2025-08-18 15:14:15,2025-10-07 15:56:26
3533,PROD-03513,"Xiaomi Smart TV 65"" 4K UHD",Pantalla grande con Dolby Vision Atmos y control por voz - Modelo 2024,830.33,23,DISCONTINUED,2026-08-11 07:02:09,2026-09-14 19:31:05
3534,PROD-03514,"Hisense Smart TV 55"" 4K QLED",Televisor QLED con tecnología Quantum Dot y diseño ultra fino - Modelo 2025,645.29,125,DISCONTINUED,2025-08-23 11:55:59,2025-09-02 04:50:55
3535,PROD-03515,"Samsung Smart TV 32"" HD LED",Televisor LED HD con Roku integrado y sonido Dolby Audio - Modelo 2026,288.06,11,DISCONTINUED,2026-05-28 19:31:00,2026-06-02 17:33:22
3536,PROD-03516,"Panasonic Smart TV 85"" 8K Master",Pantalla premium de máxima resolución con inteligencia artificial - Modelo 2023,2886.52,44,ACTIVE,2026-05-22 10:30:17,2026-06-15 12:00:16
3537,PROD-03517,"Samsung Smart TV 55"" 4K QLED",Televisor QLED con tecnología Quantum Dot y diseño ultra fino - Modelo 2024,618.88,31,DISCONTINUED,2026-04-26 17:06:46,2026-06-10 21:59:16
3538,PROD-03518,"Hisense Smart TV 32"" HD LED",Televisor LED HD con Roku integrado y sonido Dolby Audio - Modelo 2025,255.64,14,INACTIVE,2025-08-20 23:22:15,2025-08-21 21:40:48
3539,PROD-03519,"Sony Smart TV 85"" 8K Master",Pantalla premium de máxima resolución con inteligencia artificial - Modelo 2026,2696.19,104,INACTIVE,2025-09-09 10:34:03,2025-10-10 09:06:07
3540,PROD-03520,"Samsung Smart TV 43"" 4K UHD",Televisor inteligente con HDR10+ y sistema operativo webOS - Modelo 2023,421.18,140,DISCONTINUED,2025-03-19 09:09:15,2025-04-21 09:35:13
3541,PROD-03521,"Sony Smart TV 50"" 4K Crystal",Pantalla UHD con procesador Crystal 4K y PurColor - Modelo 2024,535.03,81,INACTIVE,2026-06-03 11:08:33,2026-06-14 05:43:26
3542,PROD-03522,"Hisense Smart TV 40"" Full HD",Pantalla plana Full HD con puertos HDMI y USB multimedia - Modelo 2025,347.68,50,ACTIVE,2025-05-19 03:18:31,2025-05-24 16:46:31
3543,PROD-03523,"Xiaomi Smart TV 40"" Full HD",Pantalla plana Full HD con puertos HDMI y USB multimedia - Modelo 2026,330.41,144,ACTIVE,2025-08-02 18:01:03,2025-09-08 07:24:54
3544,PROD-03524,"Samsung Smart TV 55"" 4K QLED",Televisor QLED con tecnología Quantum Dot y diseño ultra fino - Modelo 2023,647.21,113,INACTIVE,2025-06-04 12:24:59,2025-07-10 10:42:40
3545,PROD-03525,"Samsung Smart TV 32"" HD LED",Televisor LED HD con Roku integrado y sonido Dolby Audio - Modelo 2024,223.72,67,INACTIVE,2025-02-28 03:13:35,2025-03-13 15:01:31
3546,PROD-03526,"Xiaomi Smart TV 50"" 4K Crystal",Pantalla UHD con procesador Crystal 4K y PurColor - Modelo 2025,525.08,54,ACTIVE,2025-11-29 22:18:30,2026-01-16 14:13:25
3547,PROD-03527,"Sony Smart TV 50"" 4K Crystal",Pantalla UHD con procesador Crystal 4K y PurColor - Modelo 2026,442.01,18,INACTIVE,2025-12-23 18:39:49,2026-01-12 22:58:42
3548,PROD-03528,"Samsung Smart TV 55"" 4K QLED",Televisor QLED con tecnología Quantum Dot y diseño ultra fino - Modelo 2023,644.01,107,ACTIVE,2025-04-03 05:57:55,2025-05-02 11:20:45
3549,PROD-03529,"Hisense Smart TV 43"" 4K UHD",Televisor inteligente con HDR10+ y sistema operativo webOS - Modelo 2024,392.44,89,ACTIVE,2025-12-20 20:55:57,2026-01-08 22:29:42
3550,PROD-03530,"TCL Smart TV 55"" 4K QLED",Televisor QLED con tecnología Quantum Dot y diseño ultra fino - Modelo 2025,667.19,65,ACTIVE,2025-02-13 00:01:21,2025-03-02 13:13:35
3551,PROD-03531,"Philips Smart TV 50"" 4K Crystal",Pantalla UHD con procesador Crystal 4K y PurColor - Modelo 2026,463.11,51,ACTIVE,2025-07-23 01:40:38,2025-07-30 03:12:47
3552,PROD-03532,"TCL Smart TV 32"" HD LED",Televisor LED HD con Roku integrado y sonido Dolby Audio - Modelo 2023,295.85,68,ACTIVE,2026-08-02 03:52:36,2026-08-03 12:36:27
3553,PROD-03533,"Samsung Smart TV 85"" 8K Master",Pantalla premium de máxima resolución con inteligencia artificial - Modelo 2024,2810.67,101,ACTIVE,2025-07-11 21:11:15,2025-07-26 21:51:25
3554,PROD-03534,"Sony Smart TV 75"" 4K Frameless",Televisor sin bordes de gran formato con panel LED avanzado - Modelo 2025,1262.11,8,ACTIVE,2025-03-13 15:45:00,2025-03-22 00:12:19
3555,PROD-03535,"Samsung Smart TV 75"" 4K Frameless",Televisor sin bordes de gran formato con panel LED avanzado - Modelo 2026,1273.17,84,ACTIVE,2025-07-13 05:01:26,2025-07-30 00:05:27
3556,PROD-03536,"Samsung Smart TV 50"" 4K Crystal",Pantalla UHD con procesador Crystal 4K y PurColor - Modelo 2023,457.11,52,ACTIVE,2026-02-26 04:54:41,2026-03-26 00:54:33
3557,PROD-03537,"TCL Smart TV 65"" 4K UHD",Pantalla grande con Dolby Vision Atmos y control por voz - Modelo 2024,795.51,130,ACTIVE,2026-06-11 13:35:32,2026-06-22 09:57:48
3558,PROD-03538,"Hisense Smart TV 40"" Full HD",Pantalla plana Full HD con puertos HDMI y USB multimedia - Modelo 2025,259.64,96,INACTIVE,2025-06-26 06:15:56,2025-08-12 18:08:37
3559,PROD-03539,"Samsung Smart TV 43"" 4K UHD",Televisor inteligente con HDR10+ y sistema operativo webOS - Modelo 2026,397.47,60,DISCONTINUED,2026-05-01 05:57:45,2026-05-10 17:29:29
3560,PROD-03540,"Samsung Smart TV 75"" 4K Frameless",Televisor sin bordes de gran formato con panel LED avanzado - Modelo 2023,1304.26,117,ACTIVE,2025-11-17 23:20:32,2026-01-06 02:00:47
3561,PROD-03541,"TCL Smart TV 75"" 4K Frameless",Televisor sin bordes de gran formato con panel LED avanzado - Modelo 2024,1202.16,28,ACTIVE,2025-09-16 19:03:28,2025-11-03 14:59:34
3562,PROD-03542,"Hisense Smart TV 85"" 8K Master",Pantalla premium de máxima resolución con inteligencia artificial - Modelo 2025,2605.45,49,DISCONTINUED,2025-02-15 18:50:44,2025-04-03 13:54:15
3563,PROD-03543,"TCL Smart TV 85"" 8K Master",Pantalla premium de máxima resolución con inteligencia artificial - Modelo 2026,2775.51,20,ACTIVE,2025-05-27 11:57:48,2025-07-16 11:42:35
3564,PROD-03544,"Xiaomi Smart TV 32"" HD LED",Televisor LED HD con Roku integrado y sonido Dolby Audio - Modelo 2023,233.73,107,DISCONTINUED,2026-03-21 19:04:14,2026-05-07 15:31:11
3565,PROD-03545,"TCL Smart TV 43"" 4K UHD",Televisor inteligente con HDR10+ y sistema operativo webOS - Modelo 2024,452.95,93,ACTIVE,2026-04-23 00:26:59,2026-06-10 21:09:04
3566,PROD-03546,"Hisense Smart TV 65"" 4K UHD",Pantalla grande con Dolby Vision Atmos y control por voz - Modelo 2025,856.16,128,ACTIVE,2025-04-18 11:53:14,2025-05-09 05:57:03
3567,PROD-03547,"LG Smart TV 50"" 4K Crystal",Pantalla UHD con procesador Crystal 4K y PurColor - Modelo 2026,539.63,72,ACTIVE,2025-09-04 23:56:16,2025-09-18 13:02:18
3568,PROD-03548,"LG Smart TV 32"" HD LED",Televisor LED HD con Roku integrado y sonido Dolby Audio - Modelo 2023,226.52,137,INACTIVE,2026-08-18 14:37:50,2026-08-22 13:31:55
3569,PROD-03549,"LG Smart TV 43"" 4K UHD",Televisor inteligente con HDR10+ y sistema operativo webOS - Modelo 2024,436.51,73,ACTIVE,2025-11-07 07:51:44,2025-12-22 04:57:56
3570,PROD-03550,"Xiaomi Smart TV 85"" 8K Master",Pantalla premium de máxima resolución con inteligencia artificial - Modelo 2025,2876.86,144,INACTIVE,2026-08-11 13:06:58,2026-09-02 19:15:28
3571,PROD-03551,"TCL Smart TV 55"" 4K QLED",Televisor QLED con tecnología Quantum Dot y diseño ultra fino - Modelo 2026,633.78,111,INACTIVE,2026-06-21 11:18:01,2026-07-11 13:27:54
3572,PROD-03552,"Samsung Smart TV 55"" 4K QLED",Televisor QLED con tecnología Quantum Dot y diseño ultra fino - Modelo 2023,678.96,9,ACTIVE,2026-03-12 01:09:11,2026-03-22 12:58:10
3573,PROD-03553,"Hisense Smart TV 43"" 4K UHD",Televisor inteligente con HDR10+ y sistema operativo webOS - Modelo 2024,421.0,24,INACTIVE,2026-04-02 21:16:01,2026-04-09 15:03:02
3574,PROD-03554,"Xiaomi Smart TV 75"" 4K Frameless",Televisor sin bordes de gran formato con panel LED avanzado - Modelo 2025,1296.41,60,ACTIVE,2025-08-10 10:48:47,2025-08-27 18:55:39
3575,PROD-03555,"Sony Smart TV 85"" 8K Master",Pantalla premium de máxima resolución con inteligencia artificial - Modelo 2026,2799.73,45,DISCONTINUED,2026-06-27 07:20:15,2026-08-02 04:32:26
3576,PROD-03556,"LG Smart TV 65"" 4K UHD",Pantalla grande con Dolby Vision Atmos y control por voz - Modelo 2023,827.83,68,ACTIVE,2026-07-18 16:46:14,2026-08-09 01:31:21
3577,PROD-03557,"Panasonic Smart TV 32"" HD LED",Televisor LED HD con Roku integrado y sonido Dolby Audio - Modelo 2024,301.74,122,ACTIVE,2025-03-22 18:25:13,2025-04-09 21:07:37
3578,PROD-03558,"Samsung Smart TV 65"" 4K UHD",Pantalla grande con Dolby Vision Atmos y control por voz - Modelo 2025,891.37,42,ACTIVE,2026-04-21 23:37:25,2026-06-04 05:08:10
3579,PROD-03559,"Hisense Smart TV 75"" 4K Frameless",Televisor sin bordes de gran formato con panel LED avanzado - Modelo 2026,1214.34,21,ACTIVE,2025-04-12 12:48:46,2025-05-30 01:30:46
3580,PROD-03560,"Philips Smart TV 85"" 8K Master",Pantalla premium de máxima resolución con inteligencia artificial - Modelo 2023,2917.29,70,INACTIVE,2025-10-04 09:59:21,2025-10-25 05:45:55
3581,PROD-03561,"Xiaomi Smart TV 55"" 4K QLED",Televisor QLED con tecnología Quantum Dot y diseño ultra fino - Modelo 2024,654.89,56,ACTIVE,2025-05-18 02:27:00,2025-05-29 08:20:30
3582,PROD-03562,"Philips Smart TV 65"" 4K UHD",Pantalla grande con Dolby Vision Atmos y control por voz - Modelo 2025,811.02,33,INACTIVE,2025-04-17 02:58:27,2025-05-22 03:24:45
3583,PROD-03563,"Philips Smart TV 43"" 4K UHD",Televisor inteligente con HDR10+ y sistema operativo webOS - Modelo 2026,399.7,88,ACTIVE,2025-04-10 18:41:31,2025-05-12 08:04:30
3584,PROD-03564,"Panasonic Smart TV 43"" 4K UHD",Televisor inteligente con HDR10+ y sistema operativo webOS - Modelo 2023,417.08,34,DISCONTINUED,2025-07-04 00:14:39,2025-07-28 19:12:31
3585,PROD-03565,"Sony Smart TV 50"" 4K Crystal",Pantalla UHD con procesador Crystal 4K y PurColor - Modelo 2024,526.26,73,DISCONTINUED,2026-05-11 17:45:08,2026-06-27 00:13:04
3586,PROD-03566,"Sony Smart TV 55"" 4K QLED",Televisor QLED con tecnología Quantum Dot y diseño ultra fino - Modelo 2025,640.94,41,ACTIVE,2025-03-26 18:17:58,2025-05-02 21:38:01
3587,PROD-03567,"Philips Smart TV 32"" HD LED",Televisor LED HD con Roku integrado y sonido Dolby Audio - Modelo 2026,297.23,52,ACTIVE,2026-03-05 00:02:17,2026-04-01 06:07:13
3588,PROD-03568,"Philips Smart TV 55"" 4K QLED",Televisor QLED con tecnología Quantum Dot y diseño ultra fino - Modelo 2023,670.72,79,ACTIVE,2025-04-20 08:17:39,2025-04-25 08:56:02
3589,PROD-03569,"TCL Smart TV 65"" 4K UHD",Pantalla grande con Dolby Vision Atmos y control por voz - Modelo 2024,869.81,136,ACTIVE,2025-04-11 11:06:26,2025-04-30 01:42:09
3590,PROD-03570,"Sony Smart TV 43"" 4K UHD",Televisor inteligente con HDR10+ y sistema operativo webOS - Modelo 2025,480.47,48,DISCONTINUED,2025-11-03 02:45:06,2025-12-17 15:33:49
3591,PROD-03571,"LG Smart TV 55"" 4K QLED",Televisor QLED con tecnología Quantum Dot y diseño ultra fino - Modelo 2026,636.56,89,ACTIVE,2026-04-25 21:39:46,2026-05-07 11:19:40
3592,PROD-03572,"Samsung Smart TV 50"" 4K Crystal",Pantalla UHD con procesador Crystal 4K y PurColor - Modelo 2023,566.31,44,DISCONTINUED,2025-07-01 20:09:34,2025-07-30 09:35:14
3593,PROD-03573,"TCL Smart TV 85"" 8K Master",Pantalla premium de máxima resolución con inteligencia artificial - Modelo 2024,2763.79,67,ACTIVE,2026-03-01 09:43:23,2026-04-06 12:24:02
3594,PROD-03574,"TCL Smart TV 32"" HD LED",Televisor LED HD con Roku integrado y sonido Dolby Audio - Modelo 2025,193.66,64,INACTIVE,2026-06-10 00:46:59,2026-06-16 17:07:31
3595,PROD-03575,"Xiaomi Smart TV 85"" 8K Master",Pantalla premium de máxima resolución con inteligencia artificial - Modelo 2026,2817.52,6,INACTIVE,2025-06-20 13:38:53,2025-07-21 13:26:12
3596,PROD-03576,"Samsung Smart TV 40"" Full HD",Pantalla plana Full HD con puertos HDMI y USB multimedia - Modelo 2023,359.52,140,INACTIVE,2026-04-01 00:56:37,2026-05-03 03:29:56
3597,PROD-03577,"Xiaomi Smart TV 55"" 4K QLED",Televisor QLED con tecnología Quantum Dot y diseño ultra fino - Modelo 2024,586.41,72,DISCONTINUED,2025-03-03 19:27:59,2025-04-14 03:33:19
3598,PROD-03578,"Sony Smart TV 55"" 4K QLED",Televisor QLED con tecnología Quantum Dot y diseño ultra fino - Modelo 2025,695.78,13,DISCONTINUED,2025-07-31 13:27:48,2025-08-18 02:09:56
3599,PROD-03579,"Sony Smart TV 65"" 4K UHD",Pantalla grande con Dolby Vision Atmos y control por voz - Modelo 2026,954.04,18,INACTIVE,2025-11-16 04:52:25,2026-01-05 03:33:09
3600,PROD-03580,"Panasonic Smart TV 32"" HD LED",Televisor LED HD con Roku integrado y sonido Dolby Audio - Modelo 2023,257.31,51,ACTIVE,2025-08-22 07:48:55,2025-09-07 00:05:16
3601,PROD-03581,"Xiaomi Smart TV 85"" 8K Master",Pantalla premium de máxima resolución con inteligencia artificial - Modelo 2024,2646.44,61,ACTIVE,2025-12-19 08:39:31,2026-01-24 00:56:43
3602,PROD-03582,"Samsung Smart TV 40"" Full HD",Pantalla plana Full HD con puertos HDMI y USB multimedia - Modelo 2025,334.77,109,INACTIVE,2025-05-11 20:55:27,2025-06-01 07:42:17
3603,PROD-03583,"Hisense Smart TV 40"" Full HD",Pantalla plana Full HD con puertos HDMI y USB multimedia - Modelo 2026,327.29,138,INACTIVE,2025-06-17 15:23:06,2025-07-30 02:50:54
3604,PROD-03584,"Hisense Smart TV 40"" Full HD",Pantalla plana Full HD con puertos HDMI y USB multimedia - Modelo 2023,291.01,56,ACTIVE,2026-05-27 16:55:55,2026-06-18 03:32:22
3605,PROD-03585,"Samsung Smart TV 50"" 4K Crystal",Pantalla UHD con procesador Crystal 4K y PurColor - Modelo 2024,478.18,51,INACTIVE,2025-10-24 01:19:59,2025-11-17 06:50:55
3606,PROD-03586,"Hisense Smart TV 85"" 8K Master",Pantalla premium de máxima resolución con inteligencia artificial - Modelo 2025,2677.65,7,INACTIVE,2025-11-26 04:53:43,2026-01-14 06:19:27
3607,PROD-03587,"Hisense Smart TV 50"" 4K Crystal",Pantalla UHD con procesador Crystal 4K y PurColor - Modelo 2026,509.34,79,INACTIVE,2025-10-03 20:01:11,2025-11-03 23:14:32
3608,PROD-03588,"Xiaomi Smart TV 75"" 4K Frameless",Televisor sin bordes de gran formato con panel LED avanzado - Modelo 2023,1335.24,142,ACTIVE,2026-03-02 04:40:35,2026-03-05 22:48:00
3609,PROD-03589,"Sony Smart TV 50"" 4K Crystal",Pantalla UHD con procesador Crystal 4K y PurColor - Modelo 2024,495.01,3,INACTIVE,2025-07-07 11:50:27,2025-07-11 22:08:11
3610,PROD-03590,"Sony Smart TV 32"" HD LED",Televisor LED HD con Roku integrado y sonido Dolby Audio - Modelo 2025,231.59,23,INACTIVE,2026-01-19 21:45:05,2026-03-10 20:39:52
3611,PROD-03591,"Philips Smart TV 65"" 4K UHD",Pantalla grande con Dolby Vision Atmos y control por voz - Modelo 2026,814.24,83,ACTIVE,2026-01-20 09:59:55,2026-02-09 19:09:35
3612,PROD-03592,"Sony Smart TV 32"" HD LED",Televisor LED HD con Roku integrado y sonido Dolby Audio - Modelo 2023,210.3,69,INACTIVE,2025-11-04 08:14:05,2025-12-17 12:17:19
3613,PROD-03593,"Xiaomi Smart TV 65"" 4K UHD",Pantalla grande con Dolby Vision Atmos y control por voz - Modelo 2024,947.51,40,ACTIVE,2025-06-05 00:13:12,2025-07-18 12:43:11
3614,PROD-03594,"LG Smart TV 50"" 4K Crystal",Pantalla UHD con procesador Crystal 4K y PurColor - Modelo 2025,424.0,148,DISCONTINUED,2025-09-09 08:42:52,2025-09-25 00:00:51
3615,PROD-03595,"Philips Smart TV 75"" 4K Frameless",Televisor sin bordes de gran formato con panel LED avanzado - Modelo 2026,1206.86,92,ACTIVE,2026-03-22 18:39:35,2026-04-03 07:00:50
3616,PROD-03596,"Sony Smart TV 40"" Full HD",Pantalla plana Full HD con puertos HDMI y USB multimedia - Modelo 2023,312.74,80,ACTIVE,2026-01-22 09:20:28,2026-02-27 06:41:30
3617,PROD-03597,"Sony Smart TV 32"" HD LED",Televisor LED HD con Roku integrado y sonido Dolby Audio - Modelo 2024,203.72,26,DISCONTINUED,2025-04-07 01:56:00,2025-04-24 09:22:52
3618,PROD-03598,"LG Smart TV 32"" HD LED",Televisor LED HD con Roku integrado y sonido Dolby Audio - Modelo 2025,281.78,107,ACTIVE,2025-02-20 12:01:22,2025-03-27 16:56:58
3619,PROD-03599,"Samsung Smart TV 40"" Full HD",Pantalla plana Full HD con puertos HDMI y USB multimedia - Modelo 2026,332.25,120,DISCONTINUED,2025-12-24 16:57:26,2026-01-15 11:57:48
3620,PROD-03600,"Hisense Smart TV 85"" 8K Master",Pantalla premium de máxima resolución con inteligencia artificial - Modelo 2023,2883.64,125,INACTIVE,2026-04-04 07:42:41,2026-04-06 12:42:31
3621,PROD-03601,"LG Smart TV 50"" 4K Crystal",Pantalla UHD con procesador Crystal 4K y PurColor - Modelo 2024,467.44,16,INACTIVE,2026-04-26 17:17:46,2026-04-29 02:58:44
3622,PROD-03602,"LG Smart TV 43"" 4K UHD",Televisor inteligente con HDR10+ y sistema operativo webOS - Modelo 2025,415.25,104,ACTIVE,2026-01-30 19:45:13,2026-02-17 00:28:43
3623,PROD-03603,"Philips Smart TV 75"" 4K Frameless",Televisor sin bordes de gran formato con panel LED avanzado - Modelo 2026,1243.33,92,DISCONTINUED,2025-07-17 00:46:11,2025-07-29 01:39:43
3624,PROD-03604,"TCL Smart TV 75"" 4K Frameless",Televisor sin bordes de gran formato con panel LED avanzado - Modelo 2023,1269.16,68,INACTIVE,2026-08-16 22:24:55,2026-09-14 05:35:11
3625,PROD-03605,"Panasonic Smart TV 85"" 8K Master",Pantalla premium de máxima resolución con inteligencia artificial - Modelo 2024,2631.32,139,ACTIVE,2026-02-09 06:15:52,2026-03-16 00:50:29
3626,PROD-03606,"Samsung Smart TV 65"" 4K UHD",Pantalla grande con Dolby Vision Atmos y control por voz - Modelo 2025,875.35,3,ACTIVE,2025-05-13 05:51:56,2025-05-16 08:11:39
3627,PROD-03607,"Hisense Smart TV 50"" 4K Crystal",Pantalla UHD con procesador Crystal 4K y PurColor - Modelo 2026,487.68,98,DISCONTINUED,2025-09-08 23:45:28,2025-10-23 10:26:47
3628,PROD-03608,"Sony Smart TV 65"" 4K UHD",Pantalla grande con Dolby Vision Atmos y control por voz - Modelo 2023,805.27,72,ACTIVE,2026-08-17 20:16:39,2026-10-01 13:46:39
3629,PROD-03609,"TCL Smart TV 43"" 4K UHD",Televisor inteligente con HDR10+ y sistema operativo webOS - Modelo 2024,384.88,136,ACTIVE,2026-03-06 00:27:21,2026-03-08 11:02:34
3630,PROD-03610,"Philips Smart TV 75"" 4K Frameless",Televisor sin bordes de gran formato con panel LED avanzado - Modelo 2025,1278.68,77,ACTIVE,2025-10-02 14:54:42,2025-11-06 13:02:05
3631,PROD-03611,"TCL Smart TV 75"" 4K Frameless",Televisor sin bordes de gran formato con panel LED avanzado - Modelo 2026,1265.41,148,INACTIVE,2025-09-22 08:15:10,2025-10-03 20:30:45
3632,PROD-03612,"Philips Smart TV 43"" 4K UHD",Televisor inteligente con HDR10+ y sistema operativo webOS - Modelo 2023,417.56,46,ACTIVE,2025-08-26 21:00:22,2025-09-26 07:02:05
3633,PROD-03613,"Samsung Smart TV 75"" 4K Frameless",Televisor sin bordes de gran formato con panel LED avanzado - Modelo 2024,1338.37,20,ACTIVE,2026-07-26 05:55:01,2026-08-26 03:45:46
3634,PROD-03614,"Samsung Smart TV 55"" 4K QLED",Televisor QLED con tecnología Quantum Dot y diseño ultra fino - Modelo 2025,612.44,124,ACTIVE,2025-06-06 23:58:21,2025-06-25 04:13:00
3635,PROD-03615,"Sony Smart TV 85"" 8K Master",Pantalla premium de máxima resolución con inteligencia artificial - Modelo 2026,2592.17,64,INACTIVE,2025-07-20 08:47:49,2025-09-05 09:08:10
3636,PROD-03616,"Hisense Smart TV 55"" 4K QLED",Televisor QLED con tecnología Quantum Dot y diseño ultra fino - Modelo 2023,663.05,17,ACTIVE,2025-07-04 15:54:03,2025-07-08 19:04:34
3637,PROD-03617,"Xiaomi Smart TV 85"" 8K Master",Pantalla premium de máxima resolución con inteligencia artificial - Modelo 2024,2863.92,67,ACTIVE,2025-11-12 11:12:01,2025-12-20 06:47:08
3638,PROD-03618,"Samsung Smart TV 65"" 4K UHD",Pantalla grande con Dolby Vision Atmos y control por voz - Modelo 2025,826.62,52,DISCONTINUED,2025-04-21 23:58:17,2025-04-29 09:51:27
3639,PROD-03619,"LG Smart TV 50"" 4K Crystal",Pantalla UHD con procesador Crystal 4K y PurColor - Modelo 2026,440.14,97,DISCONTINUED,2026-06-27 08:58:45,2026-07-27 14:32:20
3640,PROD-03620,"Sony Smart TV 75"" 4K Frameless",Televisor sin bordes de gran formato con panel LED avanzado - Modelo 2023,1320.57,25,DISCONTINUED,2025-06-23 19:21:49,2025-08-12 10:38:44
3641,PROD-03621,"Panasonic Smart TV 75"" 4K Frameless",Televisor sin bordes de gran formato con panel LED avanzado - Modelo 2024,1139.24,133,DISCONTINUED,2025-12-08 19:02:27,2026-01-12 20:24:52
3642,PROD-03622,"Panasonic Smart TV 55"" 4K QLED",Televisor QLED con tecnología Quantum Dot y diseño ultra fino - Modelo 2025,624.31,86,ACTIVE,2025-05-28 18:40:21,2025-07-07 05:00:17
3643,PROD-03623,"Hisense Smart TV 50"" 4K Crystal",Pantalla UHD con procesador Crystal 4K y PurColor - Modelo 2026,492.89,139,ACTIVE,2025-10-01 12:49:27,2025-10-31 04:04:02
3644,PROD-03624,"Philips Smart TV 40"" Full HD",Pantalla plana Full HD con puertos HDMI y USB multimedia - Modelo 2023,274.71,83,ACTIVE,2026-02-07 08:27:08,2026-03-26 02:28:53
3645,PROD-03625,"TCL Smart TV 85"" 8K Master",Pantalla premium de máxima resolución con inteligencia artificial - Modelo 2024,2634.45,24,ACTIVE,2025-10-21 23:21:55,2025-11-24 18:59:41
3646,PROD-03626,"Samsung Smart TV 75"" 4K Frameless",Televisor sin bordes de gran formato con panel LED avanzado - Modelo 2025,1245.24,10,ACTIVE,2026-07-14 16:01:40,2026-08-15 21:40:47
3647,PROD-03627,"LG Smart TV 65"" 4K UHD",Pantalla grande con Dolby Vision Atmos y control por voz - Modelo 2026,822.1,127,ACTIVE,2026-07-05 05:11:10,2026-07-08 03:17:57
3648,PROD-03628,"TCL Smart TV 85"" 8K Master",Pantalla premium de máxima resolución con inteligencia artificial - Modelo 2023,2707.88,83,INACTIVE,2026-03-03 04:26:30,2026-04-12 06:56:29
3649,PROD-03629,"Xiaomi Smart TV 32"" HD LED",Televisor LED HD con Roku integrado y sonido Dolby Audio - Modelo 2024,223.7,105,DISCONTINUED,2025-04-17 13:01:50,2025-04-18 01:19:10
3650,PROD-03630,"LG Smart TV 55"" 4K QLED",Televisor QLED con tecnología Quantum Dot y diseño ultra fino - Modelo 2025,567.7,59,ACTIVE,2026-07-04 05:53:36,2026-07-09 08:52:36
3651,PROD-03631,"Philips Smart TV 40"" Full HD",Pantalla plana Full HD con puertos HDMI y USB multimedia - Modelo 2026,256.15,149,ACTIVE,2025-02-27 21:53:20,2025-03-15 04:35:52
3652,PROD-03632,"Philips Smart TV 40"" Full HD",Pantalla plana Full HD con puertos HDMI y USB multimedia - Modelo 2023,292.8,79,ACTIVE,2025-12-25 23:13:19,2026-01-29 02:33:56
3653,PROD-03633,"Sony Smart TV 65"" 4K UHD",Pantalla grande con Dolby Vision Atmos y control por voz - Modelo 2024,922.16,116,INACTIVE,2025-11-01 16:27:27,2025-12-18 00:28:11
3654,PROD-03634,"Philips Smart TV 32"" HD LED",Televisor LED HD con Roku integrado y sonido Dolby Audio - Modelo 2025,304.31,146,INACTIVE,2026-08-05 10:17:54,2026-09-07 21:39:57
3655,PROD-03635,"Philips Smart TV 75"" 4K Frameless",Televisor sin bordes de gran formato con panel LED avanzado - Modelo 2026,1340.73,101,ACTIVE,2025-06-17 11:40:54,2025-07-12 04:07:24
3656,PROD-03636,"TCL Smart TV 55"" 4K QLED",Televisor QLED con tecnología Quantum Dot y diseño ultra fino - Modelo 2023,584.44,51,DISCONTINUED,2025-04-15 10:13:53,2025-05-04 08:27:55
3657,PROD-03637,"TCL Smart TV 75"" 4K Frameless",Televisor sin bordes de gran formato con panel LED avanzado - Modelo 2024,1258.97,12,ACTIVE,2025-09-19 12:25:29,2025-10-20 01:39:49
3658,PROD-03638,"Philips Smart TV 43"" 4K UHD",Televisor inteligente con HDR10+ y sistema operativo webOS - Modelo 2025,360.48,36,ACTIVE,2026-01-23 04:50:21,2026-02-07 13:14:46
3659,PROD-03639,"Panasonic Smart TV 40"" Full HD",Pantalla plana Full HD con puertos HDMI y USB multimedia - Modelo 2026,308.59,55,ACTIVE,2025-04-09 07:57:32,2025-05-09 15:38:16
3660,PROD-03640,"LG Smart TV 50"" 4K Crystal",Pantalla UHD con procesador Crystal 4K y PurColor - Modelo 2023,525.98,65,ACTIVE,2025-02-09 18:44:43,2025-02-22 08:51:13
3661,PROD-03641,"Panasonic Smart TV 85"" 8K Master",Pantalla premium de máxima resolución con inteligencia artificial - Modelo 2024,2806.04,123,ACTIVE,2026-04-27 08:25:11,2026-05-06 16:29:01
3662,PROD-03642,"Panasonic Smart TV 50"" 4K Crystal",Pantalla UHD con procesador Crystal 4K y PurColor - Modelo 2025,496.16,115,DISCONTINUED,2026-07-02 05:21:45,2026-07-10 07:04:04
3663,PROD-03643,"LG Smart TV 40"" Full HD",Pantalla plana Full HD con puertos HDMI y USB multimedia - Modelo 2026,351.82,123,INACTIVE,2026-04-30 15:12:03,2026-05-13 13:21:54
3664,PROD-03644,"Philips Smart TV 50"" 4K Crystal",Pantalla UHD con procesador Crystal 4K y PurColor - Modelo 2023,466.31,85,DISCONTINUED,2025-06-06 13:27:03,2025-07-25 16:22:00
3665,PROD-03645,"Sony Smart TV 50"" 4K Crystal",Pantalla UHD con procesador Crystal 4K y PurColor - Modelo 2024,550.42,58,ACTIVE,2026-03-31 04:35:53,2026-05-12 23:27:06
3666,PROD-03646,"Samsung Smart TV 75"" 4K Frameless",Televisor sin bordes de gran formato con panel LED avanzado - Modelo 2025,1283.13,74,ACTIVE,2025-01-07 07:50:04,2025-01-11 22:43:25
3667,PROD-03647,"Xiaomi Smart TV 55"" 4K QLED",Televisor QLED con tecnología Quantum Dot y diseño ultra fino - Modelo 2026,636.97,95,DISCONTINUED,2025-06-05 11:10:13,2025-07-05 15:47:08
3668,PROD-03648,"Samsung Smart TV 75"" 4K Frameless",Televisor sin bordes de gran formato con panel LED avanzado - Modelo 2023,1324.15,106,INACTIVE,2026-02-08 21:54:44,2026-02-21 22:07:49
3669,PROD-03649,"Panasonic Smart TV 65"" 4K UHD",Pantalla grande con Dolby Vision Atmos y control por voz - Modelo 2024,825.87,15,ACTIVE,2026-02-08 07:13:43,2026-03-15 23:32:40
3670,PROD-03650,"Panasonic Smart TV 40"" Full HD",Pantalla plana Full HD con puertos HDMI y USB multimedia - Modelo 2025,265.94,24,ACTIVE,2026-02-01 00:42:54,2026-02-23 01:41:05
3671,PROD-03651,"Panasonic Smart TV 43"" 4K UHD",Televisor inteligente con HDR10+ y sistema operativo webOS - Modelo 2026,409.29,17,ACTIVE,2025-12-22 21:51:46,2026-01-30 10:05:09
3672,PROD-03652,"Hisense Smart TV 85"" 8K Master",Pantalla premium de máxima resolución con inteligencia artificial - Modelo 2023,2622.59,131,ACTIVE,2026-02-19 05:58:40,2026-03-16 08:04:08
3673,PROD-03653,"Sony Smart TV 75"" 4K Frameless",Televisor sin bordes de gran formato con panel LED avanzado - Modelo 2024,1319.67,17,INACTIVE,2025-11-03 14:15:28,2025-11-27 12:36:55
3674,PROD-03654,"Philips Smart TV 85"" 8K Master",Pantalla premium de máxima resolución con inteligencia artificial - Modelo 2025,2844.61,59,DISCONTINUED,2025-06-08 10:40:06,2025-06-16 16:30:34
3675,PROD-03655,"Xiaomi Smart TV 32"" HD LED",Televisor LED HD con Roku integrado y sonido Dolby Audio - Modelo 2026,272.41,73,ACTIVE,2025-12-15 19:47:53,2025-12-17 16:13:32
3676,PROD-03656,"LG Smart TV 55"" 4K QLED",Televisor QLED con tecnología Quantum Dot y diseño ultra fino - Modelo 2023,630.74,11,DISCONTINUED,2026-07-26 08:31:40,2026-09-10 00:07:45
3677,PROD-03657,"Xiaomi Smart TV 32"" HD LED",Televisor LED HD con Roku integrado y sonido Dolby Audio - Modelo 2024,302.56,150,DISCONTINUED,2025-03-28 12:13:37,2025-04-09 03:09:04
3678,PROD-03658,"TCL Smart TV 32"" HD LED",Televisor LED HD con Roku integrado y sonido Dolby Audio - Modelo 2025,216.13,145,ACTIVE,2025-10-17 05:01:08,2025-11-13 19:45:00
3679,PROD-03659,"Panasonic Smart TV 85"" 8K Master",Pantalla premium de máxima resolución con inteligencia artificial - Modelo 2026,2601.81,129,INACTIVE,2026-07-07 04:39:33,2026-07-08 22:04:02
3680,PROD-03660,"LG Smart TV 65"" 4K UHD",Pantalla grande con Dolby Vision Atmos y control por voz - Modelo 2023,823.37,146,DISCONTINUED,2025-03-19 23:24:58,2025-04-01 21:58:39
3681,PROD-03661,"Panasonic Smart TV 50"" 4K Crystal",Pantalla UHD con procesador Crystal 4K y PurColor - Modelo 2024,470.43,82,ACTIVE,2025-02-14 20:57:09,2025-03-12 01:53:08
3682,PROD-03662,"Sony Smart TV 43"" 4K UHD",Televisor inteligente con HDR10+ y sistema operativo webOS - Modelo 2025,424.31,46,ACTIVE,2025-05-09 05:44:18,2025-06-11 17:04:07
3683,PROD-03663,"Panasonic Smart TV 75"" 4K Frameless",Televisor sin bordes de gran formato con panel LED avanzado - Modelo 2026,1216.08,87,ACTIVE,2025-02-07 00:26:56,2025-03-03 19:17:08
3684,PROD-03664,"Panasonic Smart TV 43"" 4K UHD",Televisor inteligente con HDR10+ y sistema operativo webOS - Modelo 2023,378.24,13,INACTIVE,2025-04-30 15:51:00,2025-05-23 11:14:54
3685,PROD-03665,"Sony Smart TV 32"" HD LED",Televisor LED HD con Roku integrado y sonido Dolby Audio - Modelo 2024,230.8,110,ACTIVE,2025-05-01 00:25:33,2025-05-27 01:59:11
3686,PROD-03666,"Samsung Smart TV 40"" Full HD",Pantalla plana Full HD con puertos HDMI y USB multimedia - Modelo 2025,349.97,59,INACTIVE,2026-07-06 07:17:34,2026-08-23 16:44:49
3687,PROD-03667,"LG Smart TV 75"" 4K Frameless",Televisor sin bordes de gran formato con panel LED avanzado - Modelo 2026,1337.74,8,INACTIVE,2025-08-06 14:08:19,2025-09-03 22:28:30
3688,PROD-03668,"Philips Smart TV 43"" 4K UHD",Televisor inteligente con HDR10+ y sistema operativo webOS - Modelo 2023,434.37,125,ACTIVE,2025-10-16 10:13:06,2025-10-27 14:02:47
3689,PROD-03669,"Xiaomi Smart TV 55"" 4K QLED",Televisor QLED con tecnología Quantum Dot y diseño ultra fino - Modelo 2024,649.98,19,DISCONTINUED,2025-10-26 07:54:41,2025-11-22 08:32:58
3690,PROD-03670,"Philips Smart TV 50"" 4K Crystal",Pantalla UHD con procesador Crystal 4K y PurColor - Modelo 2025,519.47,71,ACTIVE,2026-07-21 00:57:00,2026-08-28 09:39:41
3691,PROD-03671,"Philips Smart TV 32"" HD LED",Televisor LED HD con Roku integrado y sonido Dolby Audio - Modelo 2026,250.66,115,ACTIVE,2025-07-15 06:56:02,2025-07-21 13:52:07
3692,PROD-03672,"Samsung Smart TV 85"" 8K Master",Pantalla premium de máxima resolución con inteligencia artificial - Modelo 2023,2514.6,147,ACTIVE,2026-08-07 20:29:31,2026-08-10 09:23:16
3693,PROD-03673,"TCL Smart TV 32"" HD LED",Televisor LED HD con Roku integrado y sonido Dolby Audio - Modelo 2024,225.95,36,ACTIVE,2026-01-09 14:30:03,2026-02-14 01:28:48
3694,PROD-03674,"Xiaomi Smart TV 50"" 4K Crystal",Pantalla UHD con procesador Crystal 4K y PurColor - Modelo 2025,491.14,12,ACTIVE,2025-06-29 03:20:50,2025-07-19 08:05:16
3695,PROD-03675,"Panasonic Smart TV 85"" 8K Master",Pantalla premium de máxima resolución con inteligencia artificial - Modelo 2026,2849.21,149,ACTIVE,2026-05-11 21:20:46,2026-06-02 08:02:25
3696,PROD-03676,"Philips Smart TV 32"" HD LED",Televisor LED HD con Roku integrado y sonido Dolby Audio - Modelo 2023,213.73,41,DISCONTINUED,2026-08-12 07:17:11,2026-10-01 00:45:25
3697,PROD-03677,"Sony Smart TV 85"" 8K Master",Pantalla premium de máxima resolución con inteligencia artificial - Modelo 2024,2722.46,46,ACTIVE,2025-11-07 18:21:43,2025-12-19 10:46:28
3698,PROD-03678,"LG Smart TV 85"" 8K Master",Pantalla premium de máxima resolución con inteligencia artificial - Modelo 2025,2586.3,12,ACTIVE,2025-09-07 02:17:25,2025-09-24 12:50:55
3699,PROD-03679,"Samsung Smart TV 43"" 4K UHD",Televisor inteligente con HDR10+ y sistema operativo webOS - Modelo 2026,478.53,115,ACTIVE,2025-03-07 15:08:56,2025-03-08 02:44:33
3700,PROD-03680,"Sony Smart TV 85"" 8K Master",Pantalla premium de máxima resolución con inteligencia artificial - Modelo 2023,2804.17,149,ACTIVE,2025-08-01 22:19:41,2025-08-05 20:23:42
3701,PROD-03681,"LG Smart TV 85"" 8K Master",Pantalla premium de máxima resolución con inteligencia artificial - Modelo 2024,2713.81,126,ACTIVE,2026-05-10 06:49:42,2026-05-17 21:07:04
3702,PROD-03682,"Xiaomi Smart TV 32"" HD LED",Televisor LED HD con Roku integrado y sonido Dolby Audio - Modelo 2025,236.12,123,INACTIVE,2026-01-19 21:35:45,2026-03-04 01:23:21
3703,PROD-03683,"LG Smart TV 43"" 4K UHD",Televisor inteligente con HDR10+ y sistema operativo webOS - Modelo 2026,387.81,136,ACTIVE,2026-08-02 13:45:16,2026-08-08 04:18:04
3704,PROD-03684,"Panasonic Smart TV 43"" 4K UHD",Televisor inteligente con HDR10+ y sistema operativo webOS - Modelo 2023,422.6,47,ACTIVE,2026-03-18 19:08:08,2026-03-22 13:55:48
3705,PROD-03685,"LG Smart TV 50"" 4K Crystal",Pantalla UHD con procesador Crystal 4K y PurColor - Modelo 2024,441.45,42,ACTIVE,2025-08-31 21:11:46,2025-09-02 17:24:34
3706,PROD-03686,"LG Smart TV 85"" 8K Master",Pantalla premium de máxima resolución con inteligencia artificial - Modelo 2025,2651.54,131,INACTIVE,2025-04-17 16:24:27,2025-05-04 20:15:20
3707,PROD-03687,"Xiaomi Smart TV 43"" 4K UHD",Televisor inteligente con HDR10+ y sistema operativo webOS - Modelo 2026,414.46,14,INACTIVE,2025-10-24 13:28:08,2025-11-03 09:02:52
3708,PROD-03688,"Sony Smart TV 55"" 4K QLED",Televisor QLED con tecnología Quantum Dot y diseño ultra fino - Modelo 2023,638.36,64,ACTIVE,2025-09-15 18:33:27,2025-11-04 14:47:36
3709,PROD-03689,"Hisense Smart TV 40"" Full HD",Pantalla plana Full HD con puertos HDMI y USB multimedia - Modelo 2024,334.83,40,ACTIVE,2026-02-07 04:24:35,2026-02-22 08:24:26
3710,PROD-03690,"Panasonic Smart TV 50"" 4K Crystal",Pantalla UHD con procesador Crystal 4K y PurColor - Modelo 2025,489.62,123,DISCONTINUED,2025-07-11 09:39:18,2025-07-24 09:44:41
3711,PROD-03691,"Samsung Smart TV 65"" 4K UHD",Pantalla grande con Dolby Vision Atmos y control por voz - Modelo 2026,925.84,96,DISCONTINUED,2025-02-18 04:51:24,2025-03-25 05:30:42
3712,PROD-03692,"Sony Smart TV 40"" Full HD",Pantalla plana Full HD con puertos HDMI y USB multimedia - Modelo 2023,331.72,15,ACTIVE,2025-04-30 06:22:05,2025-05-12 18:41:31
3713,PROD-03693,"Xiaomi Smart TV 32"" HD LED",Televisor LED HD con Roku integrado y sonido Dolby Audio - Modelo 2024,290.46,128,INACTIVE,2026-07-18 06:53:13,2026-08-11 06:45:37
3714,PROD-03694,"Xiaomi Smart TV 40"" Full HD",Pantalla plana Full HD con puertos HDMI y USB multimedia - Modelo 2025,314.54,35,ACTIVE,2025-06-01 14:55:08,2025-06-18 02:04:44
3715,PROD-03695,"Panasonic Smart TV 32"" HD LED",Televisor LED HD con Roku integrado y sonido Dolby Audio - Modelo 2026,274.33,127,ACTIVE,2025-05-14 21:17:14,2025-05-25 02:19:06
3716,PROD-03696,"Panasonic Smart TV 40"" Full HD",Pantalla plana Full HD con puertos HDMI y USB multimedia - Modelo 2023,363.76,131,INACTIVE,2025-04-17 04:11:26,2025-06-06 15:26:13
3717,PROD-03697,"Sony Smart TV 32"" HD LED",Televisor LED HD con Roku integrado y sonido Dolby Audio - Modelo 2024,283.97,82,DISCONTINUED,2026-02-06 10:39:51,2026-03-16 15:23:23
3718,PROD-03698,"Xiaomi Smart TV 55"" 4K QLED",Televisor QLED con tecnología Quantum Dot y diseño ultra fino - Modelo 2025,694.94,12,ACTIVE,2026-08-15 02:46:37,2026-09-29 17:07:51
3719,PROD-03699,"TCL Smart TV 32"" HD LED",Televisor LED HD con Roku integrado y sonido Dolby Audio - Modelo 2026,240.8,19,ACTIVE,2025-12-10 00:56:07,2025-12-19 01:58:16
3720,PROD-03700,"Samsung Smart TV 85"" 8K Master",Pantalla premium de máxima resolución con inteligencia artificial - Modelo 2023,2709.72,26,DISCONTINUED,2025-04-07 08:22:29,2025-05-12 04:09:41
3721,PROD-03701,"Hisense Smart TV 85"" 8K Master",Pantalla premium de máxima resolución con inteligencia artificial - Modelo 2024,2705.79,84,ACTIVE,2026-04-08 12:50:28,2026-05-20 19:34:52
3722,PROD-03702,"Xiaomi Smart TV 43"" 4K UHD",Televisor inteligente con HDR10+ y sistema operativo webOS - Modelo 2025,451.61,118,ACTIVE,2025-02-28 11:21:25,2025-04-07 06:41:25
3723,PROD-03703,"Sony Smart TV 55"" 4K QLED",Televisor QLED con tecnología Quantum Dot y diseño ultra fino - Modelo 2026,581.56,8,ACTIVE,2026-05-06 03:49:53,2026-05-28 08:40:49
3724,PROD-03704,"Hisense Smart TV 50"" 4K Crystal",Pantalla UHD con procesador Crystal 4K y PurColor - Modelo 2023,508.73,68,ACTIVE,2025-08-10 22:39:18,2025-09-02 13:05:47
3725,PROD-03705,"Panasonic Smart TV 43"" 4K UHD",Televisor inteligente con HDR10+ y sistema operativo webOS - Modelo 2024,461.02,28,INACTIVE,2026-06-25 10:08:05,2026-06-28 04:23:57
3726,PROD-03706,"Xiaomi Smart TV 85"" 8K Master",Pantalla premium de máxima resolución con inteligencia artificial - Modelo 2025,2683.29,127,ACTIVE,2026-01-17 07:40:20,2026-02-14 23:05:57
3727,PROD-03707,"Samsung Smart TV 65"" 4K UHD",Pantalla grande con Dolby Vision Atmos y control por voz - Modelo 2026,880.3,76,INACTIVE,2026-05-10 18:02:20,2026-06-26 14:31:16
3728,PROD-03708,"Philips Smart TV 55"" 4K QLED",Televisor QLED con tecnología Quantum Dot y diseño ultra fino - Modelo 2023,592.31,129,INACTIVE,2026-07-29 10:52:45,2026-08-09 21:04:26
3729,PROD-03709,"TCL Smart TV 85"" 8K Master",Pantalla premium de máxima resolución con inteligencia artificial - Modelo 2024,2707.02,149,DISCONTINUED,2026-03-19 05:41:15,2026-04-17 12:12:53
3730,PROD-03710,"Hisense Smart TV 43"" 4K UHD",Televisor inteligente con HDR10+ y sistema operativo webOS - Modelo 2025,443.15,110,DISCONTINUED,2025-01-06 11:26:07,2025-02-15 14:31:03
3731,PROD-03711,"Panasonic Smart TV 55"" 4K QLED",Televisor QLED con tecnología Quantum Dot y diseño ultra fino - Modelo 2026,664.64,130,ACTIVE,2025-07-10 10:54:21,2025-07-28 18:57:11
3732,PROD-03712,"Philips Smart TV 65"" 4K UHD",Pantalla grande con Dolby Vision Atmos y control por voz - Modelo 2023,826.44,77,ACTIVE,2025-09-21 21:44:35,2025-11-06 19:07:16
3733,PROD-03713,"Sony Smart TV 50"" 4K Crystal",Pantalla UHD con procesador Crystal 4K y PurColor - Modelo 2024,480.75,64,INACTIVE,2025-10-22 15:43:36,2025-11-08 09:26:51
3734,PROD-03714,"Xiaomi Smart TV 65"" 4K UHD",Pantalla grande con Dolby Vision Atmos y control por voz - Modelo 2025,948.92,10,ACTIVE,2025-10-09 00:09:50,2025-11-28 06:09:04
3735,PROD-03715,"Samsung Smart TV 85"" 8K Master",Pantalla premium de máxima resolución con inteligencia artificial - Modelo 2026,2913.91,135,INACTIVE,2026-04-19 09:06:00,2026-04-29 09:03:50
3736,PROD-03716,"TCL Smart TV 65"" 4K UHD",Pantalla grande con Dolby Vision Atmos y control por voz - Modelo 2023,808.74,144,ACTIVE,2026-07-18 01:05:13,2026-08-28 11:43:48
3737,PROD-03717,"Panasonic Smart TV 40"" Full HD",Pantalla plana Full HD con puertos HDMI y USB multimedia - Modelo 2024,308.91,17,ACTIVE,2025-10-21 17:10:10,2025-11-28 11:18:30
3738,PROD-03718,"LG Smart TV 43"" 4K UHD",Televisor inteligente con HDR10+ y sistema operativo webOS - Modelo 2025,465.05,143,ACTIVE,2025-02-10 09:14:29,2025-03-02 05:31:49
3739,PROD-03719,"Philips Smart TV 75"" 4K Frameless",Televisor sin bordes de gran formato con panel LED avanzado - Modelo 2026,1175.58,44,ACTIVE,2025-02-23 05:05:26,2025-03-21 10:49:01
3740,PROD-03720,"LG Smart TV 32"" HD LED",Televisor LED HD con Roku integrado y sonido Dolby Audio - Modelo 2023,201.7,78,DISCONTINUED,2026-06-27 08:43:22,2026-07-12 07:42:26
3741,PROD-03721,"Sony Smart TV 65"" 4K UHD",Pantalla grande con Dolby Vision Atmos y control por voz - Modelo 2024,860.89,144,DISCONTINUED,2025-07-22 18:28:12,2025-08-19 21:50:17
3742,PROD-03722,"Hisense Smart TV 75"" 4K Frameless",Televisor sin bordes de gran formato con panel LED avanzado - Modelo 2025,1261.15,46,INACTIVE,2026-07-30 13:40:37,2026-09-16 15:32:30
3743,PROD-03723,"Xiaomi Smart TV 50"" 4K Crystal",Pantalla UHD con procesador Crystal 4K y PurColor - Modelo 2026,483.61,86,ACTIVE,2025-01-07 03:16:25,2025-02-10 05:30:21
3744,PROD-03724,"LG Smart TV 50"" 4K Crystal",Pantalla UHD con procesador Crystal 4K y PurColor - Modelo 2023,495.06,80,ACTIVE,2026-05-18 05:29:09,2026-05-19 21:13:58
3745,PROD-03725,"TCL Smart TV 40"" Full HD",Pantalla plana Full HD con puertos HDMI y USB multimedia - Modelo 2024,289.74,93,DISCONTINUED,2026-02-14 22:06:11,2026-03-23 00:05:50
3746,PROD-03726,"Sony Smart TV 40"" Full HD",Pantalla plana Full HD con puertos HDMI y USB multimedia - Modelo 2025,346.58,25,INACTIVE,2025-05-11 01:08:16,2025-06-08 13:26:55
3747,PROD-03727,"Samsung Smart TV 50"" 4K Crystal",Pantalla UHD con procesador Crystal 4K y PurColor - Modelo 2026,553.17,58,ACTIVE,2025-05-05 14:04:13,2025-06-07 16:09:32
3748,PROD-03728,"Philips Smart TV 75"" 4K Frameless",Televisor sin bordes de gran formato con panel LED avanzado - Modelo 2023,1161.73,104,INACTIVE,2026-02-07 10:18:25,2026-03-27 18:32:04
3749,PROD-03729,"Xiaomi Smart TV 55"" 4K QLED",Televisor QLED con tecnología Quantum Dot y diseño ultra fino - Modelo 2024,650.58,53,DISCONTINUED,2025-02-22 08:48:37,2025-03-13 02:26:16
3750,PROD-03730,"Xiaomi Smart TV 55"" 4K QLED",Televisor QLED con tecnología Quantum Dot y diseño ultra fino - Modelo 2025,707.99,10,ACTIVE,2025-05-14 04:26:09,2025-06-23 00:50:23
3751,PROD-03731,"LG Smart TV 50"" 4K Crystal",Pantalla UHD con procesador Crystal 4K y PurColor - Modelo 2026,508.64,87,INACTIVE,2025-06-28 09:39:22,2025-08-18 08:49:31
3752,PROD-03732,"Sony Smart TV 65"" 4K UHD",Pantalla grande con Dolby Vision Atmos y control por voz - Modelo 2023,849.29,129,ACTIVE,2025-06-29 02:05:59,2025-07-05 23:41:27
3753,PROD-03733,"Samsung Smart TV 65"" 4K UHD",Pantalla grande con Dolby Vision Atmos y control por voz - Modelo 2024,860.07,88,ACTIVE,2026-06-19 09:24:42,2026-07-28 22:40:18
3754,PROD-03734,"Sony Smart TV 65"" 4K UHD",Pantalla grande con Dolby Vision Atmos y control por voz - Modelo 2025,858.95,39,ACTIVE,2025-07-09 09:38:50,2025-07-15 17:50:29
3755,PROD-03735,"Panasonic Smart TV 40"" Full HD",Pantalla plana Full HD con puertos HDMI y USB multimedia - Modelo 2026,301.65,25,INACTIVE,2025-10-13 01:31:57,2025-11-14 15:09:49
3756,PROD-03736,"Sony Smart TV 55"" 4K QLED",Televisor QLED con tecnología Quantum Dot y diseño ultra fino - Modelo 2023,629.22,8,DISCONTINUED,2025-10-02 18:37:24,2025-10-07 03:50:28
3757,PROD-03737,"Hisense Smart TV 55"" 4K QLED",Televisor QLED con tecnología Quantum Dot y diseño ultra fino - Modelo 2024,654.59,38,DISCONTINUED,2026-06-12 13:29:18,2026-07-26 18:47:23
3758,PROD-03738,"Philips Smart TV 50"" 4K Crystal",Pantalla UHD con procesador Crystal 4K y PurColor - Modelo 2025,477.54,67,DISCONTINUED,2025-02-23 09:16:39,2025-03-07 16:55:03
3759,PROD-03739,"Hisense Smart TV 65"" 4K UHD",Pantalla grande con Dolby Vision Atmos y control por voz - Modelo 2026,917.47,74,ACTIVE,2026-08-05 08:39:10,2026-08-31 17:12:54
3760,PROD-03740,"Xiaomi Smart TV 85"" 8K Master",Pantalla premium de máxima resolución con inteligencia artificial - Modelo 2023,2595.53,26,INACTIVE,2026-06-21 14:14:24,2026-07-27 18:37:41
3761,PROD-03741,"Philips Smart TV 50"" 4K Crystal",Pantalla UHD con procesador Crystal 4K y PurColor - Modelo 2024,516.22,64,ACTIVE,2026-02-22 02:15:43,2026-03-09 01:17:58
3762,PROD-03742,"Hisense Smart TV 43"" 4K UHD",Televisor inteligente con HDR10+ y sistema operativo webOS - Modelo 2025,473.66,4,ACTIVE,2025-04-12 13:12:02,2025-05-18 01:25:56
3763,PROD-03743,"Panasonic Smart TV 85"" 8K Master",Pantalla premium de máxima resolución con inteligencia artificial - Modelo 2026,2806.75,91,ACTIVE,2026-01-29 02:52:21,2026-03-10 14:39:00
3764,PROD-03744,"Panasonic Smart TV 85"" 8K Master",Pantalla premium de máxima resolución con inteligencia artificial - Modelo 2023,2904.27,126,DISCONTINUED,2025-05-05 13:34:17,2025-05-06 14:10:43
3765,PROD-03745,"LG Smart TV 50"" 4K Crystal",Pantalla UHD con procesador Crystal 4K y PurColor - Modelo 2024,469.92,105,INACTIVE,2026-08-09 23:26:21,2026-09-26 08:07:33
3766,PROD-03746,"Hisense Smart TV 75"" 4K Frameless",Televisor sin bordes de gran formato con panel LED avanzado - Modelo 2025,1334.13,0,ACTIVE,2025-12-31 12:30:11,2026-01-19 03:22:19
3767,PROD-03747,"Panasonic Smart TV 50"" 4K Crystal",Pantalla UHD con procesador Crystal 4K y PurColor - Modelo 2026,449.78,88,ACTIVE,2026-03-31 19:59:27,2026-05-04 15:58:21
3768,PROD-03748,"Hisense Smart TV 43"" 4K UHD",Televisor inteligente con HDR10+ y sistema operativo webOS - Modelo 2023,442.9,10,INACTIVE,2026-04-08 15:07:48,2026-05-07 12:29:19
3769,PROD-03749,"Hisense Smart TV 32"" HD LED",Televisor LED HD con Roku integrado y sonido Dolby Audio - Modelo 2024,209.94,29,ACTIVE,2025-04-03 01:11:30,2025-04-19 05:55:26
3770,PROD-03750,"Hisense Smart TV 85"" 8K Master",Pantalla premium de máxima resolución con inteligencia artificial - Modelo 2025,2917.33,111,DISCONTINUED,2025-08-09 07:50:19,2025-08-18 00:09:12
3771,PROD-03751,"Samsung Smart TV 55"" 4K QLED",Televisor QLED con tecnología Quantum Dot y diseño ultra fino - Modelo 2026,676.97,131,DISCONTINUED,2025-01-28 12:03:53,2025-03-11 21:53:27
3772,PROD-03752,"LG Smart TV 40"" Full HD",Pantalla plana Full HD con puertos HDMI y USB multimedia - Modelo 2023,339.43,99,ACTIVE,2026-08-19 13:24:56,2026-10-05 12:20:01
3773,PROD-03753,"Samsung Smart TV 65"" 4K UHD",Pantalla grande con Dolby Vision Atmos y control por voz - Modelo 2024,865.49,41,ACTIVE,2025-12-19 04:05:00,2026-01-04 03:40:35
3774,PROD-03754,"TCL Smart TV 50"" 4K Crystal",Pantalla UHD con procesador Crystal 4K y PurColor - Modelo 2025,469.59,91,DISCONTINUED,2026-08-18 03:30:06,2026-09-29 11:50:00
3775,PROD-03755,"Sony Smart TV 85"" 8K Master",Pantalla premium de máxima resolución con inteligencia artificial - Modelo 2026,2611.34,72,ACTIVE,2025-05-04 01:46:04,2025-06-18 06:29:47
3776,PROD-03756,"Sony Smart TV 75"" 4K Frameless",Televisor sin bordes de gran formato con panel LED avanzado - Modelo 2023,1304.57,110,DISCONTINUED,2026-05-27 01:35:48,2026-06-14 23:07:04
3777,PROD-03757,"Samsung Smart TV 65"" 4K UHD",Pantalla grande con Dolby Vision Atmos y control por voz - Modelo 2024,865.23,46,ACTIVE,2026-07-22 18:58:25,2026-09-03 06:45:56
3778,PROD-03758,"Samsung Smart TV 32"" HD LED",Televisor LED HD con Roku integrado y sonido Dolby Audio - Modelo 2025,271.02,150,INACTIVE,2026-01-02 22:30:37,2026-01-09 08:10:17
3779,PROD-03759,"Panasonic Smart TV 43"" 4K UHD",Televisor inteligente con HDR10+ y sistema operativo webOS - Modelo 2026,458.61,100,DISCONTINUED,2025-03-09 18:05:32,2025-03-29 22:45:04
3780,PROD-03760,"Philips Smart TV 85"" 8K Master",Pantalla premium de máxima resolución con inteligencia artificial - Modelo 2023,2984.64,96,INACTIVE,2026-06-12 13:29:53,2026-06-19 15:40:45
3781,PROD-03761,"TCL Smart TV 43"" 4K UHD",Televisor inteligente con HDR10+ y sistema operativo webOS - Modelo 2024,405.19,101,INACTIVE,2025-11-08 10:18:15,2025-12-20 20:42:57
3782,PROD-03762,"TCL Smart TV 40"" Full HD",Pantalla plana Full HD con puertos HDMI y USB multimedia - Modelo 2025,336.37,143,ACTIVE,2026-03-10 14:42:09,2026-03-16 06:02:10
3783,PROD-03763,"Hisense Smart TV 75"" 4K Frameless",Televisor sin bordes de gran formato con panel LED avanzado - Modelo 2026,1238.81,10,INACTIVE,2026-01-08 03:08:19,2026-02-22 20:38:52
3784,PROD-03764,"Panasonic Smart TV 32"" HD LED",Televisor LED HD con Roku integrado y sonido Dolby Audio - Modelo 2023,205.13,138,ACTIVE,2025-07-05 15:25:59,2025-08-19 03:46:43
3785,PROD-03765,"LG Smart TV 85"" 8K Master",Pantalla premium de máxima resolución con inteligencia artificial - Modelo 2024,2826.11,24,INACTIVE,2025-10-15 00:34:31,2025-10-31 21:21:04
3786,PROD-03766,"TCL Smart TV 50"" 4K Crystal",Pantalla UHD con procesador Crystal 4K y PurColor - Modelo 2025,430.27,104,ACTIVE,2025-09-02 17:48:32,2025-09-12 04:03:30
3787,PROD-03767,"TCL Smart TV 65"" 4K UHD",Pantalla grande con Dolby Vision Atmos y control por voz - Modelo 2026,956.23,106,DISCONTINUED,2025-06-25 21:08:41,2025-07-27 09:00:52
3788,PROD-03768,"Xiaomi Smart TV 65"" 4K UHD",Pantalla grande con Dolby Vision Atmos y control por voz - Modelo 2023,918.55,30,ACTIVE,2025-06-08 23:03:25,2025-07-23 13:20:28
3789,PROD-03769,"Samsung Smart TV 50"" 4K Crystal",Pantalla UHD con procesador Crystal 4K y PurColor - Modelo 2024,551.57,13,ACTIVE,2025-01-29 19:12:20,2025-02-05 11:57:35
3790,PROD-03770,"Philips Smart TV 55"" 4K QLED",Televisor QLED con tecnología Quantum Dot y diseño ultra fino - Modelo 2025,698.8,77,DISCONTINUED,2026-03-07 10:24:16,2026-04-18 18:51:16
3791,PROD-03771,"Panasonic Smart TV 65"" 4K UHD",Pantalla grande con Dolby Vision Atmos y control por voz - Modelo 2026,839.44,141,ACTIVE,2026-03-31 15:16:22,2026-04-28 09:32:57
3792,PROD-03772,"Philips Smart TV 65"" 4K UHD",Pantalla grande con Dolby Vision Atmos y control por voz - Modelo 2023,793.46,95,ACTIVE,2025-09-20 22:14:38,2025-10-16 21:41:55
3793,PROD-03773,"Xiaomi Smart TV 40"" Full HD",Pantalla plana Full HD con puertos HDMI y USB multimedia - Modelo 2024,357.99,128,ACTIVE,2026-04-30 06:19:21,2026-05-31 16:56:38
3794,PROD-03774,"Samsung Smart TV 55"" 4K QLED",Televisor QLED con tecnología Quantum Dot y diseño ultra fino - Modelo 2025,619.96,144,ACTIVE,2026-03-21 03:42:01,2026-04-08 01:01:30
3795,PROD-03775,"LG Smart TV 85"" 8K Master",Pantalla premium de máxima resolución con inteligencia artificial - Modelo 2026,2806.16,96,ACTIVE,2026-01-24 22:34:33,2026-02-10 06:50:04
3796,PROD-03776,"Philips Smart TV 85"" 8K Master",Pantalla premium de máxima resolución con inteligencia artificial - Modelo 2023,2747.76,95,ACTIVE,2025-05-01 02:07:58,2025-06-07 22:01:46
3797,PROD-03777,"Panasonic Smart TV 55"" 4K QLED",Televisor QLED con tecnología Quantum Dot y diseño ultra fino - Modelo 2024,590.45,122,ACTIVE,2026-07-20 13:21:31,2026-07-26 04:22:28
3798,PROD-03778,"Xiaomi Smart TV 50"" 4K Crystal",Pantalla UHD con procesador Crystal 4K y PurColor - Modelo 2025,463.55,105,ACTIVE,2026-01-07 04:29:49,2026-01-08 08:34:01
3799,PROD-03779,"LG Smart TV 43"" 4K UHD",Televisor inteligente con HDR10+ y sistema operativo webOS - Modelo 2026,417.79,108,ACTIVE,2026-07-17 07:46:38,2026-08-01 05:26:42
3800,PROD-03780,"LG Smart TV 65"" 4K UHD",Pantalla grande con Dolby Vision Atmos y control por voz - Modelo 2023,942.52,91,INACTIVE,2025-08-12 13:37:03,2025-08-15 09:45:30
3801,PROD-03781,"TCL Smart TV 65"" 4K UHD",Pantalla grande con Dolby Vision Atmos y control por voz - Modelo 2024,809.47,12,ACTIVE,2026-08-16 16:52:26,2026-09-23 03:55:22
3802,PROD-03782,"Xiaomi Smart TV 65"" 4K UHD",Pantalla grande con Dolby Vision Atmos y control por voz - Modelo 2025,917.57,75,ACTIVE,2026-01-21 07:21:57,2026-02-04 09:51:28
3803,PROD-03783,"LG Smart TV 43"" 4K UHD",Televisor inteligente con HDR10+ y sistema operativo webOS - Modelo 2026,365.28,71,DISCONTINUED,2025-10-15 23:11:47,2025-11-24 08:36:15
3804,PROD-03784,"LG Smart TV 40"" Full HD",Pantalla plana Full HD con puertos HDMI y USB multimedia - Modelo 2023,345.06,121,ACTIVE,2025-11-06 16:35:34,2025-12-26 15:54:23
3805,PROD-03785,"Sony Smart TV 75"" 4K Frameless",Televisor sin bordes de gran formato con panel LED avanzado - Modelo 2024,1269.7,61,ACTIVE,2025-04-25 19:56:32,2025-05-03 11:08:57
3806,PROD-03786,"TCL Smart TV 55"" 4K QLED",Televisor QLED con tecnología Quantum Dot y diseño ultra fino - Modelo 2025,646.95,21,ACTIVE,2025-01-18 18:37:28,2025-02-19 05:06:46
3807,PROD-03787,"Sony Smart TV 50"" 4K Crystal",Pantalla UHD con procesador Crystal 4K y PurColor - Modelo 2026,485.06,16,INACTIVE,2025-05-16 18:26:41,2025-06-28 02:46:26
3808,PROD-03788,"Philips Smart TV 32"" HD LED",Televisor LED HD con Roku integrado y sonido Dolby Audio - Modelo 2023,241.98,148,INACTIVE,2026-06-22 23:28:21,2026-08-04 15:16:02
3809,PROD-03789,"TCL Smart TV 32"" HD LED",Televisor LED HD con Roku integrado y sonido Dolby Audio - Modelo 2024,253.94,143,DISCONTINUED,2025-11-09 05:49:53,2025-12-22 15:04:45
3810,PROD-03790,"Sony Smart TV 75"" 4K Frameless",Televisor sin bordes de gran formato con panel LED avanzado - Modelo 2025,1238.16,93,INACTIVE,2026-08-20 21:09:04,2026-10-04 03:59:37
3811,PROD-03791,"Sony Smart TV 55"" 4K QLED",Televisor QLED con tecnología Quantum Dot y diseño ultra fino - Modelo 2026,593.43,113,ACTIVE,2025-07-10 04:59:52,2025-07-26 10:03:33
3812,PROD-03792,"Panasonic Smart TV 75"" 4K Frameless",Televisor sin bordes de gran formato con panel LED avanzado - Modelo 2023,1259.78,73,INACTIVE,2025-06-10 11:42:55,2025-06-17 04:44:29
3813,PROD-03793,"Sony Smart TV 85"" 8K Master",Pantalla premium de máxima resolución con inteligencia artificial - Modelo 2024,2850.21,56,DISCONTINUED,2026-05-29 00:05:23,2026-06-24 12:30:53
3814,PROD-03794,"Samsung Smart TV 32"" HD LED",Televisor LED HD con Roku integrado y sonido Dolby Audio - Modelo 2025,202.56,29,DISCONTINUED,2025-04-18 04:32:02,2025-04-30 15:17:08
3815,PROD-03795,"Sony Smart TV 43"" 4K UHD",Televisor inteligente con HDR10+ y sistema operativo webOS - Modelo 2026,463.1,103,ACTIVE,2025-03-14 18:39:36,2025-04-23 00:05:43
3816,PROD-03796,"LG Smart TV 55"" 4K QLED",Televisor QLED con tecnología Quantum Dot y diseño ultra fino - Modelo 2023,646.84,130,INACTIVE,2025-11-24 06:46:17,2026-01-10 11:05:31
3817,PROD-03797,"Hisense Smart TV 65"" 4K UHD",Pantalla grande con Dolby Vision Atmos y control por voz - Modelo 2024,780.72,24,ACTIVE,2026-07-11 15:21:54,2026-07-27 18:00:48
3818,PROD-03798,"Sony Smart TV 65"" 4K UHD",Pantalla grande con Dolby Vision Atmos y control por voz - Modelo 2025,877.6,34,DISCONTINUED,2026-02-02 00:23:49,2026-02-16 20:28:54
3819,PROD-03799,"Sony Smart TV 85"" 8K Master",Pantalla premium de máxima resolución con inteligencia artificial - Modelo 2026,2944.53,149,ACTIVE,2026-02-05 06:31:22,2026-03-16 21:37:36
3820,PROD-03800,"Samsung Smart TV 65"" 4K UHD",Pantalla grande con Dolby Vision Atmos y control por voz - Modelo 2023,856.46,86,DISCONTINUED,2026-02-26 18:47:30,2026-03-20 23:24:18
3821,PROD-03801,"Panasonic Smart TV 43"" 4K UHD",Televisor inteligente con HDR10+ y sistema operativo webOS - Modelo 2024,394.71,124,DISCONTINUED,2025-02-21 18:46:48,2025-03-23 01:54:15
3822,PROD-03802,"Panasonic Smart TV 55"" 4K QLED",Televisor QLED con tecnología Quantum Dot y diseño ultra fino - Modelo 2025,688.09,143,ACTIVE,2025-08-23 07:38:41,2025-09-21 21:07:35
3823,PROD-03803,"TCL Smart TV 43"" 4K UHD",Televisor inteligente con HDR10+ y sistema operativo webOS - Modelo 2026,468.19,98,INACTIVE,2025-03-31 20:01:50,2025-04-08 05:37:46
3824,PROD-03804,"Panasonic Smart TV 43"" 4K UHD",Televisor inteligente con HDR10+ y sistema operativo webOS - Modelo 2023,425.95,40,ACTIVE,2025-12-03 13:18:58,2025-12-29 17:13:36
3825,PROD-03805,"Samsung Smart TV 43"" 4K UHD",Televisor inteligente con HDR10+ y sistema operativo webOS - Modelo 2024,475.48,107,ACTIVE,2025-10-14 21:07:02,2025-12-02 13:48:54
3826,PROD-03806,"Samsung Smart TV 43"" 4K UHD",Televisor inteligente con HDR10+ y sistema operativo webOS - Modelo 2025,398.41,106,DISCONTINUED,2025-06-05 09:03:40,2025-07-10 06:22:11
3827,PROD-03807,"Sony Smart TV 50"" 4K Crystal",Pantalla UHD con procesador Crystal 4K y PurColor - Modelo 2026,543.69,149,ACTIVE,2026-03-07 13:19:52,2026-04-03 21:31:09
3828,PROD-03808,"Xiaomi Smart TV 40"" Full HD",Pantalla plana Full HD con puertos HDMI y USB multimedia - Modelo 2023,322.51,33,ACTIVE,2026-06-25 08:46:27,2026-07-28 02:44:25
3829,PROD-03809,"Samsung Smart TV 75"" 4K Frameless",Televisor sin bordes de gran formato con panel LED avanzado - Modelo 2024,1267.81,121,ACTIVE,2026-02-17 00:58:04,2026-03-20 00:10:05
3830,PROD-03810,"LG Smart TV 50"" 4K Crystal",Pantalla UHD con procesador Crystal 4K y PurColor - Modelo 2025,455.04,51,ACTIVE,2025-02-04 19:33:44,2025-02-06 23:52:12
3831,PROD-03811,"LG Smart TV 75"" 4K Frameless",Televisor sin bordes de gran formato con panel LED avanzado - Modelo 2026,1307.21,88,ACTIVE,2025-03-23 02:53:03,2025-04-21 20:50:37
3832,PROD-03812,"TCL Smart TV 85"" 8K Master",Pantalla premium de máxima resolución con inteligencia artificial - Modelo 2023,2885.57,122,INACTIVE,2025-03-08 20:33:36,2025-03-14 05:00:16
3833,PROD-03813,"Samsung Smart TV 85"" 8K Master",Pantalla premium de máxima resolución con inteligencia artificial - Modelo 2024,2847.36,26,DISCONTINUED,2025-12-16 01:18:48,2025-12-28 22:27:30
3834,PROD-03814,"Philips Smart TV 65"" 4K UHD",Pantalla grande con Dolby Vision Atmos y control por voz - Modelo 2025,827.37,113,ACTIVE,2026-04-17 02:07:50,2026-05-27 10:30:15
3835,PROD-03815,"TCL Smart TV 85"" 8K Master",Pantalla premium de máxima resolución con inteligencia artificial - Modelo 2026,2654.63,98,DISCONTINUED,2026-01-29 06:07:41,2026-02-09 00:33:28
3836,PROD-03816,"Samsung Smart TV 32"" HD LED",Televisor LED HD con Roku integrado y sonido Dolby Audio - Modelo 2023,202.98,42,DISCONTINUED,2026-01-17 16:53:17,2026-02-07 07:53:31
3837,PROD-03817,"Hisense Smart TV 85"" 8K Master",Pantalla premium de máxima resolución con inteligencia artificial - Modelo 2024,2942.58,47,DISCONTINUED,2025-06-07 20:19:36,2025-07-03 08:53:09
3838,PROD-03818,"TCL Smart TV 55"" 4K QLED",Televisor QLED con tecnología Quantum Dot y diseño ultra fino - Modelo 2025,585.42,72,ACTIVE,2025-06-16 11:11:44,2025-07-31 12:02:18
3839,PROD-03819,"LG Smart TV 50"" 4K Crystal",Pantalla UHD con procesador Crystal 4K y PurColor - Modelo 2026,543.98,146,INACTIVE,2025-10-24 03:49:10,2025-11-22 22:11:37
3840,PROD-03820,"LG Smart TV 43"" 4K UHD",Televisor inteligente con HDR10+ y sistema operativo webOS - Modelo 2023,377.97,97,ACTIVE,2025-05-03 08:47:38,2025-05-05 23:37:39
3841,PROD-03821,"Sony Smart TV 43"" 4K UHD",Televisor inteligente con HDR10+ y sistema operativo webOS - Modelo 2024,414.77,18,ACTIVE,2026-03-05 05:46:11,2026-03-25 12:56:48
3842,PROD-03822,"Panasonic Smart TV 43"" 4K UHD",Televisor inteligente con HDR10+ y sistema operativo webOS - Modelo 2025,390.27,122,DISCONTINUED,2026-08-03 02:33:50,2026-08-25 00:18:59
3843,PROD-03823,"Panasonic Smart TV 65"" 4K UHD",Pantalla grande con Dolby Vision Atmos y control por voz - Modelo 2026,872.57,79,DISCONTINUED,2025-01-29 16:23:36,2025-01-31 03:42:29
3844,PROD-03824,"Panasonic Smart TV 43"" 4K UHD",Televisor inteligente con HDR10+ y sistema operativo webOS - Modelo 2023,420.9,40,ACTIVE,2026-08-15 17:03:30,2026-09-09 02:54:27
3845,PROD-03825,"Xiaomi Smart TV 50"" 4K Crystal",Pantalla UHD con procesador Crystal 4K y PurColor - Modelo 2024,493.64,125,ACTIVE,2026-01-03 21:26:15,2026-02-21 03:29:16
3846,PROD-03826,"Philips Smart TV 75"" 4K Frameless",Televisor sin bordes de gran formato con panel LED avanzado - Modelo 2025,1159.38,129,INACTIVE,2025-11-14 05:39:39,2025-12-15 04:55:14
3847,PROD-03827,"Philips Smart TV 32"" HD LED",Televisor LED HD con Roku integrado y sonido Dolby Audio - Modelo 2026,300.11,30,ACTIVE,2025-01-26 22:50:38,2025-02-12 22:52:55
3848,PROD-03828,"LG Smart TV 40"" Full HD",Pantalla plana Full HD con puertos HDMI y USB multimedia - Modelo 2023,315.43,72,ACTIVE,2025-03-28 20:44:42,2025-04-12 05:58:19
3849,PROD-03829,"Sony Smart TV 43"" 4K UHD",Televisor inteligente con HDR10+ y sistema operativo webOS - Modelo 2024,429.89,147,ACTIVE,2025-08-22 01:32:30,2025-09-29 07:06:34
3850,PROD-03830,"LG Smart TV 75"" 4K Frameless",Televisor sin bordes de gran formato con panel LED avanzado - Modelo 2025,1203.79,27,ACTIVE,2026-05-09 22:54:57,2026-05-20 14:30:22
3851,PROD-03831,"Sony Smart TV 65"" 4K UHD",Pantalla grande con Dolby Vision Atmos y control por voz - Modelo 2026,845.4,18,INACTIVE,2025-09-29 15:59:04,2025-10-31 02:54:09
3852,PROD-03832,"TCL Smart TV 40"" Full HD",Pantalla plana Full HD con puertos HDMI y USB multimedia - Modelo 2023,314.93,18,ACTIVE,2025-08-14 01:43:22,2025-09-13 16:36:41
3853,PROD-03833,"Xiaomi Smart TV 75"" 4K Frameless",Televisor sin bordes de gran formato con panel LED avanzado - Modelo 2024,1284.52,43,ACTIVE,2026-05-28 04:04:36,2026-06-28 15:03:56
3854,PROD-03834,"Sony Smart TV 65"" 4K UHD",Pantalla grande con Dolby Vision Atmos y control por voz - Modelo 2025,827.66,144,INACTIVE,2025-04-10 15:52:41,2025-04-19 04:53:25
3855,PROD-03835,"TCL Smart TV 32"" HD LED",Televisor LED HD con Roku integrado y sonido Dolby Audio - Modelo 2026,260.28,143,DISCONTINUED,2025-12-04 00:42:54,2026-01-16 19:08:28
3856,PROD-03836,"Sony Smart TV 75"" 4K Frameless",Televisor sin bordes de gran formato con panel LED avanzado - Modelo 2023,1220.86,101,ACTIVE,2026-02-17 22:52:57,2026-04-06 20:14:10
3857,PROD-03837,"Sony Smart TV 65"" 4K UHD",Pantalla grande con Dolby Vision Atmos y control por voz - Modelo 2024,813.69,146,DISCONTINUED,2025-01-31 09:12:34,2025-02-15 23:01:20
3858,PROD-03838,"Panasonic Smart TV 55"" 4K QLED",Televisor QLED con tecnología Quantum Dot y diseño ultra fino - Modelo 2025,620.84,32,ACTIVE,2025-08-07 02:05:05,2025-09-07 17:32:41
3859,PROD-03839,"Hisense Smart TV 32"" HD LED",Televisor LED HD con Roku integrado y sonido Dolby Audio - Modelo 2026,298.17,89,DISCONTINUED,2025-11-09 14:50:56,2025-11-28 15:31:33
3860,PROD-03840,"Xiaomi Smart TV 65"" 4K UHD",Pantalla grande con Dolby Vision Atmos y control por voz - Modelo 2023,872.69,26,DISCONTINUED,2025-01-26 02:40:24,2025-02-13 04:51:03
3861,PROD-03841,"Sony Smart TV 75"" 4K Frameless",Televisor sin bordes de gran formato con panel LED avanzado - Modelo 2024,1178.69,138,INACTIVE,2025-04-08 01:12:22,2025-04-14 18:25:52
3862,PROD-03842,"TCL Smart TV 43"" 4K UHD",Televisor inteligente con HDR10+ y sistema operativo webOS - Modelo 2025,411.03,62,DISCONTINUED,2025-01-03 16:43:48,2025-01-23 04:21:13
3863,PROD-03843,"Philips Smart TV 50"" 4K Crystal",Pantalla UHD con procesador Crystal 4K y PurColor - Modelo 2026,518.95,51,ACTIVE,2025-06-09 08:34:09,2025-06-18 22:41:46
3864,PROD-03844,"Sony Smart TV 85"" 8K Master",Pantalla premium de máxima resolución con inteligencia artificial - Modelo 2023,2943.67,113,DISCONTINUED,2025-06-16 07:33:40,2025-07-02 14:04:53
3865,PROD-03845,"TCL Smart TV 43"" 4K UHD",Televisor inteligente con HDR10+ y sistema operativo webOS - Modelo 2024,426.96,128,ACTIVE,2025-03-18 08:51:09,2025-03-26 14:04:05
3866,PROD-03846,"LG Smart TV 50"" 4K Crystal",Pantalla UHD con procesador Crystal 4K y PurColor - Modelo 2025,495.43,57,ACTIVE,2025-06-10 15:18:40,2025-06-28 09:57:50
3867,PROD-03847,"Panasonic Smart TV 75"" 4K Frameless",Televisor sin bordes de gran formato con panel LED avanzado - Modelo 2026,1366.84,35,ACTIVE,2026-01-17 15:15:59,2026-03-08 20:30:40
3868,PROD-03848,"TCL Smart TV 40"" Full HD",Pantalla plana Full HD con puertos HDMI y USB multimedia - Modelo 2023,332.49,0,ACTIVE,2026-05-12 20:08:00,2026-06-24 21:09:39
3869,PROD-03849,"Hisense Smart TV 75"" 4K Frameless",Televisor sin bordes de gran formato con panel LED avanzado - Modelo 2024,1152.78,48,INACTIVE,2025-10-03 20:09:30,2025-11-02 01:33:27
3870,PROD-03850,"Panasonic Smart TV 50"" 4K Crystal",Pantalla UHD con procesador Crystal 4K y PurColor - Modelo 2025,566.59,142,DISCONTINUED,2025-04-29 07:45:22,2025-05-30 22:56:12
3871,PROD-03851,"Xiaomi Smart TV 55"" 4K QLED",Televisor QLED con tecnología Quantum Dot y diseño ultra fino - Modelo 2026,659.51,102,ACTIVE,2026-02-17 15:21:53,2026-03-18 06:01:23
3872,PROD-03852,"Samsung Smart TV 50"" 4K Crystal",Pantalla UHD con procesador Crystal 4K y PurColor - Modelo 2023,483.77,6,DISCONTINUED,2025-10-04 02:16:37,2025-10-07 12:38:08
3873,PROD-03853,"Philips Smart TV 50"" 4K Crystal",Pantalla UHD con procesador Crystal 4K y PurColor - Modelo 2024,483.64,101,ACTIVE,2026-06-12 18:08:00,2026-06-27 16:32:14
3874,PROD-03854,"Hisense Smart TV 40"" Full HD",Pantalla plana Full HD con puertos HDMI y USB multimedia - Modelo 2025,295.44,10,ACTIVE,2025-01-06 06:16:35,2025-02-14 16:16:11
3875,PROD-03855,"LG Smart TV 32"" HD LED",Televisor LED HD con Roku integrado y sonido Dolby Audio - Modelo 2026,276.47,96,DISCONTINUED,2025-05-23 21:54:18,2025-06-19 09:04:47
3876,PROD-03856,"Panasonic Smart TV 75"" 4K Frameless",Televisor sin bordes de gran formato con panel LED avanzado - Modelo 2023,1172.7,37,ACTIVE,2025-03-20 13:31:47,2025-03-26 05:41:53
3877,PROD-03857,"Philips Smart TV 50"" 4K Crystal",Pantalla UHD con procesador Crystal 4K y PurColor - Modelo 2024,426.02,147,ACTIVE,2025-06-08 20:21:59,2025-07-19 04:46:17
3878,PROD-03858,"Samsung Smart TV 75"" 4K Frameless",Televisor sin bordes de gran formato con panel LED avanzado - Modelo 2025,1336.46,82,DISCONTINUED,2025-11-13 17:32:44,2025-11-24 19:36:20
3879,PROD-03859,"TCL Smart TV 50"" 4K Crystal",Pantalla UHD con procesador Crystal 4K y PurColor - Modelo 2026,410.97,131,ACTIVE,2025-07-10 12:05:54,2025-07-21 01:52:48
3880,PROD-03860,"LG Smart TV 85"" 8K Master",Pantalla premium de máxima resolución con inteligencia artificial - Modelo 2023,2599.45,127,ACTIVE,2026-06-27 03:16:45,2026-07-13 08:03:20
3881,PROD-03861,"Samsung Smart TV 43"" 4K UHD",Televisor inteligente con HDR10+ y sistema operativo webOS - Modelo 2024,402.02,134,ACTIVE,2025-12-09 17:57:41,2025-12-14 19:23:30
3882,PROD-03862,"Panasonic Smart TV 55"" 4K QLED",Televisor QLED con tecnología Quantum Dot y diseño ultra fino - Modelo 2025,686.39,126,INACTIVE,2026-05-05 07:40:57,2026-05-05 18:53:44
3883,PROD-03863,"Panasonic Smart TV 55"" 4K QLED",Televisor QLED con tecnología Quantum Dot y diseño ultra fino - Modelo 2026,696.13,112,DISCONTINUED,2025-06-13 14:24:04,2025-06-28 18:37:13
3884,PROD-03864,"Xiaomi Smart TV 50"" 4K Crystal",Pantalla UHD con procesador Crystal 4K y PurColor - Modelo 2023,481.75,10,ACTIVE,2025-12-11 00:06:09,2025-12-22 13:27:42
3885,PROD-03865,"Sony Smart TV 40"" Full HD",Pantalla plana Full HD con puertos HDMI y USB multimedia - Modelo 2024,327.19,114,ACTIVE,2025-08-09 05:38:51,2025-09-01 09:51:26
3886,PROD-03866,"LG Smart TV 50"" 4K Crystal",Pantalla UHD con procesador Crystal 4K y PurColor - Modelo 2025,488.88,24,INACTIVE,2026-07-31 18:39:23,2026-08-09 13:28:55
3887,PROD-03867,"Philips Smart TV 50"" 4K Crystal",Pantalla UHD con procesador Crystal 4K y PurColor - Modelo 2026,456.25,106,ACTIVE,2025-03-21 01:51:33,2025-04-04 11:24:44
3888,PROD-03868,"Philips Smart TV 50"" 4K Crystal",Pantalla UHD con procesador Crystal 4K y PurColor - Modelo 2023,484.1,105,ACTIVE,2025-09-18 17:35:15,2025-10-06 11:02:03
3889,PROD-03869,"LG Smart TV 43"" 4K UHD",Televisor inteligente con HDR10+ y sistema operativo webOS - Modelo 2024,419.15,139,ACTIVE,2025-11-23 16:52:51,2025-11-25 21:54:52
3890,PROD-03870,"LG Smart TV 65"" 4K UHD",Pantalla grande con Dolby Vision Atmos y control por voz - Modelo 2025,804.11,7,DISCONTINUED,2025-03-19 03:43:54,2025-03-25 15:20:37
3891,PROD-03871,"Xiaomi Smart TV 65"" 4K UHD",Pantalla grande con Dolby Vision Atmos y control por voz - Modelo 2026,900.25,124,DISCONTINUED,2025-07-11 05:45:39,2025-07-29 02:18:48
3892,PROD-03872,"Xiaomi Smart TV 65"" 4K UHD",Pantalla grande con Dolby Vision Atmos y control por voz - Modelo 2023,931.04,118,ACTIVE,2026-08-02 16:16:07,2026-08-29 06:43:17
3893,PROD-03873,"Sony Smart TV 65"" 4K UHD",Pantalla grande con Dolby Vision Atmos y control por voz - Modelo 2024,912.63,61,INACTIVE,2025-03-21 07:07:36,2025-04-16 19:45:38
3894,PROD-03874,"Xiaomi Smart TV 50"" 4K Crystal",Pantalla UHD con procesador Crystal 4K y PurColor - Modelo 2025,446.9,37,ACTIVE,2026-06-14 19:29:00,2026-06-16 08:06:07
3895,PROD-03875,"Philips Smart TV 65"" 4K UHD",Pantalla grande con Dolby Vision Atmos y control por voz - Modelo 2026,819.44,44,ACTIVE,2025-03-25 19:15:42,2025-03-26 08:42:21
3896,PROD-03876,"Samsung Smart TV 55"" 4K QLED",Televisor QLED con tecnología Quantum Dot y diseño ultra fino - Modelo 2023,671.1,32,DISCONTINUED,2026-01-19 21:25:17,2026-02-21 05:23:33
3897,PROD-03877,"LG Smart TV 85"" 8K Master",Pantalla premium de máxima resolución con inteligencia artificial - Modelo 2024,2624.47,86,ACTIVE,2026-02-16 08:40:34,2026-02-21 10:13:50
3898,PROD-03878,"Samsung Smart TV 32"" HD LED",Televisor LED HD con Roku integrado y sonido Dolby Audio - Modelo 2025,212.98,133,ACTIVE,2025-12-20 14:01:40,2026-02-08 01:43:04
3899,PROD-03879,"Panasonic Smart TV 40"" Full HD",Pantalla plana Full HD con puertos HDMI y USB multimedia - Modelo 2026,315.75,93,ACTIVE,2025-05-20 04:55:48,2025-07-04 01:14:19
3900,PROD-03880,"Samsung Smart TV 65"" 4K UHD",Pantalla grande con Dolby Vision Atmos y control por voz - Modelo 2023,817.14,92,ACTIVE,2025-10-09 20:25:02,2025-10-22 13:42:14
3901,PROD-03881,"TCL Smart TV 32"" HD LED",Televisor LED HD con Roku integrado y sonido Dolby Audio - Modelo 2024,208.21,101,ACTIVE,2026-04-20 01:08:11,2026-05-21 12:45:35
3902,PROD-03882,"Hisense Smart TV 32"" HD LED",Televisor LED HD con Roku integrado y sonido Dolby Audio - Modelo 2025,255.91,124,ACTIVE,2025-02-07 01:11:57,2025-02-27 17:49:03
3903,PROD-03883,"Panasonic Smart TV 40"" Full HD",Pantalla plana Full HD con puertos HDMI y USB multimedia - Modelo 2026,301.07,46,ACTIVE,2025-07-23 07:30:58,2025-07-24 13:46:32
3904,PROD-03884,"Panasonic Smart TV 50"" 4K Crystal",Pantalla UHD con procesador Crystal 4K y PurColor - Modelo 2023,528.21,61,ACTIVE,2025-03-10 23:59:02,2025-04-02 18:46:54
3905,PROD-03885,"Panasonic Smart TV 43"" 4K UHD",Televisor inteligente con HDR10+ y sistema operativo webOS - Modelo 2024,456.05,50,ACTIVE,2026-05-13 12:17:36,2026-06-19 00:05:46
3906,PROD-03886,"LG Smart TV 65"" 4K UHD",Pantalla grande con Dolby Vision Atmos y control por voz - Modelo 2025,843.82,2,ACTIVE,2026-01-22 17:33:52,2026-02-12 13:57:47
3907,PROD-03887,"Xiaomi Smart TV 32"" HD LED",Televisor LED HD con Roku integrado y sonido Dolby Audio - Modelo 2026,279.31,85,INACTIVE,2025-06-08 02:15:18,2025-07-02 00:53:21
3908,PROD-03888,"Samsung Smart TV 43"" 4K UHD",Televisor inteligente con HDR10+ y sistema operativo webOS - Modelo 2023,412.18,147,ACTIVE,2026-01-11 16:48:24,2026-02-15 03:52:14
3909,PROD-03889,"Xiaomi Smart TV 65"" 4K UHD",Pantalla grande con Dolby Vision Atmos y control por voz - Modelo 2024,846.72,81,INACTIVE,2025-07-21 13:45:50,2025-09-03 00:27:59
3910,PROD-03890,"Sony Smart TV 40"" Full HD",Pantalla plana Full HD con puertos HDMI y USB multimedia - Modelo 2025,340.17,67,DISCONTINUED,2025-04-16 17:38:44,2025-06-02 08:59:19
3911,PROD-03891,"Samsung Smart TV 55"" 4K QLED",Televisor QLED con tecnología Quantum Dot y diseño ultra fino - Modelo 2026,621.59,107,DISCONTINUED,2025-07-12 23:26:47,2025-07-23 21:06:32
3912,PROD-03892,"Xiaomi Smart TV 50"" 4K Crystal",Pantalla UHD con procesador Crystal 4K y PurColor - Modelo 2023,514.77,82,ACTIVE,2025-05-05 23:37:15,2025-06-10 22:00:12
3913,PROD-03893,"Sony Smart TV 85"" 8K Master",Pantalla premium de máxima resolución con inteligencia artificial - Modelo 2024,2799.45,59,DISCONTINUED,2025-11-21 11:54:04,2025-12-26 04:35:49
3914,PROD-03894,"Xiaomi Smart TV 50"" 4K Crystal",Pantalla UHD con procesador Crystal 4K y PurColor - Modelo 2025,475.18,8,ACTIVE,2025-12-29 04:07:07,2026-01-05 04:25:51
3915,PROD-03895,"Hisense Smart TV 40"" Full HD",Pantalla plana Full HD con puertos HDMI y USB multimedia - Modelo 2026,319.47,66,ACTIVE,2026-07-28 16:48:33,2026-08-13 13:00:01
3916,PROD-03896,"Panasonic Smart TV 43"" 4K UHD",Televisor inteligente con HDR10+ y sistema operativo webOS - Modelo 2023,443.34,83,ACTIVE,2025-05-04 17:41:16,2025-05-30 20:55:09
3917,PROD-03897,"LG Smart TV 43"" 4K UHD",Televisor inteligente con HDR10+ y sistema operativo webOS - Modelo 2024,435.86,38,INACTIVE,2025-09-09 05:14:00,2025-10-10 16:46:03
3918,PROD-03898,"Hisense Smart TV 43"" 4K UHD",Televisor inteligente con HDR10+ y sistema operativo webOS - Modelo 2025,409.14,134,ACTIVE,2026-06-19 03:03:27,2026-06-25 20:32:42
3919,PROD-03899,"TCL Smart TV 50"" 4K Crystal",Pantalla UHD con procesador Crystal 4K y PurColor - Modelo 2026,485.48,50,INACTIVE,2025-03-04 23:32:48,2025-04-21 00:18:47
3920,PROD-03900,"Samsung Smart TV 55"" 4K QLED",Televisor QLED con tecnología Quantum Dot y diseño ultra fino - Modelo 2023,703.03,65,DISCONTINUED,2026-06-04 16:57:49,2026-07-19 02:47:36
3921,PROD-03901,"Xiaomi Smart TV 55"" 4K QLED",Televisor QLED con tecnología Quantum Dot y diseño ultra fino - Modelo 2024,613.14,84,ACTIVE,2025-11-21 16:28:02,2025-11-23 01:16:52
3922,PROD-03902,"TCL Smart TV 50"" 4K Crystal",Pantalla UHD con procesador Crystal 4K y PurColor - Modelo 2025,524.15,106,INACTIVE,2025-09-01 14:33:21,2025-10-10 12:13:27
3923,PROD-03903,"TCL Smart TV 43"" 4K UHD",Televisor inteligente con HDR10+ y sistema operativo webOS - Modelo 2026,372.63,18,ACTIVE,2025-02-28 18:24:01,2025-04-06 10:07:46
3924,PROD-03904,"Hisense Smart TV 85"" 8K Master",Pantalla premium de máxima resolución con inteligencia artificial - Modelo 2023,2873.64,131,INACTIVE,2025-12-18 00:05:17,2025-12-31 05:05:18
3925,PROD-03905,"Samsung Smart TV 50"" 4K Crystal",Pantalla UHD con procesador Crystal 4K y PurColor - Modelo 2024,481.01,104,ACTIVE,2025-02-19 00:20:30,2025-04-01 12:38:24
3926,PROD-03906,"Xiaomi Smart TV 50"" 4K Crystal",Pantalla UHD con procesador Crystal 4K y PurColor - Modelo 2025,515.83,79,ACTIVE,2025-01-18 23:37:52,2025-01-30 17:51:34
3927,PROD-03907,"Panasonic Smart TV 40"" Full HD",Pantalla plana Full HD con puertos HDMI y USB multimedia - Modelo 2026,344.73,7,ACTIVE,2025-04-09 17:31:42,2025-04-11 07:10:30
3928,PROD-03908,"TCL Smart TV 43"" 4K UHD",Televisor inteligente con HDR10+ y sistema operativo webOS - Modelo 2023,449.83,65,ACTIVE,2025-07-15 18:47:02,2025-08-13 00:51:00
3929,PROD-03909,"TCL Smart TV 43"" 4K UHD",Televisor inteligente con HDR10+ y sistema operativo webOS - Modelo 2024,412.11,36,INACTIVE,2025-01-08 19:01:39,2025-01-28 07:58:53
3930,PROD-03910,"Panasonic Smart TV 40"" Full HD",Pantalla plana Full HD con puertos HDMI y USB multimedia - Modelo 2025,316.4,112,ACTIVE,2026-01-18 01:46:00,2026-02-10 07:18:05
3931,PROD-03911,"TCL Smart TV 85"" 8K Master",Pantalla premium de máxima resolución con inteligencia artificial - Modelo 2026,2626.06,62,ACTIVE,2026-07-13 19:05:18,2026-07-17 08:01:47
3932,PROD-03912,"Sony Smart TV 85"" 8K Master",Pantalla premium de máxima resolución con inteligencia artificial - Modelo 2023,2709.29,101,ACTIVE,2025-10-12 15:00:12,2025-11-21 15:51:25
3933,PROD-03913,"LG Smart TV 65"" 4K UHD",Pantalla grande con Dolby Vision Atmos y control por voz - Modelo 2024,859.8,28,ACTIVE,2025-07-02 13:20:56,2025-07-27 12:49:11
3934,PROD-03914,"LG Smart TV 40"" Full HD",Pantalla plana Full HD con puertos HDMI y USB multimedia - Modelo 2025,335.36,65,INACTIVE,2026-08-20 14:48:29,2026-09-25 08:04:53
3935,PROD-03915,"Sony Smart TV 40"" Full HD",Pantalla plana Full HD con puertos HDMI y USB multimedia - Modelo 2026,300.61,78,INACTIVE,2025-05-07 21:58:17,2025-05-13 21:15:35
3936,PROD-03916,"Samsung Smart TV 50"" 4K Crystal",Pantalla UHD con procesador Crystal 4K y PurColor - Modelo 2023,489.77,140,INACTIVE,2025-02-05 08:37:45,2025-03-13 07:26:03
3937,PROD-03917,"LG Smart TV 75"" 4K Frameless",Televisor sin bordes de gran formato con panel LED avanzado - Modelo 2024,1219.36,88,ACTIVE,2026-05-15 04:24:07,2026-06-14 20:31:18
3938,PROD-03918,"LG Smart TV 40"" Full HD",Pantalla plana Full HD con puertos HDMI y USB multimedia - Modelo 2025,353.68,119,DISCONTINUED,2025-07-28 20:00:50,2025-09-02 12:01:21
3939,PROD-03919,"Sony Smart TV 85"" 8K Master",Pantalla premium de máxima resolución con inteligencia artificial - Modelo 2026,2902.46,27,DISCONTINUED,2026-04-04 16:29:19,2026-04-10 00:50:38
3940,PROD-03920,"Samsung Smart TV 75"" 4K Frameless",Televisor sin bordes de gran formato con panel LED avanzado - Modelo 2023,1249.41,135,DISCONTINUED,2025-08-11 12:05:02,2025-08-15 03:19:20
3941,PROD-03921,"Sony Smart TV 32"" HD LED",Televisor LED HD con Roku integrado y sonido Dolby Audio - Modelo 2024,244.57,23,ACTIVE,2025-04-15 11:56:54,2025-05-10 23:42:29
3942,PROD-03922,"Hisense Smart TV 55"" 4K QLED",Televisor QLED con tecnología Quantum Dot y diseño ultra fino - Modelo 2025,646.21,82,DISCONTINUED,2025-03-01 18:16:41,2025-04-07 23:56:53
3943,PROD-03923,"Sony Smart TV 50"" 4K Crystal",Pantalla UHD con procesador Crystal 4K y PurColor - Modelo 2026,505.76,58,ACTIVE,2026-03-13 06:56:51,2026-04-12 06:41:39
3944,PROD-03924,"Sony Smart TV 32"" HD LED",Televisor LED HD con Roku integrado y sonido Dolby Audio - Modelo 2023,213.33,39,ACTIVE,2026-03-22 11:24:27,2026-04-10 12:30:32
3945,PROD-03925,"LG Smart TV 85"" 8K Master",Pantalla premium de máxima resolución con inteligencia artificial - Modelo 2024,2800.76,119,ACTIVE,2026-08-17 19:52:01,2026-09-14 02:03:00
3946,PROD-03926,"TCL Smart TV 85"" 8K Master",Pantalla premium de máxima resolución con inteligencia artificial - Modelo 2025,2965.15,149,ACTIVE,2025-12-09 05:42:22,2025-12-17 20:48:13
3947,PROD-03927,"TCL Smart TV 55"" 4K QLED",Televisor QLED con tecnología Quantum Dot y diseño ultra fino - Modelo 2026,651.2,148,DISCONTINUED,2026-01-26 13:50:14,2026-02-17 20:06:01
3948,PROD-03928,"Hisense Smart TV 75"" 4K Frameless",Televisor sin bordes de gran formato con panel LED avanzado - Modelo 2023,1358.79,120,DISCONTINUED,2026-02-06 10:06:18,2026-02-11 01:39:49
3949,PROD-03929,"Philips Smart TV 32"" HD LED",Televisor LED HD con Roku integrado y sonido Dolby Audio - Modelo 2024,209.43,43,INACTIVE,2025-11-27 19:41:02,2025-12-19 21:53:01
3950,PROD-03930,"LG Smart TV 85"" 8K Master",Pantalla premium de máxima resolución con inteligencia artificial - Modelo 2025,2583.56,126,INACTIVE,2026-08-07 01:33:27,2026-08-12 22:12:10
3951,PROD-03931,"Sony Smart TV 40"" Full HD",Pantalla plana Full HD con puertos HDMI y USB multimedia - Modelo 2026,284.75,12,INACTIVE,2025-09-24 21:21:00,2025-11-09 18:35:42
3952,PROD-03932,"Philips Smart TV 40"" Full HD",Pantalla plana Full HD con puertos HDMI y USB multimedia - Modelo 2023,287.03,134,INACTIVE,2026-04-25 17:25:51,2026-05-21 00:19:21
3953,PROD-03933,"Hisense Smart TV 85"" 8K Master",Pantalla premium de máxima resolución con inteligencia artificial - Modelo 2024,2812.1,40,INACTIVE,2026-01-25 18:49:59,2026-02-24 17:18:42
3954,PROD-03934,"Hisense Smart TV 50"" 4K Crystal",Pantalla UHD con procesador Crystal 4K y PurColor - Modelo 2025,561.27,35,ACTIVE,2026-06-15 05:42:31,2026-07-31 17:49:46
3955,PROD-03935,"LG Smart TV 85"" 8K Master",Pantalla premium de máxima resolución con inteligencia artificial - Modelo 2026,2865.15,72,INACTIVE,2026-06-15 11:21:25,2026-08-01 13:33:35
3956,PROD-03936,"Hisense Smart TV 65"" 4K UHD",Pantalla grande con Dolby Vision Atmos y control por voz - Modelo 2023,920.12,94,ACTIVE,2025-08-12 08:29:53,2025-08-18 01:54:29
3957,PROD-03937,"TCL Smart TV 75"" 4K Frameless",Televisor sin bordes de gran formato con panel LED avanzado - Modelo 2024,1193.57,33,INACTIVE,2026-05-12 23:25:37,2026-05-14 22:55:08
3958,PROD-03938,"TCL Smart TV 50"" 4K Crystal",Pantalla UHD con procesador Crystal 4K y PurColor - Modelo 2025,522.33,98,INACTIVE,2025-08-25 00:39:34,2025-09-28 15:52:15
3959,PROD-03939,"Sony Smart TV 50"" 4K Crystal",Pantalla UHD con procesador Crystal 4K y PurColor - Modelo 2026,523.38,75,ACTIVE,2026-03-06 17:54:41,2026-04-08 13:39:32
3960,PROD-03940,"Xiaomi Smart TV 40"" Full HD",Pantalla plana Full HD con puertos HDMI y USB multimedia - Modelo 2023,309.14,105,ACTIVE,2026-06-07 09:53:52,2026-07-17 10:43:16
3961,PROD-03941,"Panasonic Smart TV 85"" 8K Master",Pantalla premium de máxima resolución con inteligencia artificial - Modelo 2024,2900.79,26,INACTIVE,2026-06-28 05:14:06,2026-08-09 09:09:10
3962,PROD-03942,"LG Smart TV 50"" 4K Crystal",Pantalla UHD con procesador Crystal 4K y PurColor - Modelo 2025,433.76,20,DISCONTINUED,2025-05-21 01:04:04,2025-06-05 05:40:24
3963,PROD-03943,"Hisense Smart TV 43"" 4K UHD",Televisor inteligente con HDR10+ y sistema operativo webOS - Modelo 2026,399.71,70,INACTIVE,2025-08-25 12:01:32,2025-09-30 11:00:49
3964,PROD-03944,"Xiaomi Smart TV 85"" 8K Master",Pantalla premium de máxima resolución con inteligencia artificial - Modelo 2023,2676.71,0,ACTIVE,2025-01-01 08:00:23,2025-01-21 12:19:43
3965,PROD-03945,"Samsung Smart TV 55"" 4K QLED",Televisor QLED con tecnología Quantum Dot y diseño ultra fino - Modelo 2024,666.87,102,ACTIVE,2025-05-18 19:46:35,2025-07-04 03:55:03
3966,PROD-03946,"Sony Smart TV 75"" 4K Frameless",Televisor sin bordes de gran formato con panel LED avanzado - Modelo 2025,1289.74,89,ACTIVE,2026-06-05 23:42:17,2026-06-17 20:46:34
3967,PROD-03947,"Philips Smart TV 43"" 4K UHD",Televisor inteligente con HDR10+ y sistema operativo webOS - Modelo 2026,425.08,47,INACTIVE,2026-07-01 20:34:15,2026-08-16 13:35:33
3968,PROD-03948,"Hisense Smart TV 32"" HD LED",Televisor LED HD con Roku integrado y sonido Dolby Audio - Modelo 2023,263.52,69,ACTIVE,2025-09-21 19:48:35,2025-11-05 21:25:32
3969,PROD-03949,"TCL Smart TV 55"" 4K QLED",Televisor QLED con tecnología Quantum Dot y diseño ultra fino - Modelo 2024,727.75,122,DISCONTINUED,2025-02-03 18:03:32,2025-03-12 11:02:11
3970,PROD-03950,"Philips Smart TV 32"" HD LED",Televisor LED HD con Roku integrado y sonido Dolby Audio - Modelo 2025,264.28,16,INACTIVE,2025-02-19 21:32:53,2025-03-30 08:42:41
3971,PROD-03951,"Sony Smart TV 32"" HD LED",Televisor LED HD con Roku integrado y sonido Dolby Audio - Modelo 2026,262.03,50,ACTIVE,2025-05-18 15:32:44,2025-07-03 22:49:47
3972,PROD-03952,"LG Smart TV 65"" 4K UHD",Pantalla grande con Dolby Vision Atmos y control por voz - Modelo 2023,866.86,126,INACTIVE,2025-05-16 21:11:17,2025-06-21 09:02:22
3973,PROD-03953,"Hisense Smart TV 85"" 8K Master",Pantalla premium de máxima resolución con inteligencia artificial - Modelo 2024,2672.94,131,DISCONTINUED,2026-02-21 06:55:40,2026-02-27 14:49:14
3974,PROD-03954,"LG Smart TV 65"" 4K UHD",Pantalla grande con Dolby Vision Atmos y control por voz - Modelo 2025,847.82,87,ACTIVE,2026-05-09 12:49:26,2026-06-19 22:03:03
3975,PROD-03955,"Sony Smart TV 43"" 4K UHD",Televisor inteligente con HDR10+ y sistema operativo webOS - Modelo 2026,422.68,61,ACTIVE,2025-07-27 04:01:25,2025-09-10 02:19:06
3976,PROD-03956,"Xiaomi Smart TV 55"" 4K QLED",Televisor QLED con tecnología Quantum Dot y diseño ultra fino - Modelo 2023,643.6,118,DISCONTINUED,2025-05-05 04:52:53,2025-05-13 12:50:23
3977,PROD-03957,"LG Smart TV 55"" 4K QLED",Televisor QLED con tecnología Quantum Dot y diseño ultra fino - Modelo 2024,581.02,139,DISCONTINUED,2026-07-24 19:15:05,2026-09-01 12:35:15
3978,PROD-03958,"Samsung Smart TV 43"" 4K UHD",Televisor inteligente con HDR10+ y sistema operativo webOS - Modelo 2025,396.72,10,ACTIVE,2026-06-24 23:17:40,2026-07-31 18:15:40
3979,PROD-03959,"Sony Smart TV 43"" 4K UHD",Televisor inteligente con HDR10+ y sistema operativo webOS - Modelo 2026,385.16,147,INACTIVE,2025-03-15 22:52:48,2025-04-10 22:56:28
3980,PROD-03960,"LG Smart TV 50"" 4K Crystal",Pantalla UHD con procesador Crystal 4K y PurColor - Modelo 2023,504.68,145,DISCONTINUED,2025-12-19 04:04:37,2026-01-10 01:19:38
3981,PROD-03961,"Philips Smart TV 40"" Full HD",Pantalla plana Full HD con puertos HDMI y USB multimedia - Modelo 2024,377.42,25,ACTIVE,2026-08-08 15:33:39,2026-09-04 15:46:09
3982,PROD-03962,"Xiaomi Smart TV 85"" 8K Master",Pantalla premium de máxima resolución con inteligencia artificial - Modelo 2025,2775.14,3,INACTIVE,2025-09-09 12:02:53,2025-09-30 13:30:52
3983,PROD-03963,"Hisense Smart TV 32"" HD LED",Televisor LED HD con Roku integrado y sonido Dolby Audio - Modelo 2026,277.48,104,ACTIVE,2026-07-19 09:15:53,2026-07-27 07:08:41
3984,PROD-03964,"Xiaomi Smart TV 65"" 4K UHD",Pantalla grande con Dolby Vision Atmos y control por voz - Modelo 2023,927.34,95,INACTIVE,2026-03-01 01:27:37,2026-03-29 00:24:32
3985,PROD-03965,"Xiaomi Smart TV 75"" 4K Frameless",Televisor sin bordes de gran formato con panel LED avanzado - Modelo 2024,1376.16,47,INACTIVE,2025-02-18 18:13:21,2025-02-26 08:29:56
3986,PROD-03966,"Sony Smart TV 55"" 4K QLED",Televisor QLED con tecnología Quantum Dot y diseño ultra fino - Modelo 2025,666.73,47,ACTIVE,2026-02-20 23:58:50,2026-04-08 11:41:12
3987,PROD-03967,"Philips Smart TV 50"" 4K Crystal",Pantalla UHD con procesador Crystal 4K y PurColor - Modelo 2026,560.94,133,INACTIVE,2026-05-01 20:07:54,2026-05-29 05:28:25
3988,PROD-03968,"Philips Smart TV 50"" 4K Crystal",Pantalla UHD con procesador Crystal 4K y PurColor - Modelo 2023,434.68,85,ACTIVE,2026-07-27 06:57:43,2026-09-14 00:02:19
3989,PROD-03969,"Samsung Smart TV 65"" 4K UHD",Pantalla grande con Dolby Vision Atmos y control por voz - Modelo 2024,940.83,40,INACTIVE,2025-03-24 21:16:00,2025-04-13 16:11:10
3990,PROD-03970,"Samsung Smart TV 32"" HD LED",Televisor LED HD con Roku integrado y sonido Dolby Audio - Modelo 2025,259.69,11,INACTIVE,2026-01-27 22:32:08,2026-02-15 18:11:20
3991,PROD-03971,"Sony Smart TV 55"" 4K QLED",Televisor QLED con tecnología Quantum Dot y diseño ultra fino - Modelo 2026,678.8,55,ACTIVE,2026-05-10 11:59:35,2026-06-18 01:44:07
3992,PROD-03972,"Hisense Smart TV 43"" 4K UHD",Televisor inteligente con HDR10+ y sistema operativo webOS - Modelo 2023,392.62,117,INACTIVE,2026-03-04 09:23:47,2026-04-19 16:32:51
3993,PROD-03973,"Philips Smart TV 40"" Full HD",Pantalla plana Full HD con puertos HDMI y USB multimedia - Modelo 2024,368.95,149,DISCONTINUED,2025-04-13 17:36:00,2025-05-15 22:25:21
3994,PROD-03974,"LG Smart TV 75"" 4K Frameless",Televisor sin bordes de gran formato con panel LED avanzado - Modelo 2025,1297.03,92,ACTIVE,2026-02-15 11:33:17,2026-02-19 22:26:07
3995,PROD-03975,"Panasonic Smart TV 55"" 4K QLED",Televisor QLED con tecnología Quantum Dot y diseño ultra fino - Modelo 2026,579.24,1,DISCONTINUED,2025-08-01 07:54:06,2025-09-06 03:54:39
3996,PROD-03976,"Sony Smart TV 65"" 4K UHD",Pantalla grande con Dolby Vision Atmos y control por voz - Modelo 2023,846.36,74,DISCONTINUED,2025-07-25 19:41:24,2025-08-20 13:53:21
3997,PROD-03977,"TCL Smart TV 40"" Full HD",Pantalla plana Full HD con puertos HDMI y USB multimedia - Modelo 2024,286.11,115,ACTIVE,2025-03-15 14:27:28,2025-03-17 15:39:49
3998,PROD-03978,"Xiaomi Smart TV 32"" HD LED",Televisor LED HD con Roku integrado y sonido Dolby Audio - Modelo 2025,290.99,87,INACTIVE,2025-03-28 17:58:31,2025-04-05 10:37:17
3999,PROD-03979,"Panasonic Smart TV 85"" 8K Master",Pantalla premium de máxima resolución con inteligencia artificial - Modelo 2026,2805.12,82,INACTIVE,2026-04-26 13:57:31,2026-05-23 10:20:12
4000,PROD-03980,"Hisense Smart TV 50"" 4K Crystal",Pantalla UHD con procesador Crystal 4K y PurColor - Modelo 2023,428.12,72,ACTIVE,2025-03-31 21:20:07,2025-04-15 03:22:56
4001,PROD-03981,"Xiaomi Smart TV 85"" 8K Master",Pantalla premium de máxima resolución con inteligencia artificial - Modelo 2024,2828.61,141,ACTIVE,2026-03-22 18:32:34,2026-04-22 16:34:06
4002,PROD-03982,"Hisense Smart TV 43"" 4K UHD",Televisor inteligente con HDR10+ y sistema operativo webOS - Modelo 2025,385.32,62,ACTIVE,2025-04-27 14:28:32,2025-06-02 01:55:08
4003,PROD-03983,"Sony Smart TV 40"" Full HD",Pantalla plana Full HD con puertos HDMI y USB multimedia - Modelo 2026,328.62,139,DISCONTINUED,2025-04-27 22:43:11,2025-06-03 23:38:25
4004,PROD-03984,"Sony Smart TV 50"" 4K Crystal",Pantalla UHD con procesador Crystal 4K y PurColor - Modelo 2023,420.4,18,ACTIVE,2026-08-23 07:15:07,2026-09-30 03:17:44
4005,PROD-03985,"Hisense Smart TV 85"" 8K Master",Pantalla premium de máxima resolución con inteligencia artificial - Modelo 2024,2542.65,115,DISCONTINUED,2025-11-30 07:33:08,2025-12-10 20:09:36
4006,PROD-03986,"Philips Smart TV 65"" 4K UHD",Pantalla grande con Dolby Vision Atmos y control por voz - Modelo 2025,786.69,129,INACTIVE,2025-06-05 13:33:28,2025-07-07 09:21:18
4007,PROD-03987,"Hisense Smart TV 50"" 4K Crystal",Pantalla UHD con procesador Crystal 4K y PurColor - Modelo 2026,501.65,25,ACTIVE,2025-08-14 10:58:57,2025-08-26 22:22:37
4008,PROD-03988,"Philips Smart TV 85"" 8K Master",Pantalla premium de máxima resolución con inteligencia artificial - Modelo 2023,2633.44,3,INACTIVE,2025-01-24 03:55:09,2025-01-24 16:10:30
4009,PROD-03989,"Philips Smart TV 75"" 4K Frameless",Televisor sin bordes de gran formato con panel LED avanzado - Modelo 2024,1327.75,129,INACTIVE,2025-01-27 01:53:49,2025-02-22 03:31:16
4010,PROD-03990,"Philips Smart TV 50"" 4K Crystal",Pantalla UHD con procesador Crystal 4K y PurColor - Modelo 2025,538.5,119,ACTIVE,2025-09-30 19:49:31,2025-10-07 12:27:09
4011,PROD-03991,"Samsung Smart TV 40"" Full HD",Pantalla plana Full HD con puertos HDMI y USB multimedia - Modelo 2026,333.66,95,ACTIVE,2025-07-22 02:56:42,2025-08-19 20:22:31
4012,PROD-03992,"Xiaomi Smart TV 43"" 4K UHD",Televisor inteligente con HDR10+ y sistema operativo webOS - Modelo 2023,397.84,33,DISCONTINUED,2026-02-21 13:57:02,2026-04-11 10:25:10
4013,PROD-03993,"Philips Smart TV 75"" 4K Frameless",Televisor sin bordes de gran formato con panel LED avanzado - Modelo 2024,1300.57,123,INACTIVE,2025-07-25 13:43:18,2025-09-10 13:55:47
4014,PROD-03994,"LG Smart TV 85"" 8K Master",Pantalla premium de máxima resolución con inteligencia artificial - Modelo 2025,2833.9,41,ACTIVE,2026-06-28 10:26:03,2026-07-11 14:34:11
4015,PROD-03995,"Xiaomi Smart TV 55"" 4K QLED",Televisor QLED con tecnología Quantum Dot y diseño ultra fino - Modelo 2026,652.71,2,ACTIVE,2026-03-05 12:32:38,2026-03-07 04:10:18
4016,PROD-03996,"Philips Smart TV 65"" 4K UHD",Pantalla grande con Dolby Vision Atmos y control por voz - Modelo 2023,924.63,61,DISCONTINUED,2025-01-16 16:39:13,2025-02-13 11:15:12
4017,PROD-03997,"Samsung Smart TV 43"" 4K UHD",Televisor inteligente con HDR10+ y sistema operativo webOS - Modelo 2024,435.46,22,ACTIVE,2025-08-07 13:58:30,2025-08-28 05:12:58
4018,PROD-03998,"LG Smart TV 43"" 4K UHD",Televisor inteligente con HDR10+ y sistema operativo webOS - Modelo 2025,394.7,35,ACTIVE,2025-05-07 05:15:25,2025-06-01 07:29:29
4019,PROD-03999,"Xiaomi Smart TV 65"" 4K UHD",Pantalla grande con Dolby Vision Atmos y control por voz - Modelo 2026,864.06,5,ACTIVE,2026-07-10 08:01:25,2026-07-30 14:39:48
4020,PROD-04000,"Sony Smart TV 85"" 8K Master",Pantalla premium de máxima resolución con inteligencia artificial - Modelo 2023,2573.38,111,ACTIVE,2025-08-28 14:10:52,2025-10-04 06:45:54
4021,PROD-04001,"Philips Smart TV 40"" Full HD",Pantalla plana Full HD con puertos HDMI y USB multimedia - Modelo 2024,313.16,93,ACTIVE,2026-07-14 18:28:53,2026-08-03 10:06:23
4022,PROD-04002,"Sony Smart TV 32"" HD LED",Televisor LED HD con Roku integrado y sonido Dolby Audio - Modelo 2025,242.95,95,ACTIVE,2025-11-13 05:23:05,2025-12-16 01:42:19
4023,PROD-04003,"Panasonic Smart TV 65"" 4K UHD",Pantalla grande con Dolby Vision Atmos y control por voz - Modelo 2026,846.25,2,ACTIVE,2026-08-10 21:35:20,2026-08-23 22:34:52
4024,PROD-04004,"LG Smart TV 50"" 4K Crystal",Pantalla UHD con procesador Crystal 4K y PurColor - Modelo 2023,505.12,71,ACTIVE,2025-06-13 16:14:51,2025-07-07 15:18:37
4025,PROD-04005,"LG Smart TV 32"" HD LED",Televisor LED HD con Roku integrado y sonido Dolby Audio - Modelo 2024,213.61,141,ACTIVE,2026-05-06 08:40:22,2026-05-14 16:06:26
4026,PROD-04006,"Philips Smart TV 85"" 8K Master",Pantalla premium de máxima resolución con inteligencia artificial - Modelo 2025,2810.97,137,DISCONTINUED,2025-02-17 11:07:37,2025-03-04 00:05:16
4027,PROD-04007,"Philips Smart TV 65"" 4K UHD",Pantalla grande con Dolby Vision Atmos y control por voz - Modelo 2026,898.02,27,INACTIVE,2026-03-01 11:04:24,2026-03-03 12:48:00
4028,PROD-04008,"Panasonic Smart TV 40"" Full HD",Pantalla plana Full HD con puertos HDMI y USB multimedia - Modelo 2023,366.21,3,DISCONTINUED,2025-02-09 04:15:28,2025-03-06 12:58:53
4029,PROD-04009,"Philips Smart TV 40"" Full HD",Pantalla plana Full HD con puertos HDMI y USB multimedia - Modelo 2024,348.04,133,DISCONTINUED,2026-05-15 22:41:55,2026-06-17 08:59:14
4030,PROD-04010,"Samsung Smart TV 55"" 4K QLED",Televisor QLED con tecnología Quantum Dot y diseño ultra fino - Modelo 2025,670.91,21,INACTIVE,2025-04-01 01:37:15,2025-04-16 22:18:13
4031,PROD-04011,"Sony Smart TV 85"" 8K Master",Pantalla premium de máxima resolución con inteligencia artificial - Modelo 2026,2696.99,104,ACTIVE,2025-10-13 04:28:03,2025-10-16 08:44:18
4032,PROD-04012,"Xiaomi Smart TV 40"" Full HD",Pantalla plana Full HD con puertos HDMI y USB multimedia - Modelo 2023,278.59,19,ACTIVE,2026-03-23 02:05:16,2026-04-18 10:49:18
4033,PROD-04013,"Sony Smart TV 55"" 4K QLED",Televisor QLED con tecnología Quantum Dot y diseño ultra fino - Modelo 2024,648.92,75,ACTIVE,2025-02-02 20:00:05,2025-03-12 01:59:09
4034,PROD-04014,"Xiaomi Smart TV 85"" 8K Master",Pantalla premium de máxima resolución con inteligencia artificial - Modelo 2025,2866.43,102,DISCONTINUED,2025-02-14 11:39:12,2025-03-09 09:07:25
4035,PROD-04015,"Panasonic Smart TV 75"" 4K Frameless",Televisor sin bordes de gran formato con panel LED avanzado - Modelo 2026,1214.01,42,ACTIVE,2026-08-22 06:51:02,2026-10-07 02:49:34
4036,PROD-04016,"Xiaomi Smart TV 65"" 4K UHD",Pantalla grande con Dolby Vision Atmos y control por voz - Modelo 2023,788.75,27,ACTIVE,2025-03-18 22:00:12,2025-03-28 05:30:13
4037,PROD-04017,"TCL Smart TV 75"" 4K Frameless",Televisor sin bordes de gran formato con panel LED avanzado - Modelo 2024,1155.49,1,ACTIVE,2025-01-11 13:59:59,2025-02-14 18:16:34
4038,PROD-04018,"LG Smart TV 32"" HD LED",Televisor LED HD con Roku integrado y sonido Dolby Audio - Modelo 2025,286.87,54,ACTIVE,2026-02-11 09:34:58,2026-02-18 21:42:15
4039,PROD-04019,"Xiaomi Smart TV 32"" HD LED",Televisor LED HD con Roku integrado y sonido Dolby Audio - Modelo 2026,313.39,27,INACTIVE,2025-04-19 11:54:29,2025-04-25 09:51:24
4040,PROD-04020,"Panasonic Smart TV 65"" 4K UHD",Pantalla grande con Dolby Vision Atmos y control por voz - Modelo 2023,796.68,13,ACTIVE,2025-06-27 23:49:18,2025-08-17 13:07:24
4041,PROD-04021,"Hisense Smart TV 75"" 4K Frameless",Televisor sin bordes de gran formato con panel LED avanzado - Modelo 2024,1292.02,8,DISCONTINUED,2025-09-14 08:50:27,2025-10-11 06:49:13
4042,PROD-04022,"LG Smart TV 43"" 4K UHD",Televisor inteligente con HDR10+ y sistema operativo webOS - Modelo 2025,409.79,53,DISCONTINUED,2025-04-10 16:10:39,2025-04-13 04:29:17
4043,PROD-04023,"LG Smart TV 32"" HD LED",Televisor LED HD con Roku integrado y sonido Dolby Audio - Modelo 2026,279.26,139,ACTIVE,2025-10-14 02:59:35,2025-11-17 23:59:58
4044,PROD-04024,"LG Smart TV 85"" 8K Master",Pantalla premium de máxima resolución con inteligencia artificial - Modelo 2023,2778.03,66,INACTIVE,2026-07-30 15:39:31,2026-08-11 04:37:27
4045,PROD-04025,"Xiaomi Smart TV 85"" 8K Master",Pantalla premium de máxima resolución con inteligencia artificial - Modelo 2024,2660.45,123,ACTIVE,2025-10-10 08:58:05,2025-10-12 16:22:18
4046,PROD-04026,"Sony Smart TV 32"" HD LED",Televisor LED HD con Roku integrado y sonido Dolby Audio - Modelo 2025,235.55,34,ACTIVE,2025-04-11 04:14:15,2025-05-08 06:15:44
4047,PROD-04027,"Xiaomi Smart TV 32"" HD LED",Televisor LED HD con Roku integrado y sonido Dolby Audio - Modelo 2026,295.37,25,INACTIVE,2026-07-15 15:36:09,2026-08-09 01:38:53
4048,PROD-04028,"LG Smart TV 65"" 4K UHD",Pantalla grande con Dolby Vision Atmos y control por voz - Modelo 2023,786.43,136,ACTIVE,2025-07-24 00:43:32,2025-08-26 08:30:58
4049,PROD-04029,"Sony Smart TV 75"" 4K Frameless",Televisor sin bordes de gran formato con panel LED avanzado - Modelo 2024,1317.39,124,ACTIVE,2025-09-25 00:33:42,2025-10-10 18:15:41
4050,PROD-04030,"Xiaomi Smart TV 50"" 4K Crystal",Pantalla UHD con procesador Crystal 4K y PurColor - Modelo 2025,555.97,139,DISCONTINUED,2025-05-20 22:03:24,2025-06-03 02:02:43
4051,PROD-04031,"TCL Smart TV 65"" 4K UHD",Pantalla grande con Dolby Vision Atmos y control por voz - Modelo 2026,897.86,51,DISCONTINUED,2025-09-11 08:53:16,2025-09-27 15:49:15
4052,PROD-04032,"Samsung Smart TV 32"" HD LED",Televisor LED HD con Roku integrado y sonido Dolby Audio - Modelo 2023,275.9,74,INACTIVE,2026-04-27 15:04:44,2026-05-02 17:33:05
4053,PROD-04033,"Sony Smart TV 50"" 4K Crystal",Pantalla UHD con procesador Crystal 4K y PurColor - Modelo 2024,492.75,101,ACTIVE,2026-05-18 08:26:55,2026-06-30 03:58:13
4054,PROD-04034,"Xiaomi Smart TV 32"" HD LED",Televisor LED HD con Roku integrado y sonido Dolby Audio - Modelo 2025,288.36,57,DISCONTINUED,2025-09-15 22:22:08,2025-10-28 19:38:29
4055,PROD-04035,"Xiaomi Smart TV 65"" 4K UHD",Pantalla grande con Dolby Vision Atmos y control por voz - Modelo 2026,891.89,74,DISCONTINUED,2025-07-05 12:41:17,2025-08-19 08:52:42
4056,PROD-04036,"Sony Smart TV 50"" 4K Crystal",Pantalla UHD con procesador Crystal 4K y PurColor - Modelo 2023,518.12,27,ACTIVE,2025-08-04 07:10:55,2025-09-03 22:34:35
4057,PROD-04037,"Xiaomi Smart TV 85"" 8K Master",Pantalla premium de máxima resolución con inteligencia artificial - Modelo 2024,2589.88,28,INACTIVE,2026-01-12 06:27:26,2026-01-26 09:56:03
4058,PROD-04038,"TCL Smart TV 32"" HD LED",Televisor LED HD con Roku integrado y sonido Dolby Audio - Modelo 2025,213.9,18,ACTIVE,2026-07-04 04:21:27,2026-08-15 06:12:17
4059,PROD-04039,"TCL Smart TV 40"" Full HD",Pantalla plana Full HD con puertos HDMI y USB multimedia - Modelo 2026,284.28,13,DISCONTINUED,2025-07-06 00:32:18,2025-08-12 21:20:41
4060,PROD-04040,"Hisense Smart TV 32"" HD LED",Televisor LED HD con Roku integrado y sonido Dolby Audio - Modelo 2023,256.97,29,DISCONTINUED,2025-07-04 01:37:26,2025-08-05 13:49:02
4061,PROD-04041,"Samsung Smart TV 65"" 4K UHD",Pantalla grande con Dolby Vision Atmos y control por voz - Modelo 2024,888.38,56,ACTIVE,2025-09-15 11:28:36,2025-10-26 12:21:09
4062,PROD-04042,"Philips Smart TV 65"" 4K UHD",Pantalla grande con Dolby Vision Atmos y control por voz - Modelo 2025,843.81,65,ACTIVE,2025-04-30 02:30:35,2025-06-14 16:35:12
4063,PROD-04043,"Sony Smart TV 75"" 4K Frameless",Televisor sin bordes de gran formato con panel LED avanzado - Modelo 2026,1320.48,115,ACTIVE,2025-01-17 07:37:27,2025-01-17 21:58:23
4064,PROD-04044,"LG Smart TV 32"" HD LED",Televisor LED HD con Roku integrado y sonido Dolby Audio - Modelo 2023,201.66,132,DISCONTINUED,2025-07-15 03:05:11,2025-08-14 19:45:46
4065,PROD-04045,"LG Smart TV 65"" 4K UHD",Pantalla grande con Dolby Vision Atmos y control por voz - Modelo 2024,887.18,121,INACTIVE,2025-06-08 12:14:00,2025-06-14 19:11:34
4066,PROD-04046,"Samsung Smart TV 32"" HD LED",Televisor LED HD con Roku integrado y sonido Dolby Audio - Modelo 2025,307.85,17,INACTIVE,2025-07-09 09:51:30,2025-08-25 15:51:35
4067,PROD-04047,"TCL Smart TV 65"" 4K UHD",Pantalla grande con Dolby Vision Atmos y control por voz - Modelo 2026,939.23,118,ACTIVE,2025-03-03 03:07:19,2025-04-08 10:23:36
4068,PROD-04048,"Hisense Smart TV 43"" 4K UHD",Televisor inteligente con HDR10+ y sistema operativo webOS - Modelo 2023,451.2,101,DISCONTINUED,2026-06-07 11:48:35,2026-07-27 21:25:57
4069,PROD-04049,"Samsung Smart TV 32"" HD LED",Televisor LED HD con Roku integrado y sonido Dolby Audio - Modelo 2024,226.74,108,ACTIVE,2026-01-24 04:27:34,2026-02-04 15:05:19
4070,PROD-04050,"TCL Smart TV 32"" HD LED",Televisor LED HD con Roku integrado y sonido Dolby Audio - Modelo 2025,285.38,80,INACTIVE,2025-03-18 20:26:33,2025-03-26 02:37:07
4071,PROD-04051,"Hisense Smart TV 32"" HD LED",Televisor LED HD con Roku integrado y sonido Dolby Audio - Modelo 2026,263.94,74,ACTIVE,2025-08-21 15:09:30,2025-08-25 17:55:32
4072,PROD-04052,"Hisense Smart TV 32"" HD LED",Televisor LED HD con Roku integrado y sonido Dolby Audio - Modelo 2023,236.71,44,ACTIVE,2025-03-13 19:22:58,2025-03-31 02:11:04
4073,PROD-04053,"Samsung Smart TV 55"" 4K QLED",Televisor QLED con tecnología Quantum Dot y diseño ultra fino - Modelo 2024,608.22,113,INACTIVE,2025-11-23 15:03:20,2025-12-01 15:03:08
4074,PROD-04054,"Sony Smart TV 50"" 4K Crystal",Pantalla UHD con procesador Crystal 4K y PurColor - Modelo 2025,508.51,42,ACTIVE,2026-06-19 11:11:50,2026-07-10 03:57:58
4075,PROD-04055,"Samsung Smart TV 32"" HD LED",Televisor LED HD con Roku integrado y sonido Dolby Audio - Modelo 2026,206.0,66,DISCONTINUED,2025-04-08 19:37:50,2025-04-08 21:57:01
4076,PROD-04056,"Philips Smart TV 75"" 4K Frameless",Televisor sin bordes de gran formato con panel LED avanzado - Modelo 2023,1223.19,55,DISCONTINUED,2025-12-17 17:59:52,2026-01-23 12:11:09
4077,PROD-04057,"Sony Smart TV 43"" 4K UHD",Televisor inteligente con HDR10+ y sistema operativo webOS - Modelo 2024,375.07,50,ACTIVE,2025-10-27 17:32:06,2025-12-15 10:30:59
4078,PROD-04058,"TCL Smart TV 75"" 4K Frameless",Televisor sin bordes de gran formato con panel LED avanzado - Modelo 2025,1219.13,18,ACTIVE,2026-01-12 14:06:05,2026-01-12 23:19:52
4079,PROD-04059,"LG Smart TV 50"" 4K Crystal",Pantalla UHD con procesador Crystal 4K y PurColor - Modelo 2026,487.88,147,INACTIVE,2025-08-09 17:37:47,2025-08-17 19:12:59
4080,PROD-04060,"Samsung Smart TV 40"" Full HD",Pantalla plana Full HD con puertos HDMI y USB multimedia - Modelo 2023,369.74,30,ACTIVE,2025-05-13 11:51:20,2025-06-08 23:30:04
4081,PROD-04061,"Hisense Smart TV 43"" 4K UHD",Televisor inteligente con HDR10+ y sistema operativo webOS - Modelo 2024,382.31,29,ACTIVE,2026-06-22 20:47:16,2026-08-11 04:52:48
4082,PROD-04062,"Philips Smart TV 50"" 4K Crystal",Pantalla UHD con procesador Crystal 4K y PurColor - Modelo 2025,409.23,21,ACTIVE,2026-04-02 22:10:14,2026-05-19 10:04:44
4083,PROD-04063,"Sony Smart TV 32"" HD LED",Televisor LED HD con Roku integrado y sonido Dolby Audio - Modelo 2026,247.51,63,DISCONTINUED,2026-05-02 00:38:28,2026-05-02 02:05:42
4084,PROD-04064,"LG Smart TV 40"" Full HD",Pantalla plana Full HD con puertos HDMI y USB multimedia - Modelo 2023,326.62,111,ACTIVE,2026-01-18 13:45:03,2026-02-11 10:08:38
4085,PROD-04065,"Hisense Smart TV 85"" 8K Master",Pantalla premium de máxima resolución con inteligencia artificial - Modelo 2024,2746.51,105,ACTIVE,2026-03-29 23:11:27,2026-03-30 05:57:01
4086,PROD-04066,"Panasonic Smart TV 32"" HD LED",Televisor LED HD con Roku integrado y sonido Dolby Audio - Modelo 2025,242.39,72,INACTIVE,2026-01-14 17:52:39,2026-02-21 04:07:38
4087,PROD-04067,"Sony Smart TV 43"" 4K UHD",Televisor inteligente con HDR10+ y sistema operativo webOS - Modelo 2026,440.9,98,DISCONTINUED,2025-03-14 23:23:24,2025-04-18 18:23:14
4088,PROD-04068,"TCL Smart TV 55"" 4K QLED",Televisor QLED con tecnología Quantum Dot y diseño ultra fino - Modelo 2023,661.51,19,DISCONTINUED,2025-10-02 14:51:51,2025-11-01 19:16:15
4089,PROD-04069,"Philips Smart TV 40"" Full HD",Pantalla plana Full HD con puertos HDMI y USB multimedia - Modelo 2024,326.32,29,ACTIVE,2025-11-05 09:41:32,2025-11-29 23:05:18
4090,PROD-04070,"Xiaomi Smart TV 50"" 4K Crystal",Pantalla UHD con procesador Crystal 4K y PurColor - Modelo 2025,454.38,77,ACTIVE,2026-04-04 05:04:16,2026-05-06 22:48:44
4091,PROD-04071,"Hisense Smart TV 32"" HD LED",Televisor LED HD con Roku integrado y sonido Dolby Audio - Modelo 2026,258.36,93,ACTIVE,2025-07-26 22:07:48,2025-09-12 12:46:03
4092,PROD-04072,"LG Smart TV 65"" 4K UHD",Pantalla grande con Dolby Vision Atmos y control por voz - Modelo 2023,871.77,90,ACTIVE,2025-07-02 21:20:20,2025-07-21 07:16:07
4093,PROD-04073,"Xiaomi Smart TV 32"" HD LED",Televisor LED HD con Roku integrado y sonido Dolby Audio - Modelo 2024,228.63,127,ACTIVE,2026-03-26 11:16:30,2026-05-14 12:35:48
4094,PROD-04074,"Sony Smart TV 50"" 4K Crystal",Pantalla UHD con procesador Crystal 4K y PurColor - Modelo 2025,544.44,108,INACTIVE,2026-02-15 05:14:11,2026-04-01 05:02:53
4095,PROD-04075,"Sony Smart TV 55"" 4K QLED",Televisor QLED con tecnología Quantum Dot y diseño ultra fino - Modelo 2026,661.93,24,DISCONTINUED,2026-03-24 03:55:01,2026-05-08 22:15:36
4096,PROD-04076,"Panasonic Smart TV 65"" 4K UHD",Pantalla grande con Dolby Vision Atmos y control por voz - Modelo 2023,902.63,5,ACTIVE,2025-08-26 13:56:32,2025-10-05 11:46:58
4097,PROD-04077,"Samsung Smart TV 50"" 4K Crystal",Pantalla UHD con procesador Crystal 4K y PurColor - Modelo 2024,488.82,143,DISCONTINUED,2025-11-26 22:27:58,2025-11-30 04:35:30
4098,PROD-04078,"Samsung Smart TV 50"" 4K Crystal",Pantalla UHD con procesador Crystal 4K y PurColor - Modelo 2025,462.09,93,ACTIVE,2025-02-19 21:38:18,2025-04-11 06:55:54
4099,PROD-04079,"Philips Smart TV 65"" 4K UHD",Pantalla grande con Dolby Vision Atmos y control por voz - Modelo 2026,899.46,35,ACTIVE,2025-09-25 16:00:57,2025-10-13 07:11:59
4100,PROD-04080,"LG Smart TV 40"" Full HD",Pantalla plana Full HD con puertos HDMI y USB multimedia - Modelo 2023,340.81,126,INACTIVE,2025-05-05 17:45:02,2025-05-17 21:38:11
4101,PROD-04081,"TCL Smart TV 75"" 4K Frameless",Televisor sin bordes de gran formato con panel LED avanzado - Modelo 2024,1221.59,131,INACTIVE,2026-06-01 21:05:49,2026-07-08 10:25:40
4102,PROD-04082,"Philips Smart TV 50"" 4K Crystal",Pantalla UHD con procesador Crystal 4K y PurColor - Modelo 2025,475.34,96,ACTIVE,2025-12-19 23:09:09,2026-01-12 04:24:15
4103,PROD-04083,"Panasonic Smart TV 32"" HD LED",Televisor LED HD con Roku integrado y sonido Dolby Audio - Modelo 2026,230.22,77,ACTIVE,2025-10-26 04:02:30,2025-12-07 21:47:25
4104,PROD-04084,"Philips Smart TV 50"" 4K Crystal",Pantalla UHD con procesador Crystal 4K y PurColor - Modelo 2023,457.56,69,ACTIVE,2026-07-20 08:32:21,2026-07-24 13:40:04
4105,PROD-04085,"Panasonic Smart TV 55"" 4K QLED",Televisor QLED con tecnología Quantum Dot y diseño ultra fino - Modelo 2024,630.14,103,ACTIVE,2026-01-29 05:41:40,2026-02-13 20:16:48
4106,PROD-04086,"TCL Smart TV 65"" 4K UHD",Pantalla grande con Dolby Vision Atmos y control por voz - Modelo 2025,867.02,38,ACTIVE,2025-07-14 22:52:03,2025-07-23 05:42:12
4107,PROD-04087,"Samsung Smart TV 55"" 4K QLED",Televisor QLED con tecnología Quantum Dot y diseño ultra fino - Modelo 2026,650.32,58,DISCONTINUED,2025-12-15 06:59:56,2026-01-25 15:45:38
4108,PROD-04088,"Panasonic Smart TV 43"" 4K UHD",Televisor inteligente con HDR10+ y sistema operativo webOS - Modelo 2023,422.92,130,ACTIVE,2026-07-31 00:46:09,2026-08-31 14:01:13
4109,PROD-04089,"Panasonic Smart TV 85"" 8K Master",Pantalla premium de máxima resolución con inteligencia artificial - Modelo 2024,2605.95,61,INACTIVE,2025-08-16 08:38:19,2025-09-03 11:47:02
4110,PROD-04090,"Hisense Smart TV 50"" 4K Crystal",Pantalla UHD con procesador Crystal 4K y PurColor - Modelo 2025,415.96,82,DISCONTINUED,2025-02-26 10:55:09,2025-04-10 20:42:18
4111,PROD-04091,"Xiaomi Smart TV 75"" 4K Frameless",Televisor sin bordes de gran formato con panel LED avanzado - Modelo 2026,1260.38,53,INACTIVE,2025-07-16 12:13:29,2025-08-24 21:10:24
4112,PROD-04092,"Samsung Smart TV 65"" 4K UHD",Pantalla grande con Dolby Vision Atmos y control por voz - Modelo 2023,885.72,5,ACTIVE,2025-01-22 21:26:19,2025-02-07 00:06:57
4113,PROD-04093,"Samsung Smart TV 40"" Full HD",Pantalla plana Full HD con puertos HDMI y USB multimedia - Modelo 2024,323.77,36,ACTIVE,2026-02-06 11:53:26,2026-03-08 13:10:30
4114,PROD-04094,"Hisense Smart TV 32"" HD LED",Televisor LED HD con Roku integrado y sonido Dolby Audio - Modelo 2025,236.17,59,ACTIVE,2026-04-04 00:25:07,2026-05-18 05:35:13
4115,PROD-04095,"Philips Smart TV 65"" 4K UHD",Pantalla grande con Dolby Vision Atmos y control por voz - Modelo 2026,928.19,113,INACTIVE,2025-09-25 18:52:43,2025-09-30 04:03:06
4116,PROD-04096,"Panasonic Smart TV 75"" 4K Frameless",Televisor sin bordes de gran formato con panel LED avanzado - Modelo 2023,1359.85,147,INACTIVE,2025-10-01 23:17:32,2025-10-14 12:19:56
4117,PROD-04097,"Panasonic Smart TV 43"" 4K UHD",Televisor inteligente con HDR10+ y sistema operativo webOS - Modelo 2024,414.49,26,DISCONTINUED,2025-11-07 03:29:50,2025-11-18 04:49:41
4118,PROD-04098,"TCL Smart TV 85"" 8K Master",Pantalla premium de máxima resolución con inteligencia artificial - Modelo 2025,2509.77,73,ACTIVE,2025-09-10 17:34:44,2025-10-02 12:34:03
4119,PROD-04099,"Sony Smart TV 32"" HD LED",Televisor LED HD con Roku integrado y sonido Dolby Audio - Modelo 2026,270.66,145,ACTIVE,2026-07-04 20:17:08,2026-07-22 17:52:01
4120,PROD-04100,"TCL Smart TV 50"" 4K Crystal",Pantalla UHD con procesador Crystal 4K y PurColor - Modelo 2023,483.02,44,ACTIVE,2025-08-08 16:02:51,2025-09-17 04:20:38
4121,PROD-04101,"Xiaomi Smart TV 40"" Full HD",Pantalla plana Full HD con puertos HDMI y USB multimedia - Modelo 2024,349.11,140,INACTIVE,2026-03-08 10:20:00,2026-04-14 08:45:27
4122,PROD-04102,"Xiaomi Smart TV 32"" HD LED",Televisor LED HD con Roku integrado y sonido Dolby Audio - Modelo 2025,227.33,87,ACTIVE,2026-04-30 02:50:34,2026-05-27 18:59:50
4123,PROD-04103,"Philips Smart TV 65"" 4K UHD",Pantalla grande con Dolby Vision Atmos y control por voz - Modelo 2026,809.55,41,INACTIVE,2026-07-16 14:44:22,2026-08-01 02:10:34
4124,PROD-04104,"LG Smart TV 75"" 4K Frameless",Televisor sin bordes de gran formato con panel LED avanzado - Modelo 2023,1273.73,104,ACTIVE,2025-01-02 00:33:22,2025-01-11 03:31:23
4125,PROD-04105,"Xiaomi Smart TV 32"" HD LED",Televisor LED HD con Roku integrado y sonido Dolby Audio - Modelo 2024,298.09,51,INACTIVE,2026-04-25 13:10:46,2026-04-27 05:09:08
4126,PROD-04106,"Xiaomi Smart TV 65"" 4K UHD",Pantalla grande con Dolby Vision Atmos y control por voz - Modelo 2025,853.3,35,ACTIVE,2025-10-18 06:00:52,2025-10-28 16:11:14
4127,PROD-04107,"Samsung Smart TV 40"" Full HD",Pantalla plana Full HD con puertos HDMI y USB multimedia - Modelo 2026,372.46,149,INACTIVE,2026-04-21 00:02:07,2026-05-12 10:31:53
4128,PROD-04108,"TCL Smart TV 85"" 8K Master",Pantalla premium de máxima resolución con inteligencia artificial - Modelo 2023,2695.83,48,DISCONTINUED,2025-10-22 13:57:12,2025-11-10 23:11:11
4129,PROD-04109,"Sony Smart TV 55"" 4K QLED",Televisor QLED con tecnología Quantum Dot y diseño ultra fino - Modelo 2024,636.76,83,ACTIVE,2026-01-23 02:42:43,2026-02-19 22:38:09
4130,PROD-04110,"Hisense Smart TV 40"" Full HD",Pantalla plana Full HD con puertos HDMI y USB multimedia - Modelo 2025,322.79,33,ACTIVE,2025-12-25 08:36:56,2025-12-26 13:34:20
4131,PROD-04111,"Samsung Smart TV 65"" 4K UHD",Pantalla grande con Dolby Vision Atmos y control por voz - Modelo 2026,883.95,110,ACTIVE,2025-02-26 20:34:32,2025-04-18 12:43:22
4132,PROD-04112,"Panasonic Smart TV 85"" 8K Master",Pantalla premium de máxima resolución con inteligencia artificial - Modelo 2023,2696.21,23,DISCONTINUED,2026-06-02 19:38:20,2026-07-23 05:54:08
4133,PROD-04113,"Xiaomi Smart TV 75"" 4K Frameless",Televisor sin bordes de gran formato con panel LED avanzado - Modelo 2024,1328.69,70,INACTIVE,2025-12-06 14:27:54,2025-12-12 16:23:12
4134,PROD-04114,"Sony Smart TV 40"" Full HD",Pantalla plana Full HD con puertos HDMI y USB multimedia - Modelo 2025,298.11,25,ACTIVE,2025-04-26 15:37:13,2025-06-02 22:36:39
4135,PROD-04115,"TCL Smart TV 65"" 4K UHD",Pantalla grande con Dolby Vision Atmos y control por voz - Modelo 2026,882.72,52,ACTIVE,2025-04-21 21:28:11,2025-05-02 16:30:26
4136,PROD-04116,"Hisense Smart TV 55"" 4K QLED",Televisor QLED con tecnología Quantum Dot y diseño ultra fino - Modelo 2023,591.25,76,ACTIVE,2025-11-18 12:57:21,2025-11-20 21:07:11
4137,PROD-04117,"LG Smart TV 65"" 4K UHD",Pantalla grande con Dolby Vision Atmos y control por voz - Modelo 2024,877.9,69,ACTIVE,2025-04-23 05:07:56,2025-05-31 03:06:59
4138,PROD-04118,"Sony Smart TV 32"" HD LED",Televisor LED HD con Roku integrado y sonido Dolby Audio - Modelo 2025,219.25,65,ACTIVE,2025-09-11 12:22:14,2025-09-12 19:21:38
4139,PROD-04119,"Philips Smart TV 32"" HD LED",Televisor LED HD con Roku integrado y sonido Dolby Audio - Modelo 2026,218.72,28,ACTIVE,2025-08-26 03:21:49,2025-10-11 13:55:28
4140,PROD-04120,"LG Smart TV 43"" 4K UHD",Televisor inteligente con HDR10+ y sistema operativo webOS - Modelo 2023,369.95,45,DISCONTINUED,2025-04-15 03:31:15,2025-04-25 00:35:49
4141,PROD-04121,"Sony Smart TV 85"" 8K Master",Pantalla premium de máxima resolución con inteligencia artificial - Modelo 2024,2710.78,36,ACTIVE,2026-06-26 21:48:17,2026-07-16 17:13:09
4142,PROD-04122,"LG Smart TV 55"" 4K QLED",Televisor QLED con tecnología Quantum Dot y diseño ultra fino - Modelo 2025,705.93,11,ACTIVE,2025-03-01 08:58:51,2025-04-03 16:37:15
4143,PROD-04123,"LG Smart TV 55"" 4K QLED",Televisor QLED con tecnología Quantum Dot y diseño ultra fino - Modelo 2026,696.67,12,INACTIVE,2026-08-05 02:55:52,2026-09-18 14:50:11
4144,PROD-04124,"Xiaomi Smart TV 55"" 4K QLED",Televisor QLED con tecnología Quantum Dot y diseño ultra fino - Modelo 2023,596.47,133,ACTIVE,2025-05-29 19:46:38,2025-06-06 07:49:05
4145,PROD-04125,"Philips Smart TV 85"" 8K Master",Pantalla premium de máxima resolución con inteligencia artificial - Modelo 2024,2867.11,106,ACTIVE,2026-05-07 05:59:28,2026-05-18 15:03:18
4146,PROD-04126,"Xiaomi Smart TV 32"" HD LED",Televisor LED HD con Roku integrado y sonido Dolby Audio - Modelo 2025,247.03,40,INACTIVE,2025-03-10 15:23:38,2025-04-06 12:29:03
4147,PROD-04127,"Sony Smart TV 43"" 4K UHD",Televisor inteligente con HDR10+ y sistema operativo webOS - Modelo 2026,440.93,101,DISCONTINUED,2025-02-04 15:26:40,2025-02-25 08:44:09
4148,PROD-04128,"Samsung Smart TV 43"" 4K UHD",Televisor inteligente con HDR10+ y sistema operativo webOS - Modelo 2023,376.27,130,ACTIVE,2025-07-16 00:39:20,2025-08-25 04:01:31
4149,PROD-04129,"TCL Smart TV 85"" 8K Master",Pantalla premium de máxima resolución con inteligencia artificial - Modelo 2024,2575.32,35,ACTIVE,2025-02-25 12:46:45,2025-03-11 20:34:30
4150,PROD-04130,"Hisense Smart TV 55"" 4K QLED",Televisor QLED con tecnología Quantum Dot y diseño ultra fino - Modelo 2025,632.41,69,DISCONTINUED,2025-08-30 19:02:20,2025-09-23 01:57:41
4151,PROD-04131,"Panasonic Smart TV 85"" 8K Master",Pantalla premium de máxima resolución con inteligencia artificial - Modelo 2026,2766.89,27,ACTIVE,2025-02-16 01:19:04,2025-03-13 20:20:28
4152,PROD-04132,"TCL Smart TV 75"" 4K Frameless",Televisor sin bordes de gran formato con panel LED avanzado - Modelo 2023,1201.49,8,ACTIVE,2026-03-16 01:00:00,2026-04-01 06:55:22
4153,PROD-04133,"Xiaomi Smart TV 43"" 4K UHD",Televisor inteligente con HDR10+ y sistema operativo webOS - Modelo 2024,380.09,146,INACTIVE,2026-03-22 11:47:45,2026-05-02 20:46:23
4154,PROD-04134,"Philips Smart TV 32"" HD LED",Televisor LED HD con Roku integrado y sonido Dolby Audio - Modelo 2025,231.06,20,ACTIVE,2026-02-01 13:04:18,2026-02-22 12:39:56
4155,PROD-04135,"Panasonic Smart TV 55"" 4K QLED",Televisor QLED con tecnología Quantum Dot y diseño ultra fino - Modelo 2026,620.59,81,DISCONTINUED,2025-08-24 10:58:19,2025-09-13 12:37:17
4156,PROD-04136,"Panasonic Smart TV 40"" Full HD",Pantalla plana Full HD con puertos HDMI y USB multimedia - Modelo 2023,316.45,21,DISCONTINUED,2025-11-14 17:22:17,2025-11-17 08:35:44
4157,PROD-04137,"Samsung Smart TV 43"" 4K UHD",Televisor inteligente con HDR10+ y sistema operativo webOS - Modelo 2024,399.71,108,INACTIVE,2026-01-29 21:16:35,2026-02-06 08:18:21
4158,PROD-04138,"Sony Smart TV 75"" 4K Frameless",Televisor sin bordes de gran formato con panel LED avanzado - Modelo 2025,1199.78,30,ACTIVE,2025-04-10 10:26:51,2025-04-13 00:35:40
4159,PROD-04139,"TCL Smart TV 43"" 4K UHD",Televisor inteligente con HDR10+ y sistema operativo webOS - Modelo 2026,475.5,53,ACTIVE,2025-04-18 15:34:39,2025-04-27 23:51:08
4160,PROD-04140,"Sony Smart TV 55"" 4K QLED",Televisor QLED con tecnología Quantum Dot y diseño ultra fino - Modelo 2023,681.78,37,ACTIVE,2025-11-16 09:51:40,2025-12-07 12:58:47
4161,PROD-04141,"Philips Smart TV 55"" 4K QLED",Televisor QLED con tecnología Quantum Dot y diseño ultra fino - Modelo 2024,682.3,119,ACTIVE,2025-05-28 19:54:07,2025-07-03 16:52:01
4162,PROD-04142,"Panasonic Smart TV 65"" 4K UHD",Pantalla grande con Dolby Vision Atmos y control por voz - Modelo 2025,799.71,125,ACTIVE,2026-06-06 07:52:50,2026-06-07 20:09:52
4163,PROD-04143,"Sony Smart TV 85"" 8K Master",Pantalla premium de máxima resolución con inteligencia artificial - Modelo 2026,2803.39,115,DISCONTINUED,2025-08-05 03:23:09,2025-09-23 02:28:09
4164,PROD-04144,"TCL Smart TV 40"" Full HD",Pantalla plana Full HD con puertos HDMI y USB multimedia - Modelo 2023,334.42,121,DISCONTINUED,2025-04-18 06:38:43,2025-05-15 03:21:26
4165,PROD-04145,"Philips Smart TV 75"" 4K Frameless",Televisor sin bordes de gran formato con panel LED avanzado - Modelo 2024,1284.0,24,ACTIVE,2025-12-09 09:39:37,2025-12-30 11:08:22
4166,PROD-04146,"Xiaomi Smart TV 55"" 4K QLED",Televisor QLED con tecnología Quantum Dot y diseño ultra fino - Modelo 2025,603.86,22,INACTIVE,2025-02-09 12:39:36,2025-02-12 12:12:21
4167,PROD-04147,"TCL Smart TV 43"" 4K UHD",Televisor inteligente con HDR10+ y sistema operativo webOS - Modelo 2026,430.66,54,ACTIVE,2026-07-24 11:12:11,2026-07-27 06:08:56
4168,PROD-04148,"Xiaomi Smart TV 50"" 4K Crystal",Pantalla UHD con procesador Crystal 4K y PurColor - Modelo 2023,474.38,55,ACTIVE,2025-08-25 02:32:46,2025-09-15 13:36:50
4169,PROD-04149,"Xiaomi Smart TV 55"" 4K QLED",Televisor QLED con tecnología Quantum Dot y diseño ultra fino - Modelo 2024,697.41,119,INACTIVE,2025-09-11 06:59:15,2025-10-14 02:44:05
4170,PROD-04150,"Hisense Smart TV 43"" 4K UHD",Televisor inteligente con HDR10+ y sistema operativo webOS - Modelo 2025,435.87,25,INACTIVE,2025-03-09 07:52:33,2025-03-10 04:38:45
4171,PROD-04151,"TCL Smart TV 43"" 4K UHD",Televisor inteligente con HDR10+ y sistema operativo webOS - Modelo 2026,410.99,17,ACTIVE,2025-04-22 12:45:20,2025-06-02 04:21:35
4172,PROD-04152,"LG Smart TV 55"" 4K QLED",Televisor QLED con tecnología Quantum Dot y diseño ultra fino - Modelo 2023,599.78,88,ACTIVE,2025-01-17 17:16:57,2025-02-22 13:34:59
4173,PROD-04153,"Samsung Smart TV 40"" Full HD",Pantalla plana Full HD con puertos HDMI y USB multimedia - Modelo 2024,325.76,86,INACTIVE,2026-07-23 20:36:29,2026-08-21 10:28:17
4174,PROD-04154,"LG Smart TV 65"" 4K UHD",Pantalla grande con Dolby Vision Atmos y control por voz - Modelo 2025,876.27,87,ACTIVE,2026-03-21 12:58:33,2026-04-05 03:01:47
4175,PROD-04155,"Panasonic Smart TV 65"" 4K UHD",Pantalla grande con Dolby Vision Atmos y control por voz - Modelo 2026,882.06,127,INACTIVE,2025-07-04 07:44:46,2025-08-13 01:29:09
4176,PROD-04156,"Philips Smart TV 32"" HD LED",Televisor LED HD con Roku integrado y sonido Dolby Audio - Modelo 2023,231.59,121,ACTIVE,2025-10-16 10:32:38,2025-11-10 04:02:33
4177,PROD-04157,"Panasonic Smart TV 50"" 4K Crystal",Pantalla UHD con procesador Crystal 4K y PurColor - Modelo 2024,513.81,27,ACTIVE,2025-12-20 20:12:05,2026-01-15 20:18:18
4178,PROD-04158,"Sony Smart TV 75"" 4K Frameless",Televisor sin bordes de gran formato con panel LED avanzado - Modelo 2025,1286.99,40,DISCONTINUED,2026-06-03 06:53:57,2026-06-16 05:13:42
4179,PROD-04159,"TCL Smart TV 65"" 4K UHD",Pantalla grande con Dolby Vision Atmos y control por voz - Modelo 2026,800.41,131,DISCONTINUED,2025-04-26 01:45:47,2025-06-07 15:59:00
4180,PROD-04160,"LG Smart TV 55"" 4K QLED",Televisor QLED con tecnología Quantum Dot y diseño ultra fino - Modelo 2023,708.87,123,INACTIVE,2025-04-11 09:27:51,2025-05-27 23:10:19
4181,PROD-04161,"Hisense Smart TV 75"" 4K Frameless",Televisor sin bordes de gran formato con panel LED avanzado - Modelo 2024,1323.4,145,ACTIVE,2025-03-21 09:55:52,2025-04-05 12:16:50
4182,PROD-04162,"Sony Smart TV 65"" 4K UHD",Pantalla grande con Dolby Vision Atmos y control por voz - Modelo 2025,821.8,98,INACTIVE,2025-06-09 22:24:13,2025-07-05 21:03:10
4183,PROD-04163,"Samsung Smart TV 50"" 4K Crystal",Pantalla UHD con procesador Crystal 4K y PurColor - Modelo 2026,452.9,62,INACTIVE,2025-11-05 07:34:21,2025-12-08 08:26:09
4184,PROD-04164,"TCL Smart TV 65"" 4K UHD",Pantalla grande con Dolby Vision Atmos y control por voz - Modelo 2023,881.4,13,ACTIVE,2026-05-10 13:30:20,2026-05-11 22:22:34
4185,PROD-04165,"Philips Smart TV 55"" 4K QLED",Televisor QLED con tecnología Quantum Dot y diseño ultra fino - Modelo 2024,624.97,58,ACTIVE,2026-03-28 23:40:04,2026-04-05 09:41:30
4186,PROD-04166,"Sony Smart TV 40"" Full HD",Pantalla plana Full HD con puertos HDMI y USB multimedia - Modelo 2025,352.16,131,ACTIVE,2025-02-03 04:38:44,2025-03-10 11:51:50
4187,PROD-04167,"Sony Smart TV 85"" 8K Master",Pantalla premium de máxima resolución con inteligencia artificial - Modelo 2026,2883.73,72,DISCONTINUED,2025-10-01 09:52:04,2025-10-07 16:41:04
4188,PROD-04168,"LG Smart TV 75"" 4K Frameless",Televisor sin bordes de gran formato con panel LED avanzado - Modelo 2023,1283.26,2,ACTIVE,2026-04-07 21:36:42,2026-05-08 11:58:41
4189,PROD-04169,"Xiaomi Smart TV 40"" Full HD",Pantalla plana Full HD con puertos HDMI y USB multimedia - Modelo 2024,296.78,33,DISCONTINUED,2025-10-07 04:22:10,2025-10-13 06:39:04
4190,PROD-04170,"LG Smart TV 85"" 8K Master",Pantalla premium de máxima resolución con inteligencia artificial - Modelo 2025,2616.88,31,ACTIVE,2025-06-24 03:39:12,2025-07-07 20:31:22
4191,PROD-04171,"LG Smart TV 32"" HD LED",Televisor LED HD con Roku integrado y sonido Dolby Audio - Modelo 2026,270.41,144,ACTIVE,2025-11-20 01:15:58,2025-11-30 11:39:34
4192,PROD-04172,"Panasonic Smart TV 85"" 8K Master",Pantalla premium de máxima resolución con inteligencia artificial - Modelo 2023,2623.93,10,ACTIVE,2026-04-15 01:34:23,2026-05-26 13:27:56
4193,PROD-04173,"Samsung Smart TV 43"" 4K UHD",Televisor inteligente con HDR10+ y sistema operativo webOS - Modelo 2024,439.27,20,DISCONTINUED,2025-04-25 16:04:27,2025-05-17 13:43:59
4194,PROD-04174,"Sony Smart TV 40"" Full HD",Pantalla plana Full HD con puertos HDMI y USB multimedia - Modelo 2025,289.4,106,ACTIVE,2026-08-09 01:23:24,2026-08-28 01:38:47
4195,PROD-04175,"Samsung Smart TV 75"" 4K Frameless",Televisor sin bordes de gran formato con panel LED avanzado - Modelo 2026,1300.04,8,ACTIVE,2025-05-29 05:07:23,2025-06-22 23:10:24
4196,PROD-04176,"LG Smart TV 65"" 4K UHD",Pantalla grande con Dolby Vision Atmos y control por voz - Modelo 2023,889.79,136,ACTIVE,2026-05-28 21:35:01,2026-06-18 08:05:37
4197,PROD-04177,"Panasonic Smart TV 40"" Full HD",Pantalla plana Full HD con puertos HDMI y USB multimedia - Modelo 2024,370.53,33,INACTIVE,2026-07-26 23:56:43,2026-08-30 22:30:28
4198,PROD-04178,"Sony Smart TV 55"" 4K QLED",Televisor QLED con tecnología Quantum Dot y diseño ultra fino - Modelo 2025,587.73,64,ACTIVE,2025-06-01 14:22:33,2025-06-18 21:30:08
4199,PROD-04179,"Philips Smart TV 32"" HD LED",Televisor LED HD con Roku integrado y sonido Dolby Audio - Modelo 2026,261.9,90,INACTIVE,2025-12-19 19:38:19,2026-02-02 12:10:55
4200,PROD-04180,"Hisense Smart TV 32"" HD LED",Televisor LED HD con Roku integrado y sonido Dolby Audio - Modelo 2023,277.43,34,ACTIVE,2026-07-27 16:08:55,2026-08-21 23:44:53
4201,PROD-04181,"Panasonic Smart TV 75"" 4K Frameless",Televisor sin bordes de gran formato con panel LED avanzado - Modelo 2024,1334.45,47,INACTIVE,2025-12-04 08:02:28,2026-01-23 02:34:26
4202,PROD-04182,"Samsung Smart TV 32"" HD LED",Televisor LED HD con Roku integrado y sonido Dolby Audio - Modelo 2025,269.93,115,DISCONTINUED,2025-10-07 10:33:34,2025-11-06 13:33:10
4203,PROD-04183,"TCL Smart TV 85"" 8K Master",Pantalla premium de máxima resolución con inteligencia artificial - Modelo 2026,2781.34,145,ACTIVE,2025-02-06 02:08:35,2025-02-16 15:42:54
4204,PROD-04184,"Sony Smart TV 75"" 4K Frameless",Televisor sin bordes de gran formato con panel LED avanzado - Modelo 2023,1330.59,47,INACTIVE,2026-04-23 11:08:07,2026-05-07 13:54:21
4205,PROD-04185,"Sony Smart TV 75"" 4K Frameless",Televisor sin bordes de gran formato con panel LED avanzado - Modelo 2024,1254.4,54,ACTIVE,2026-04-04 10:01:13,2026-05-20 09:05:40
4206,PROD-04186,"Panasonic Smart TV 40"" Full HD",Pantalla plana Full HD con puertos HDMI y USB multimedia - Modelo 2025,288.97,21,ACTIVE,2025-02-25 09:32:35,2025-02-28 02:37:16
4207,PROD-04187,"TCL Smart TV 75"" 4K Frameless",Televisor sin bordes de gran formato con panel LED avanzado - Modelo 2026,1140.76,147,DISCONTINUED,2026-03-16 16:09:21,2026-04-09 21:30:20
4208,PROD-04188,"Hisense Smart TV 50"" 4K Crystal",Pantalla UHD con procesador Crystal 4K y PurColor - Modelo 2023,475.32,23,DISCONTINUED,2025-06-09 22:57:30,2025-06-14 18:14:40
4209,PROD-04189,"TCL Smart TV 85"" 8K Master",Pantalla premium de máxima resolución con inteligencia artificial - Modelo 2024,2583.59,91,ACTIVE,2025-07-26 19:22:05,2025-08-18 02:53:59
4210,PROD-04190,"TCL Smart TV 32"" HD LED",Televisor LED HD con Roku integrado y sonido Dolby Audio - Modelo 2025,284.0,15,INACTIVE,2025-04-04 22:26:24,2025-05-05 20:29:54
4211,PROD-04191,"TCL Smart TV 40"" Full HD",Pantalla plana Full HD con puertos HDMI y USB multimedia - Modelo 2026,269.43,7,ACTIVE,2025-11-06 14:29:45,2025-12-13 02:28:01
4212,PROD-04192,"Samsung Smart TV 65"" 4K UHD",Pantalla grande con Dolby Vision Atmos y control por voz - Modelo 2023,899.47,73,DISCONTINUED,2026-01-24 01:19:27,2026-03-15 14:45:16
4213,PROD-04193,"Philips Smart TV 40"" Full HD",Pantalla plana Full HD con puertos HDMI y USB multimedia - Modelo 2024,347.7,117,ACTIVE,2026-01-29 19:49:16,2026-02-01 16:29:22
4214,PROD-04194,"LG Smart TV 65"" 4K UHD",Pantalla grande con Dolby Vision Atmos y control por voz - Modelo 2025,859.9,126,ACTIVE,2026-02-02 16:47:19,2026-02-15 23:40:34
4215,PROD-04195,"Hisense Smart TV 85"" 8K Master",Pantalla premium de máxima resolución con inteligencia artificial - Modelo 2026,2637.68,137,ACTIVE,2026-04-24 17:52:35,2026-06-04 21:04:16
4216,PROD-04196,"Philips Smart TV 75"" 4K Frameless",Televisor sin bordes de gran formato con panel LED avanzado - Modelo 2023,1133.46,47,ACTIVE,2026-01-25 17:28:53,2026-03-16 14:17:42
4217,PROD-04197,"Panasonic Smart TV 40"" Full HD",Pantalla plana Full HD con puertos HDMI y USB multimedia - Modelo 2024,300.86,65,INACTIVE,2025-09-06 16:13:07,2025-09-14 17:12:23
4218,PROD-04198,"Panasonic Smart TV 50"" 4K Crystal",Pantalla UHD con procesador Crystal 4K y PurColor - Modelo 2025,475.94,34,ACTIVE,2025-05-25 03:31:06,2025-06-26 23:59:31
4219,PROD-04199,"TCL Smart TV 75"" 4K Frameless",Televisor sin bordes de gran formato con panel LED avanzado - Modelo 2026,1205.94,122,ACTIVE,2025-03-16 09:42:56,2025-03-16 10:03:13
4220,PROD-04200,"Xiaomi Smart TV 55"" 4K QLED",Televisor QLED con tecnología Quantum Dot y diseño ultra fino - Modelo 2023,636.57,54,DISCONTINUED,2026-03-11 08:09:45,2026-04-06 18:56:01
4221,PROD-04201,"Xiaomi Smart TV 85"" 8K Master",Pantalla premium de máxima resolución con inteligencia artificial - Modelo 2024,2605.44,5,ACTIVE,2025-06-06 02:58:33,2025-07-12 00:56:09
4222,PROD-04202,"Hisense Smart TV 32"" HD LED",Televisor LED HD con Roku integrado y sonido Dolby Audio - Modelo 2025,236.57,122,DISCONTINUED,2026-05-30 02:04:52,2026-07-15 20:02:45
4223,PROD-04203,"LG Smart TV 40"" Full HD",Pantalla plana Full HD con puertos HDMI y USB multimedia - Modelo 2026,369.98,79,DISCONTINUED,2026-07-17 00:50:37,2026-07-24 00:22:51
4224,PROD-04204,"Hisense Smart TV 65"" 4K UHD",Pantalla grande con Dolby Vision Atmos y control por voz - Modelo 2023,907.79,60,ACTIVE,2026-02-17 13:38:30,2026-02-21 19:30:28
4225,PROD-04205,"Xiaomi Smart TV 50"" 4K Crystal",Pantalla UHD con procesador Crystal 4K y PurColor - Modelo 2024,486.36,112,DISCONTINUED,2025-01-21 16:18:58,2025-02-04 02:35:07
4226,PROD-04206,"Hisense Smart TV 75"" 4K Frameless",Televisor sin bordes de gran formato con panel LED avanzado - Modelo 2025,1349.7,62,ACTIVE,2025-04-09 09:49:30,2025-05-19 03:08:39
4227,PROD-04207,"Panasonic Smart TV 65"" 4K UHD",Pantalla grande con Dolby Vision Atmos y control por voz - Modelo 2026,946.58,5,ACTIVE,2026-05-17 02:22:31,2026-06-21 06:53:06
4228,PROD-04208,"Samsung Smart TV 43"" 4K UHD",Televisor inteligente con HDR10+ y sistema operativo webOS - Modelo 2023,362.37,7,DISCONTINUED,2026-06-11 04:12:49,2026-07-15 22:26:08
4229,PROD-04209,"Sony Smart TV 50"" 4K Crystal",Pantalla UHD con procesador Crystal 4K y PurColor - Modelo 2024,545.63,31,ACTIVE,2025-04-20 04:50:22,2025-04-26 23:55:40
4230,PROD-04210,"Samsung Smart TV 55"" 4K QLED",Televisor QLED con tecnología Quantum Dot y diseño ultra fino - Modelo 2025,663.65,90,ACTIVE,2025-09-01 07:42:43,2025-10-20 17:18:10
4231,PROD-04211,"LG Smart TV 75"" 4K Frameless",Televisor sin bordes de gran formato con panel LED avanzado - Modelo 2026,1245.4,62,ACTIVE,2025-09-14 06:38:09,2025-11-01 11:36:16
4232,PROD-04212,"TCL Smart TV 32"" HD LED",Televisor LED HD con Roku integrado y sonido Dolby Audio - Modelo 2023,220.46,19,ACTIVE,2025-08-07 12:02:45,2025-08-16 16:08:44
4233,PROD-04213,"Panasonic Smart TV 43"" 4K UHD",Televisor inteligente con HDR10+ y sistema operativo webOS - Modelo 2024,408.86,41,ACTIVE,2025-07-22 09:03:18,2025-07-26 22:05:44
4234,PROD-04214,"Philips Smart TV 65"" 4K UHD",Pantalla grande con Dolby Vision Atmos y control por voz - Modelo 2025,839.66,44,INACTIVE,2025-09-30 09:08:12,2025-10-13 20:59:15
4235,PROD-04215,"Xiaomi Smart TV 43"" 4K UHD",Televisor inteligente con HDR10+ y sistema operativo webOS - Modelo 2026,463.05,19,DISCONTINUED,2026-01-06 02:12:02,2026-02-05 06:37:53
4236,PROD-04216,"Philips Smart TV 85"" 8K Master",Pantalla premium de máxima resolución con inteligencia artificial - Modelo 2023,2701.28,31,ACTIVE,2026-01-12 10:14:42,2026-01-15 20:32:05
4237,PROD-04217,"Hisense Smart TV 55"" 4K QLED",Televisor QLED con tecnología Quantum Dot y diseño ultra fino - Modelo 2024,598.33,136,ACTIVE,2025-05-20 00:41:11,2025-06-14 03:50:52
4238,PROD-04218,"Panasonic Smart TV 43"" 4K UHD",Televisor inteligente con HDR10+ y sistema operativo webOS - Modelo 2025,404.28,2,ACTIVE,2026-01-16 21:24:29,2026-03-05 18:25:15
4239,PROD-04219,"Samsung Smart TV 43"" 4K UHD",Televisor inteligente con HDR10+ y sistema operativo webOS - Modelo 2026,451.84,3,DISCONTINUED,2025-05-03 17:12:35,2025-06-20 00:48:45
4240,PROD-04220,"Philips Smart TV 65"" 4K UHD",Pantalla grande con Dolby Vision Atmos y control por voz - Modelo 2023,846.71,104,DISCONTINUED,2025-03-05 00:25:49,2025-03-07 17:06:54
4241,PROD-04221,"Xiaomi Smart TV 32"" HD LED",Televisor LED HD con Roku integrado y sonido Dolby Audio - Modelo 2024,230.95,46,ACTIVE,2025-06-06 21:41:01,2025-07-18 17:04:12
4242,PROD-04222,"TCL Smart TV 32"" HD LED",Televisor LED HD con Roku integrado y sonido Dolby Audio - Modelo 2025,252.65,141,ACTIVE,2026-05-24 01:23:35,2026-06-20 23:55:36
4243,PROD-04223,"Philips Smart TV 75"" 4K Frameless",Televisor sin bordes de gran formato con panel LED avanzado - Modelo 2026,1185.05,8,ACTIVE,2026-01-09 06:34:43,2026-01-12 01:25:27
4244,PROD-04224,"Hisense Smart TV 32"" HD LED",Televisor LED HD con Roku integrado y sonido Dolby Audio - Modelo 2023,267.17,60,DISCONTINUED,2025-04-25 19:00:29,2025-05-11 17:51:22
4245,PROD-04225,"Philips Smart TV 50"" 4K Crystal",Pantalla UHD con procesador Crystal 4K y PurColor - Modelo 2024,556.76,78,ACTIVE,2026-03-30 20:22:40,2026-04-10 15:15:50
4246,PROD-04226,"Samsung Smart TV 55"" 4K QLED",Televisor QLED con tecnología Quantum Dot y diseño ultra fino - Modelo 2025,679.56,107,DISCONTINUED,2025-12-21 03:45:36,2026-01-04 10:45:23
4247,PROD-04227,"TCL Smart TV 40"" Full HD",Pantalla plana Full HD con puertos HDMI y USB multimedia - Modelo 2026,324.91,105,ACTIVE,2025-06-30 02:39:03,2025-07-30 22:14:13
4248,PROD-04228,"Panasonic Smart TV 85"" 8K Master",Pantalla premium de máxima resolución con inteligencia artificial - Modelo 2023,2765.09,95,ACTIVE,2026-05-01 15:56:49,2026-06-06 00:52:20
4249,PROD-04229,"Samsung Smart TV 50"" 4K Crystal",Pantalla UHD con procesador Crystal 4K y PurColor - Modelo 2024,479.38,40,DISCONTINUED,2026-03-05 16:17:14,2026-04-22 20:23:10
4250,PROD-04230,"Samsung Smart TV 43"" 4K UHD",Televisor inteligente con HDR10+ y sistema operativo webOS - Modelo 2025,402.63,138,ACTIVE,2026-02-14 10:40:29,2026-03-08 02:04:58
4251,PROD-04231,"Xiaomi Smart TV 75"" 4K Frameless",Televisor sin bordes de gran formato con panel LED avanzado - Modelo 2026,1349.16,94,DISCONTINUED,2025-12-29 03:49:59,2026-02-15 04:35:59
4252,PROD-04232,"Hisense Smart TV 43"" 4K UHD",Televisor inteligente con HDR10+ y sistema operativo webOS - Modelo 2023,406.48,6,ACTIVE,2025-04-05 10:19:59,2025-04-13 02:10:44
4253,PROD-04233,"TCL Smart TV 43"" 4K UHD",Televisor inteligente con HDR10+ y sistema operativo webOS - Modelo 2024,403.13,68,ACTIVE,2025-10-05 02:02:58,2025-10-10 12:37:45
4254,PROD-04234,"Panasonic Smart TV 40"" Full HD",Pantalla plana Full HD con puertos HDMI y USB multimedia - Modelo 2025,314.3,49,ACTIVE,2025-01-03 11:36:44,2025-01-13 19:06:04
4255,PROD-04235,"LG Smart TV 50"" 4K Crystal",Pantalla UHD con procesador Crystal 4K y PurColor - Modelo 2026,443.77,0,ACTIVE,2026-05-29 17:19:12,2026-07-03 12:31:23
4256,PROD-04236,"Hisense Smart TV 65"" 4K UHD",Pantalla grande con Dolby Vision Atmos y control por voz - Modelo 2023,830.47,138,ACTIVE,2025-07-13 05:45:00,2025-08-21 05:56:00
4257,PROD-04237,"TCL Smart TV 65"" 4K UHD",Pantalla grande con Dolby Vision Atmos y control por voz - Modelo 2024,830.2,135,DISCONTINUED,2026-03-17 19:39:36,2026-04-28 01:50:27
4258,PROD-04238,"Samsung Smart TV 32"" HD LED",Televisor LED HD con Roku integrado y sonido Dolby Audio - Modelo 2025,263.01,19,DISCONTINUED,2025-01-10 11:26:49,2025-01-13 07:00:19
4259,PROD-04239,"Philips Smart TV 50"" 4K Crystal",Pantalla UHD con procesador Crystal 4K y PurColor - Modelo 2026,502.04,104,ACTIVE,2025-02-01 19:34:48,2025-03-19 07:43:32
4260,PROD-04240,"Panasonic Smart TV 32"" HD LED",Televisor LED HD con Roku integrado y sonido Dolby Audio - Modelo 2023,201.66,29,INACTIVE,2026-04-05 11:00:45,2026-04-16 12:37:53
4261,PROD-04241,"Xiaomi Smart TV 50"" 4K Crystal",Pantalla UHD con procesador Crystal 4K y PurColor - Modelo 2024,438.48,76,INACTIVE,2026-05-24 21:55:27,2026-06-23 09:58:03
4262,PROD-04242,"Sony Smart TV 85"" 8K Master",Pantalla premium de máxima resolución con inteligencia artificial - Modelo 2025,2619.22,7,INACTIVE,2026-01-02 12:03:09,2026-02-12 06:53:23
4263,PROD-04243,"Hisense Smart TV 32"" HD LED",Televisor LED HD con Roku integrado y sonido Dolby Audio - Modelo 2026,276.96,123,DISCONTINUED,2025-10-10 12:37:54,2025-11-03 21:48:24
4264,PROD-04244,"Samsung Smart TV 65"" 4K UHD",Pantalla grande con Dolby Vision Atmos y control por voz - Modelo 2023,955.03,102,ACTIVE,2026-01-19 10:09:42,2026-02-26 12:25:32
4265,PROD-04245,"Xiaomi Smart TV 65"" 4K UHD",Pantalla grande con Dolby Vision Atmos y control por voz - Modelo 2024,916.43,116,ACTIVE,2025-06-25 04:28:54,2025-07-18 14:18:24
4266,PROD-04246,"Panasonic Smart TV 32"" HD LED",Televisor LED HD con Roku integrado y sonido Dolby Audio - Modelo 2025,273.71,11,ACTIVE,2025-07-21 13:04:36,2025-08-04 03:11:53
4267,PROD-04247,"Sony Smart TV 65"" 4K UHD",Pantalla grande con Dolby Vision Atmos y control por voz - Modelo 2026,871.16,112,INACTIVE,2025-06-09 17:20:47,2025-06-27 21:33:08
4268,PROD-04248,"Philips Smart TV 50"" 4K Crystal",Pantalla UHD con procesador Crystal 4K y PurColor - Modelo 2023,496.46,82,INACTIVE,2025-02-25 13:44:10,2025-03-15 09:52:27
4269,PROD-04249,"LG Smart TV 65"" 4K UHD",Pantalla grande con Dolby Vision Atmos y control por voz - Modelo 2024,780.97,15,ACTIVE,2025-07-10 12:56:12,2025-07-20 21:44:54
4270,PROD-04250,"Hisense Smart TV 55"" 4K QLED",Televisor QLED con tecnología Quantum Dot y diseño ultra fino - Modelo 2025,638.61,28,ACTIVE,2025-12-22 09:46:56,2026-02-04 04:55:37
4271,PROD-04251,"Samsung Smart TV 40"" Full HD",Pantalla plana Full HD con puertos HDMI y USB multimedia - Modelo 2026,278.81,95,INACTIVE,2025-02-01 12:19:08,2025-03-02 19:19:12
4272,PROD-04252,"Samsung Smart TV 32"" HD LED",Televisor LED HD con Roku integrado y sonido Dolby Audio - Modelo 2023,236.47,16,INACTIVE,2025-05-07 20:12:31,2025-06-21 11:57:42
4273,PROD-04253,"Hisense Smart TV 55"" 4K QLED",Televisor QLED con tecnología Quantum Dot y diseño ultra fino - Modelo 2024,649.14,0,ACTIVE,2025-08-08 15:11:46,2025-09-06 13:53:43
4274,PROD-04254,"Xiaomi Smart TV 55"" 4K QLED",Televisor QLED con tecnología Quantum Dot y diseño ultra fino - Modelo 2025,591.19,118,ACTIVE,2025-07-05 07:27:55,2025-07-13 21:57:13
4275,PROD-04255,"Philips Smart TV 43"" 4K UHD",Televisor inteligente con HDR10+ y sistema operativo webOS - Modelo 2026,417.95,82,ACTIVE,2025-03-04 16:34:53,2025-03-29 09:10:42
4276,PROD-04256,"Sony Smart TV 40"" Full HD",Pantalla plana Full HD con puertos HDMI y USB multimedia - Modelo 2023,296.89,14,ACTIVE,2025-08-18 06:27:15,2025-09-13 21:58:40
4277,PROD-04257,"LG Smart TV 65"" 4K UHD",Pantalla grande con Dolby Vision Atmos y control por voz - Modelo 2024,876.14,97,ACTIVE,2025-03-09 04:58:29,2025-04-26 01:53:07
4278,PROD-04258,"Xiaomi Smart TV 43"" 4K UHD",Televisor inteligente con HDR10+ y sistema operativo webOS - Modelo 2025,420.35,52,ACTIVE,2025-02-13 23:35:37,2025-02-19 12:19:39
4279,PROD-04259,"LG Smart TV 43"" 4K UHD",Televisor inteligente con HDR10+ y sistema operativo webOS - Modelo 2026,386.74,85,DISCONTINUED,2026-05-03 01:14:06,2026-05-15 07:38:13
4280,PROD-04260,"LG Smart TV 43"" 4K UHD",Televisor inteligente con HDR10+ y sistema operativo webOS - Modelo 2023,403.04,141,ACTIVE,2025-11-26 11:08:30,2026-01-15 03:58:52
4281,PROD-04261,"Sony Smart TV 75"" 4K Frameless",Televisor sin bordes de gran formato con panel LED avanzado - Modelo 2024,1205.54,92,DISCONTINUED,2026-06-26 10:25:58,2026-08-11 00:02:55
4282,PROD-04262,"Panasonic Smart TV 65"" 4K UHD",Pantalla grande con Dolby Vision Atmos y control por voz - Modelo 2025,874.98,127,ACTIVE,2026-04-19 11:53:43,2026-05-19 06:04:43
4283,PROD-04263,"Hisense Smart TV 55"" 4K QLED",Televisor QLED con tecnología Quantum Dot y diseño ultra fino - Modelo 2026,655.59,142,ACTIVE,2026-07-02 16:47:31,2026-07-10 02:29:41
4284,PROD-04264,"Xiaomi Smart TV 40"" Full HD",Pantalla plana Full HD con puertos HDMI y USB multimedia - Modelo 2023,371.45,121,ACTIVE,2026-01-10 22:04:28,2026-01-11 02:32:47
4285,PROD-04265,"LG Smart TV 43"" 4K UHD",Televisor inteligente con HDR10+ y sistema operativo webOS - Modelo 2024,406.45,150,INACTIVE,2025-03-15 11:33:07,2025-03-23 22:59:15
4286,PROD-04266,"Hisense Smart TV 55"" 4K QLED",Televisor QLED con tecnología Quantum Dot y diseño ultra fino - Modelo 2025,669.87,37,INACTIVE,2025-07-24 19:45:16,2025-09-03 17:37:19
4287,PROD-04267,"Hisense Smart TV 40"" Full HD",Pantalla plana Full HD con puertos HDMI y USB multimedia - Modelo 2026,361.46,13,INACTIVE,2026-01-09 11:41:48,2026-02-08 05:05:28
4288,PROD-04268,"Panasonic Smart TV 40"" Full HD",Pantalla plana Full HD con puertos HDMI y USB multimedia - Modelo 2023,341.04,26,ACTIVE,2025-01-10 14:57:08,2025-02-13 05:09:02
4289,PROD-04269,"Panasonic Smart TV 43"" 4K UHD",Televisor inteligente con HDR10+ y sistema operativo webOS - Modelo 2024,398.56,137,ACTIVE,2025-10-24 15:30:05,2025-11-18 08:17:36
4290,PROD-04270,"Hisense Smart TV 55"" 4K QLED",Televisor QLED con tecnología Quantum Dot y diseño ultra fino - Modelo 2025,613.54,134,ACTIVE,2026-03-08 19:16:57,2026-03-17 17:32:11
4291,PROD-04271,"Samsung Smart TV 55"" 4K QLED",Televisor QLED con tecnología Quantum Dot y diseño ultra fino - Modelo 2026,657.53,146,INACTIVE,2025-02-13 09:17:59,2025-04-04 21:08:46
4292,PROD-04272,"Sony Smart TV 55"" 4K QLED",Televisor QLED con tecnología Quantum Dot y diseño ultra fino - Modelo 2023,660.55,46,INACTIVE,2026-08-09 09:31:28,2026-08-14 22:55:54
4293,PROD-04273,"Sony Smart TV 85"" 8K Master",Pantalla premium de máxima resolución con inteligencia artificial - Modelo 2024,2528.37,41,ACTIVE,2026-08-02 10:52:16,2026-09-12 09:58:40
4294,PROD-04274,"LG Smart TV 85"" 8K Master",Pantalla premium de máxima resolución con inteligencia artificial - Modelo 2025,2635.49,71,ACTIVE,2025-10-04 00:47:52,2025-11-14 12:22:33
4295,PROD-04275,"Sony Smart TV 65"" 4K UHD",Pantalla grande con Dolby Vision Atmos y control por voz - Modelo 2026,868.59,76,DISCONTINUED,2025-01-15 20:22:24,2025-03-06 17:32:51
4296,PROD-04276,"Hisense Smart TV 65"" 4K UHD",Pantalla grande con Dolby Vision Atmos y control por voz - Modelo 2023,794.75,150,ACTIVE,2025-05-24 21:01:59,2025-06-05 04:16:05
4297,PROD-04277,"Samsung Smart TV 43"" 4K UHD",Televisor inteligente con HDR10+ y sistema operativo webOS - Modelo 2024,396.81,119,DISCONTINUED,2026-03-15 00:55:28,2026-03-19 03:24:14
4298,PROD-04278,"Samsung Smart TV 65"" 4K UHD",Pantalla grande con Dolby Vision Atmos y control por voz - Modelo 2025,814.76,137,ACTIVE,2025-07-23 09:19:38,2025-08-03 13:40:54
4299,PROD-04279,"Samsung Smart TV 43"" 4K UHD",Televisor inteligente con HDR10+ y sistema operativo webOS - Modelo 2026,451.73,31,DISCONTINUED,2025-02-08 07:27:47,2025-03-26 09:52:37
4300,PROD-04280,"TCL Smart TV 40"" Full HD",Pantalla plana Full HD con puertos HDMI y USB multimedia - Modelo 2023,285.67,79,INACTIVE,2025-05-25 14:22:43,2025-06-27 16:15:38
4301,PROD-04281,"Samsung Smart TV 75"" 4K Frameless",Televisor sin bordes de gran formato con panel LED avanzado - Modelo 2024,1186.9,4,INACTIVE,2026-06-12 10:42:37,2026-07-20 19:59:19
4302,PROD-04282,"Philips Smart TV 85"" 8K Master",Pantalla premium de máxima resolución con inteligencia artificial - Modelo 2025,2886.68,77,INACTIVE,2025-11-06 02:44:58,2025-12-04 23:48:26
4303,PROD-04283,"Sony Smart TV 75"" 4K Frameless",Televisor sin bordes de gran formato con panel LED avanzado - Modelo 2026,1324.78,137,DISCONTINUED,2026-07-22 09:15:26,2026-09-02 06:54:13
4304,PROD-04284,"TCL Smart TV 55"" 4K QLED",Televisor QLED con tecnología Quantum Dot y diseño ultra fino - Modelo 2023,647.65,148,DISCONTINUED,2026-03-07 22:36:08,2026-03-19 11:39:42
4305,PROD-04285,"LG Smart TV 85"" 8K Master",Pantalla premium de máxima resolución con inteligencia artificial - Modelo 2024,2721.18,106,ACTIVE,2025-08-06 04:34:39,2025-08-20 20:29:19
4306,PROD-04286,"TCL Smart TV 32"" HD LED",Televisor LED HD con Roku integrado y sonido Dolby Audio - Modelo 2025,251.17,30,ACTIVE,2025-07-18 14:29:40,2025-09-05 07:08:22
4307,PROD-04287,"Xiaomi Smart TV 32"" HD LED",Televisor LED HD con Roku integrado y sonido Dolby Audio - Modelo 2026,257.18,57,INACTIVE,2025-02-27 06:13:34,2025-03-16 23:35:38
4308,PROD-04288,"TCL Smart TV 85"" 8K Master",Pantalla premium de máxima resolución con inteligencia artificial - Modelo 2023,2883.32,53,INACTIVE,2026-01-06 20:06:40,2026-01-16 15:29:00
4309,PROD-04289,"TCL Smart TV 32"" HD LED",Televisor LED HD con Roku integrado y sonido Dolby Audio - Modelo 2024,221.05,85,DISCONTINUED,2026-03-15 09:47:11,2026-04-30 20:20:02
4310,PROD-04290,"Panasonic Smart TV 55"" 4K QLED",Televisor QLED con tecnología Quantum Dot y diseño ultra fino - Modelo 2025,598.39,39,DISCONTINUED,2025-01-04 10:53:05,2025-01-20 02:14:32
4311,PROD-04291,"TCL Smart TV 65"" 4K UHD",Pantalla grande con Dolby Vision Atmos y control por voz - Modelo 2026,887.75,117,DISCONTINUED,2025-02-14 00:19:05,2025-03-11 18:39:06
4312,PROD-04292,"Samsung Smart TV 40"" Full HD",Pantalla plana Full HD con puertos HDMI y USB multimedia - Modelo 2023,289.56,108,INACTIVE,2026-03-11 16:34:46,2026-04-18 02:37:02
4313,PROD-04293,"Xiaomi Smart TV 85"" 8K Master",Pantalla premium de máxima resolución con inteligencia artificial - Modelo 2024,2721.31,25,DISCONTINUED,2025-03-10 06:24:48,2025-04-10 15:17:05
4314,PROD-04294,"Samsung Smart TV 50"" 4K Crystal",Pantalla UHD con procesador Crystal 4K y PurColor - Modelo 2025,524.24,21,INACTIVE,2025-04-16 08:05:26,2025-05-15 20:48:43
4315,PROD-04295,"Panasonic Smart TV 40"" Full HD",Pantalla plana Full HD con puertos HDMI y USB multimedia - Modelo 2026,279.88,88,DISCONTINUED,2025-12-24 04:37:03,2025-12-25 17:41:22
4316,PROD-04296,"TCL Smart TV 55"" 4K QLED",Televisor QLED con tecnología Quantum Dot y diseño ultra fino - Modelo 2023,637.28,77,ACTIVE,2026-08-03 21:53:51,2026-09-09 04:41:25
4317,PROD-04297,"TCL Smart TV 40"" Full HD",Pantalla plana Full HD con puertos HDMI y USB multimedia - Modelo 2024,296.93,100,ACTIVE,2026-04-29 15:15:28,2026-05-10 12:19:46
4318,PROD-04298,"Philips Smart TV 50"" 4K Crystal",Pantalla UHD con procesador Crystal 4K y PurColor - Modelo 2025,453.91,83,INACTIVE,2025-08-03 14:52:59,2025-08-08 19:19:41
4319,PROD-04299,"LG Smart TV 65"" 4K UHD",Pantalla grande con Dolby Vision Atmos y control por voz - Modelo 2026,932.29,82,ACTIVE,2026-05-16 04:09:50,2026-05-31 18:26:02
4320,PROD-04300,"Philips Smart TV 55"" 4K QLED",Televisor QLED con tecnología Quantum Dot y diseño ultra fino - Modelo 2023,705.05,118,ACTIVE,2025-11-07 07:51:00,2025-12-08 00:27:45
4321,PROD-04301,"LG Smart TV 65"" 4K UHD",Pantalla grande con Dolby Vision Atmos y control por voz - Modelo 2024,923.59,16,ACTIVE,2025-11-27 09:45:28,2026-01-11 16:06:05
4322,PROD-04302,"Sony Smart TV 50"" 4K Crystal",Pantalla UHD con procesador Crystal 4K y PurColor - Modelo 2025,439.0,20,ACTIVE,2026-04-10 02:33:22,2026-04-21 12:51:13
4323,PROD-04303,"Samsung Smart TV 85"" 8K Master",Pantalla premium de máxima resolución con inteligencia artificial - Modelo 2026,2726.74,58,ACTIVE,2025-03-07 05:32:48,2025-04-20 15:31:04
4324,PROD-04304,"Hisense Smart TV 85"" 8K Master",Pantalla premium de máxima resolución con inteligencia artificial - Modelo 2023,2585.54,110,ACTIVE,2025-12-24 07:20:56,2026-01-08 17:15:10
4325,PROD-04305,"Panasonic Smart TV 75"" 4K Frameless",Televisor sin bordes de gran formato con panel LED avanzado - Modelo 2024,1157.59,124,DISCONTINUED,2025-03-22 08:44:10,2025-04-26 06:16:35
4326,PROD-04306,"TCL Smart TV 50"" 4K Crystal",Pantalla UHD con procesador Crystal 4K y PurColor - Modelo 2025,457.02,45,INACTIVE,2026-03-27 11:36:22,2026-04-18 13:46:32
4327,PROD-04307,"Xiaomi Smart TV 55"" 4K QLED",Televisor QLED con tecnología Quantum Dot y diseño ultra fino - Modelo 2026,664.28,56,ACTIVE,2025-10-20 22:22:58,2025-11-22 12:14:46
4328,PROD-04308,"Panasonic Smart TV 75"" 4K Frameless",Televisor sin bordes de gran formato con panel LED avanzado - Modelo 2023,1236.69,86,ACTIVE,2025-02-04 21:58:01,2025-02-07 23:45:59
4329,PROD-04309,"Xiaomi Smart TV 55"" 4K QLED",Televisor QLED con tecnología Quantum Dot y diseño ultra fino - Modelo 2024,650.08,61,ACTIVE,2025-03-11 13:21:29,2025-04-11 16:37:29
4330,PROD-04310,"LG Smart TV 32"" HD LED",Televisor LED HD con Roku integrado y sonido Dolby Audio - Modelo 2025,292.24,89,INACTIVE,2026-01-03 16:06:22,2026-02-02 17:03:37
4331,PROD-04311,"Sony Smart TV 32"" HD LED",Televisor LED HD con Roku integrado y sonido Dolby Audio - Modelo 2026,215.01,147,DISCONTINUED,2026-03-21 09:40:29,2026-03-25 02:54:21
4332,PROD-04312,"Xiaomi Smart TV 32"" HD LED",Televisor LED HD con Roku integrado y sonido Dolby Audio - Modelo 2023,224.79,41,DISCONTINUED,2026-07-24 04:17:47,2026-09-08 08:02:17
4333,PROD-04313,"Panasonic Smart TV 43"" 4K UHD",Televisor inteligente con HDR10+ y sistema operativo webOS - Modelo 2024,394.21,93,ACTIVE,2026-04-05 04:00:40,2026-05-25 16:00:25
4334,PROD-04314,"Xiaomi Smart TV 32"" HD LED",Televisor LED HD con Roku integrado y sonido Dolby Audio - Modelo 2025,219.2,4,INACTIVE,2025-04-24 07:54:56,2025-05-05 22:55:11
4335,PROD-04315,"Hisense Smart TV 55"" 4K QLED",Televisor QLED con tecnología Quantum Dot y diseño ultra fino - Modelo 2026,633.98,79,ACTIVE,2025-06-09 12:19:05,2025-07-10 19:20:15
4336,PROD-04316,"LG Smart TV 32"" HD LED",Televisor LED HD con Roku integrado y sonido Dolby Audio - Modelo 2023,229.08,11,ACTIVE,2025-01-19 05:40:23,2025-03-07 05:25:51
4337,PROD-04317,"Panasonic Smart TV 40"" Full HD",Pantalla plana Full HD con puertos HDMI y USB multimedia - Modelo 2024,273.2,22,DISCONTINUED,2026-05-21 06:33:22,2026-06-06 14:37:18
4338,PROD-04318,"LG Smart TV 85"" 8K Master",Pantalla premium de máxima resolución con inteligencia artificial - Modelo 2025,2634.92,146,ACTIVE,2026-08-04 00:02:01,2026-09-01 04:42:05
4339,PROD-04319,"Hisense Smart TV 40"" Full HD",Pantalla plana Full HD con puertos HDMI y USB multimedia - Modelo 2026,372.24,104,DISCONTINUED,2026-04-05 16:57:05,2026-04-17 09:04:33
4340,PROD-04320,"Samsung Smart TV 55"" 4K QLED",Televisor QLED con tecnología Quantum Dot y diseño ultra fino - Modelo 2023,662.89,140,INACTIVE,2025-11-27 17:31:02,2025-11-29 02:40:35
4341,PROD-04321,"Philips Smart TV 40"" Full HD",Pantalla plana Full HD con puertos HDMI y USB multimedia - Modelo 2024,315.86,34,ACTIVE,2025-05-29 12:42:47,2025-07-03 14:30:24
4342,PROD-04322,"Philips Smart TV 55"" 4K QLED",Televisor QLED con tecnología Quantum Dot y diseño ultra fino - Modelo 2025,555.81,1,DISCONTINUED,2025-11-28 12:23:47,2025-12-20 23:06:20
4343,PROD-04323,"LG Smart TV 40"" Full HD",Pantalla plana Full HD con puertos HDMI y USB multimedia - Modelo 2026,265.54,40,ACTIVE,2025-02-08 01:43:24,2025-03-10 16:43:13
4344,PROD-04324,"Sony Smart TV 65"" 4K UHD",Pantalla grande con Dolby Vision Atmos y control por voz - Modelo 2023,824.39,52,DISCONTINUED,2025-11-23 06:00:13,2025-12-18 22:10:16
4345,PROD-04325,"Hisense Smart TV 55"" 4K QLED",Televisor QLED con tecnología Quantum Dot y diseño ultra fino - Modelo 2024,685.5,43,DISCONTINUED,2025-11-22 18:38:48,2025-12-16 00:48:09
4346,PROD-04326,"Philips Smart TV 55"" 4K QLED",Televisor QLED con tecnología Quantum Dot y diseño ultra fino - Modelo 2025,656.98,10,ACTIVE,2026-01-17 03:25:38,2026-01-20 19:40:43
4347,PROD-04327,"Xiaomi Smart TV 85"" 8K Master",Pantalla premium de máxima resolución con inteligencia artificial - Modelo 2026,2548.9,79,ACTIVE,2025-11-05 17:35:57,2025-11-24 12:33:44
4348,PROD-04328,"TCL Smart TV 65"" 4K UHD",Pantalla grande con Dolby Vision Atmos y control por voz - Modelo 2023,873.19,31,INACTIVE,2026-01-30 19:12:06,2026-03-18 14:17:22
4349,PROD-04329,"Samsung Smart TV 43"" 4K UHD",Televisor inteligente con HDR10+ y sistema operativo webOS - Modelo 2024,432.6,136,ACTIVE,2025-04-29 19:51:32,2025-05-01 10:13:01
4350,PROD-04330,"Philips Smart TV 85"" 8K Master",Pantalla premium de máxima resolución con inteligencia artificial - Modelo 2025,2769.03,30,INACTIVE,2026-01-06 17:22:18,2026-02-26 00:28:24
4351,PROD-04331,"Sony Smart TV 55"" 4K QLED",Televisor QLED con tecnología Quantum Dot y diseño ultra fino - Modelo 2026,652.81,108,ACTIVE,2026-07-28 01:24:29,2026-09-10 04:08:55
4352,PROD-04332,"Samsung Smart TV 50"" 4K Crystal",Pantalla UHD con procesador Crystal 4K y PurColor - Modelo 2023,475.15,6,ACTIVE,2025-03-09 05:24:02,2025-04-09 10:16:26
4353,PROD-04333,"Samsung Smart TV 55"" 4K QLED",Televisor QLED con tecnología Quantum Dot y diseño ultra fino - Modelo 2024,666.48,137,ACTIVE,2025-09-14 04:58:21,2025-09-27 14:33:37
4354,PROD-04334,"TCL Smart TV 32"" HD LED",Televisor LED HD con Roku integrado y sonido Dolby Audio - Modelo 2025,265.3,126,ACTIVE,2025-01-03 02:14:39,2025-01-08 17:28:00
4355,PROD-04335,"Philips Smart TV 43"" 4K UHD",Televisor inteligente con HDR10+ y sistema operativo webOS - Modelo 2026,458.19,119,DISCONTINUED,2025-05-26 13:27:38,2025-07-07 00:35:56
4356,PROD-04336,"TCL Smart TV 55"" 4K QLED",Televisor QLED con tecnología Quantum Dot y diseño ultra fino - Modelo 2023,594.48,21,ACTIVE,2025-09-05 07:02:19,2025-09-18 05:37:49
4357,PROD-04337,"Sony Smart TV 75"" 4K Frameless",Televisor sin bordes de gran formato con panel LED avanzado - Modelo 2024,1199.52,88,INACTIVE,2025-12-03 00:48:47,2026-01-15 00:03:18
4358,PROD-04338,"LG Smart TV 43"" 4K UHD",Televisor inteligente con HDR10+ y sistema operativo webOS - Modelo 2025,421.98,47,ACTIVE,2025-12-30 03:26:28,2026-01-04 08:44:57
4359,PROD-04339,"LG Smart TV 50"" 4K Crystal",Pantalla UHD con procesador Crystal 4K y PurColor - Modelo 2026,471.76,25,INACTIVE,2025-10-19 13:44:25,2025-11-25 09:16:36
4360,PROD-04340,"Philips Smart TV 65"" 4K UHD",Pantalla grande con Dolby Vision Atmos y control por voz - Modelo 2023,885.12,70,ACTIVE,2025-07-09 13:24:53,2025-08-03 00:18:40
4361,PROD-04341,"Hisense Smart TV 85"" 8K Master",Pantalla premium de máxima resolución con inteligencia artificial - Modelo 2024,2835.05,127,INACTIVE,2026-07-17 01:45:38,2026-08-26 19:37:17
4362,PROD-04342,"Sony Smart TV 65"" 4K UHD",Pantalla grande con Dolby Vision Atmos y control por voz - Modelo 2025,860.6,67,ACTIVE,2025-09-26 18:11:16,2025-10-23 21:14:56
4363,PROD-04343,"Samsung Smart TV 40"" Full HD",Pantalla plana Full HD con puertos HDMI y USB multimedia - Modelo 2026,361.84,49,DISCONTINUED,2026-07-24 17:51:07,2026-09-10 09:43:22
4364,PROD-04344,"Panasonic Smart TV 43"" 4K UHD",Televisor inteligente con HDR10+ y sistema operativo webOS - Modelo 2023,364.6,104,DISCONTINUED,2025-06-13 14:53:24,2025-08-02 09:42:33
4365,PROD-04345,"Panasonic Smart TV 85"" 8K Master",Pantalla premium de máxima resolución con inteligencia artificial - Modelo 2024,2802.06,117,ACTIVE,2025-02-15 05:45:31,2025-03-16 03:43:36
4366,PROD-04346,"Philips Smart TV 85"" 8K Master",Pantalla premium de máxima resolución con inteligencia artificial - Modelo 2025,2941.75,119,ACTIVE,2025-09-25 03:26:17,2025-10-01 10:56:02
4367,PROD-04347,"Sony Smart TV 85"" 8K Master",Pantalla premium de máxima resolución con inteligencia artificial - Modelo 2026,2638.34,69,DISCONTINUED,2025-01-30 05:48:50,2025-02-19 08:26:17
4368,PROD-04348,"Panasonic Smart TV 75"" 4K Frameless",Televisor sin bordes de gran formato con panel LED avanzado - Modelo 2023,1277.87,115,DISCONTINUED,2025-07-08 21:10:10,2025-07-28 09:11:51
4369,PROD-04349,"Panasonic Smart TV 43"" 4K UHD",Televisor inteligente con HDR10+ y sistema operativo webOS - Modelo 2024,346.17,126,DISCONTINUED,2026-08-08 03:38:04,2026-09-01 17:47:50
4370,PROD-04350,"LG Smart TV 40"" Full HD",Pantalla plana Full HD con puertos HDMI y USB multimedia - Modelo 2025,275.78,140,INACTIVE,2026-03-31 11:30:25,2026-05-11 05:24:19
4371,PROD-04351,"Xiaomi Smart TV 43"" 4K UHD",Televisor inteligente con HDR10+ y sistema operativo webOS - Modelo 2026,388.49,16,INACTIVE,2026-07-20 19:12:16,2026-07-27 05:08:40
4372,PROD-04352,"Panasonic Smart TV 32"" HD LED",Televisor LED HD con Roku integrado y sonido Dolby Audio - Modelo 2023,264.05,60,ACTIVE,2025-11-28 06:20:07,2026-01-08 05:35:44
4373,PROD-04353,"Panasonic Smart TV 43"" 4K UHD",Televisor inteligente con HDR10+ y sistema operativo webOS - Modelo 2024,374.8,82,ACTIVE,2025-12-22 12:39:51,2026-01-19 08:27:57
4374,PROD-04354,"Philips Smart TV 50"" 4K Crystal",Pantalla UHD con procesador Crystal 4K y PurColor - Modelo 2025,548.21,100,DISCONTINUED,2025-09-18 23:17:33,2025-09-27 10:10:12
4375,PROD-04355,"TCL Smart TV 85"" 8K Master",Pantalla premium de máxima resolución con inteligencia artificial - Modelo 2026,2794.68,134,DISCONTINUED,2026-05-19 12:37:18,2026-07-07 13:52:35
4376,PROD-04356,"Sony Smart TV 32"" HD LED",Televisor LED HD con Roku integrado y sonido Dolby Audio - Modelo 2023,294.31,77,DISCONTINUED,2026-01-19 21:03:56,2026-03-11 14:33:59
4377,PROD-04357,"Xiaomi Smart TV 32"" HD LED",Televisor LED HD con Roku integrado y sonido Dolby Audio - Modelo 2024,217.15,94,INACTIVE,2026-03-13 17:50:26,2026-04-07 07:53:19
4378,PROD-04358,"Hisense Smart TV 75"" 4K Frameless",Televisor sin bordes de gran formato con panel LED avanzado - Modelo 2025,1379.66,6,DISCONTINUED,2025-03-24 21:15:25,2025-03-29 19:26:05
4379,PROD-04359,"TCL Smart TV 75"" 4K Frameless",Televisor sin bordes de gran formato con panel LED avanzado - Modelo 2026,1189.25,61,ACTIVE,2025-03-16 19:14:57,2025-04-22 20:59:06
4380,PROD-04360,"Hisense Smart TV 50"" 4K Crystal",Pantalla UHD con procesador Crystal 4K y PurColor - Modelo 2023,483.14,138,INACTIVE,2025-10-17 01:31:48,2025-12-04 20:58:56
4381,PROD-04361,"TCL Smart TV 43"" 4K UHD",Televisor inteligente con HDR10+ y sistema operativo webOS - Modelo 2024,455.9,83,ACTIVE,2026-02-26 22:22:10,2026-02-27 05:20:19
4382,PROD-04362,"Sony Smart TV 50"" 4K Crystal",Pantalla UHD con procesador Crystal 4K y PurColor - Modelo 2025,452.37,122,ACTIVE,2026-03-24 07:56:54,2026-04-28 06:42:51
4383,PROD-04363,"Philips Smart TV 50"" 4K Crystal",Pantalla UHD con procesador Crystal 4K y PurColor - Modelo 2026,512.07,69,INACTIVE,2025-01-25 09:03:11,2025-03-05 22:02:37
4384,PROD-04364,"Philips Smart TV 65"" 4K UHD",Pantalla grande con Dolby Vision Atmos y control por voz - Modelo 2023,929.88,130,ACTIVE,2025-03-24 00:52:53,2025-03-30 03:06:13
4385,PROD-04365,"Panasonic Smart TV 50"" 4K Crystal",Pantalla UHD con procesador Crystal 4K y PurColor - Modelo 2024,466.25,70,ACTIVE,2026-01-14 22:28:51,2026-01-19 00:05:58
4386,PROD-04366,"Samsung Smart TV 50"" 4K Crystal",Pantalla UHD con procesador Crystal 4K y PurColor - Modelo 2025,530.17,56,ACTIVE,2025-08-18 13:28:59,2025-09-21 11:28:44
4387,PROD-04367,"Samsung Smart TV 55"" 4K QLED",Televisor QLED con tecnología Quantum Dot y diseño ultra fino - Modelo 2026,603.47,68,ACTIVE,2025-09-11 21:18:52,2025-10-31 19:13:10
4388,PROD-04368,"Xiaomi Smart TV 43"" 4K UHD",Televisor inteligente con HDR10+ y sistema operativo webOS - Modelo 2023,398.44,80,INACTIVE,2025-09-02 04:55:43,2025-09-27 03:01:53
4389,PROD-04369,"Xiaomi Smart TV 32"" HD LED",Televisor LED HD con Roku integrado y sonido Dolby Audio - Modelo 2024,220.25,24,ACTIVE,2025-01-19 21:58:31,2025-02-08 18:49:48
4390,PROD-04370,"LG Smart TV 65"" 4K UHD",Pantalla grande con Dolby Vision Atmos y control por voz - Modelo 2025,922.44,7,INACTIVE,2026-08-10 01:39:18,2026-08-13 22:58:11
4391,PROD-04371,"LG Smart TV 43"" 4K UHD",Televisor inteligente con HDR10+ y sistema operativo webOS - Modelo 2026,400.28,84,ACTIVE,2025-02-01 17:20:57,2025-02-06 05:21:26
4392,PROD-04372,"Philips Smart TV 40"" Full HD",Pantalla plana Full HD con puertos HDMI y USB multimedia - Modelo 2023,353.8,65,ACTIVE,2026-04-18 18:19:23,2026-04-20 15:40:43
4393,PROD-04373,"Samsung Smart TV 65"" 4K UHD",Pantalla grande con Dolby Vision Atmos y control por voz - Modelo 2024,890.91,128,DISCONTINUED,2025-03-03 15:28:55,2025-03-15 06:33:10
4394,PROD-04374,"Philips Smart TV 40"" Full HD",Pantalla plana Full HD con puertos HDMI y USB multimedia - Modelo 2025,320.93,3,ACTIVE,2026-04-05 11:40:06,2026-05-10 21:43:26
4395,PROD-04375,"LG Smart TV 55"" 4K QLED",Televisor QLED con tecnología Quantum Dot y diseño ultra fino - Modelo 2026,630.33,147,ACTIVE,2026-01-16 12:25:42,2026-02-08 13:37:15
4396,PROD-04376,"TCL Smart TV 65"" 4K UHD",Pantalla grande con Dolby Vision Atmos y control por voz - Modelo 2023,851.02,61,INACTIVE,2025-01-20 21:05:57,2025-02-23 05:44:05
4397,PROD-04377,"Philips Smart TV 65"" 4K UHD",Pantalla grande con Dolby Vision Atmos y control por voz - Modelo 2024,866.62,120,ACTIVE,2025-03-21 21:42:01,2025-04-10 19:01:02
4398,PROD-04378,"TCL Smart TV 32"" HD LED",Televisor LED HD con Roku integrado y sonido Dolby Audio - Modelo 2025,199.65,46,DISCONTINUED,2026-06-06 15:16:46,2026-06-11 21:40:01
4399,PROD-04379,"LG Smart TV 40"" Full HD",Pantalla plana Full HD con puertos HDMI y USB multimedia - Modelo 2026,312.96,126,ACTIVE,2025-01-26 03:53:47,2025-02-12 03:00:16
4400,PROD-04380,"Sony Smart TV 85"" 8K Master",Pantalla premium de máxima resolución con inteligencia artificial - Modelo 2023,2815.89,11,INACTIVE,2026-08-23 01:10:46,2026-09-27 05:09:38
4401,PROD-04381,"Philips Smart TV 32"" HD LED",Televisor LED HD con Roku integrado y sonido Dolby Audio - Modelo 2024,248.42,86,DISCONTINUED,2025-01-08 21:22:48,2025-02-22 02:57:13
4402,PROD-04382,"Samsung Smart TV 40"" Full HD",Pantalla plana Full HD con puertos HDMI y USB multimedia - Modelo 2025,343.04,20,ACTIVE,2026-02-17 16:32:32,2026-04-02 09:22:18
4403,PROD-04383,"Hisense Smart TV 50"" 4K Crystal",Pantalla UHD con procesador Crystal 4K y PurColor - Modelo 2026,487.74,54,ACTIVE,2026-06-20 05:59:01,2026-08-02 13:32:31
4404,PROD-04384,"Sony Smart TV 32"" HD LED",Televisor LED HD con Roku integrado y sonido Dolby Audio - Modelo 2023,314.89,72,ACTIVE,2026-03-05 00:08:59,2026-03-28 17:09:08
4405,PROD-04385,"Samsung Smart TV 85"" 8K Master",Pantalla premium de máxima resolución con inteligencia artificial - Modelo 2024,2856.33,130,ACTIVE,2025-09-02 23:21:26,2025-09-09 01:28:06
4406,PROD-04386,"Xiaomi Smart TV 43"" 4K UHD",Televisor inteligente con HDR10+ y sistema operativo webOS - Modelo 2025,391.26,131,DISCONTINUED,2025-10-13 04:05:09,2025-11-30 21:57:29
4407,PROD-04387,"Sony Smart TV 55"" 4K QLED",Televisor QLED con tecnología Quantum Dot y diseño ultra fino - Modelo 2026,625.73,91,DISCONTINUED,2025-01-31 03:15:51,2025-03-15 20:05:52
4408,PROD-04388,"Philips Smart TV 40"" Full HD",Pantalla plana Full HD con puertos HDMI y USB multimedia - Modelo 2023,295.3,37,ACTIVE,2025-10-17 17:37:24,2025-10-19 02:34:34
4409,PROD-04389,"Hisense Smart TV 55"" 4K QLED",Televisor QLED con tecnología Quantum Dot y diseño ultra fino - Modelo 2024,665.91,139,INACTIVE,2025-06-09 21:50:28,2025-06-12 09:24:02
4410,PROD-04390,"Philips Smart TV 43"" 4K UHD",Televisor inteligente con HDR10+ y sistema operativo webOS - Modelo 2025,428.8,11,DISCONTINUED,2026-07-09 23:51:42,2026-07-30 10:49:58
4411,PROD-04391,"Hisense Smart TV 32"" HD LED",Televisor LED HD con Roku integrado y sonido Dolby Audio - Modelo 2026,246.96,38,ACTIVE,2026-05-07 21:06:48,2026-06-27 20:42:23
4412,PROD-04392,"Panasonic Smart TV 85"" 8K Master",Pantalla premium de máxima resolución con inteligencia artificial - Modelo 2023,2909.73,130,ACTIVE,2026-01-15 09:51:36,2026-03-04 00:07:11
4413,PROD-04393,"Samsung Smart TV 43"" 4K UHD",Televisor inteligente con HDR10+ y sistema operativo webOS - Modelo 2024,410.8,14,ACTIVE,2025-07-24 23:49:49,2025-08-11 21:10:34
4414,PROD-04394,"Xiaomi Smart TV 43"" 4K UHD",Televisor inteligente con HDR10+ y sistema operativo webOS - Modelo 2025,394.62,7,DISCONTINUED,2026-07-27 09:15:10,2026-09-08 09:40:52
4415,PROD-04395,"Philips Smart TV 43"" 4K UHD",Televisor inteligente con HDR10+ y sistema operativo webOS - Modelo 2026,429.69,19,INACTIVE,2025-10-16 14:24:57,2025-11-08 19:03:17
4416,PROD-04396,"Samsung Smart TV 85"" 8K Master",Pantalla premium de máxima resolución con inteligencia artificial - Modelo 2023,2912.65,58,DISCONTINUED,2025-12-05 14:38:46,2026-01-21 12:30:32
4417,PROD-04397,"Xiaomi Smart TV 65"" 4K UHD",Pantalla grande con Dolby Vision Atmos y control por voz - Modelo 2024,820.7,143,ACTIVE,2026-06-11 11:32:15,2026-07-31 04:14:49
4418,PROD-04398,"LG Smart TV 85"" 8K Master",Pantalla premium de máxima resolución con inteligencia artificial - Modelo 2025,2641.73,24,ACTIVE,2025-10-30 06:52:40,2025-11-04 20:32:54
4419,PROD-04399,"Philips Smart TV 32"" HD LED",Televisor LED HD con Roku integrado y sonido Dolby Audio - Modelo 2026,249.25,128,ACTIVE,2025-08-17 00:23:12,2025-09-15 03:01:32
4420,PROD-04400,"Hisense Smart TV 65"" 4K UHD",Pantalla grande con Dolby Vision Atmos y control por voz - Modelo 2023,792.15,32,INACTIVE,2025-02-24 17:30:47,2025-03-31 11:40:59
4421,PROD-04401,"Xiaomi Smart TV 32"" HD LED",Televisor LED HD con Roku integrado y sonido Dolby Audio - Modelo 2024,221.8,67,ACTIVE,2026-07-23 03:43:42,2026-08-29 02:22:44
4422,PROD-04402,"Hisense Smart TV 65"" 4K UHD",Pantalla grande con Dolby Vision Atmos y control por voz - Modelo 2025,857.98,116,INACTIVE,2026-01-02 18:59:51,2026-01-05 01:21:40
4423,PROD-04403,"Philips Smart TV 43"" 4K UHD",Televisor inteligente con HDR10+ y sistema operativo webOS - Modelo 2026,366.68,118,DISCONTINUED,2025-11-05 18:57:31,2025-11-27 12:00:08
4424,PROD-04404,"LG Smart TV 32"" HD LED",Televisor LED HD con Roku integrado y sonido Dolby Audio - Modelo 2023,248.28,137,ACTIVE,2026-05-16 11:08:08,2026-07-03 21:26:53
4425,PROD-04405,"Hisense Smart TV 55"" 4K QLED",Televisor QLED con tecnología Quantum Dot y diseño ultra fino - Modelo 2024,667.27,37,INACTIVE,2026-08-02 13:11:15,2026-09-12 13:19:02
4426,PROD-04406,"LG Smart TV 40"" Full HD",Pantalla plana Full HD con puertos HDMI y USB multimedia - Modelo 2025,272.94,77,INACTIVE,2025-08-18 03:01:40,2025-09-16 19:41:34
4427,PROD-04407,"Samsung Smart TV 50"" 4K Crystal",Pantalla UHD con procesador Crystal 4K y PurColor - Modelo 2026,461.96,21,ACTIVE,2026-03-08 02:20:42,2026-04-07 07:52:25
4428,PROD-04408,"TCL Smart TV 85"" 8K Master",Pantalla premium de máxima resolución con inteligencia artificial - Modelo 2023,2580.09,61,ACTIVE,2026-02-27 19:29:33,2026-04-07 19:40:14
4429,PROD-04409,"LG Smart TV 85"" 8K Master",Pantalla premium de máxima resolución con inteligencia artificial - Modelo 2024,2613.8,34,INACTIVE,2025-06-22 13:57:34,2025-07-03 23:25:36
4430,PROD-04410,"Hisense Smart TV 43"" 4K UHD",Televisor inteligente con HDR10+ y sistema operativo webOS - Modelo 2025,435.2,144,ACTIVE,2025-03-16 19:33:15,2025-03-28 14:33:06
4431,PROD-04411,"TCL Smart TV 85"" 8K Master",Pantalla premium de máxima resolución con inteligencia artificial - Modelo 2026,2977.02,110,ACTIVE,2025-04-19 19:10:52,2025-05-06 12:48:30
4432,PROD-04412,"Xiaomi Smart TV 55"" 4K QLED",Televisor QLED con tecnología Quantum Dot y diseño ultra fino - Modelo 2023,663.82,58,ACTIVE,2025-10-29 13:41:28,2025-11-03 17:02:40
4433,PROD-04413,"Hisense Smart TV 65"" 4K UHD",Pantalla grande con Dolby Vision Atmos y control por voz - Modelo 2024,927.7,119,INACTIVE,2025-04-28 17:47:40,2025-05-04 09:09:21
4434,PROD-04414,"Philips Smart TV 55"" 4K QLED",Televisor QLED con tecnología Quantum Dot y diseño ultra fino - Modelo 2025,657.81,103,DISCONTINUED,2025-05-05 05:43:19,2025-06-05 00:48:00
4435,PROD-04415,"Sony Smart TV 43"" 4K UHD",Televisor inteligente con HDR10+ y sistema operativo webOS - Modelo 2026,411.05,26,ACTIVE,2025-05-04 16:21:18,2025-05-11 19:38:40
4436,PROD-04416,"Hisense Smart TV 40"" Full HD",Pantalla plana Full HD con puertos HDMI y USB multimedia - Modelo 2023,331.56,122,ACTIVE,2026-05-06 21:24:39,2026-06-13 11:26:44
4437,PROD-04417,"Samsung Smart TV 55"" 4K QLED",Televisor QLED con tecnología Quantum Dot y diseño ultra fino - Modelo 2024,677.66,37,ACTIVE,2025-12-30 01:24:34,2026-02-04 09:13:30
4438,PROD-04418,"LG Smart TV 55"" 4K QLED",Televisor QLED con tecnología Quantum Dot y diseño ultra fino - Modelo 2025,564.01,73,DISCONTINUED,2025-02-03 14:49:36,2025-02-13 17:31:45
4439,PROD-04419,"LG Smart TV 85"" 8K Master",Pantalla premium de máxima resolución con inteligencia artificial - Modelo 2026,2877.83,32,DISCONTINUED,2026-05-08 19:13:46,2026-06-15 12:15:34
4440,PROD-04420,"Xiaomi Smart TV 40"" Full HD",Pantalla plana Full HD con puertos HDMI y USB multimedia - Modelo 2023,326.82,106,ACTIVE,2025-09-09 11:59:19,2025-10-24 03:27:15
4441,PROD-04421,"Sony Smart TV 75"" 4K Frameless",Televisor sin bordes de gran formato con panel LED avanzado - Modelo 2024,1285.29,31,ACTIVE,2025-12-19 12:50:58,2026-01-24 06:37:18
4442,PROD-04422,"Philips Smart TV 75"" 4K Frameless",Televisor sin bordes de gran formato con panel LED avanzado - Modelo 2025,1336.36,117,ACTIVE,2025-01-30 16:11:47,2025-02-16 20:49:27
4443,PROD-04423,"LG Smart TV 55"" 4K QLED",Televisor QLED con tecnología Quantum Dot y diseño ultra fino - Modelo 2026,643.59,69,ACTIVE,2025-09-27 18:00:15,2025-11-15 17:52:00
4444,PROD-04424,"Samsung Smart TV 85"" 8K Master",Pantalla premium de máxima resolución con inteligencia artificial - Modelo 2023,2577.54,31,ACTIVE,2026-05-07 01:28:37,2026-05-22 18:46:18
4445,PROD-04425,"Hisense Smart TV 65"" 4K UHD",Pantalla grande con Dolby Vision Atmos y control por voz - Modelo 2024,858.39,6,ACTIVE,2025-12-02 01:22:26,2025-12-20 16:02:59
4446,PROD-04426,"Sony Smart TV 32"" HD LED",Televisor LED HD con Roku integrado y sonido Dolby Audio - Modelo 2025,223.31,125,INACTIVE,2025-06-19 07:33:51,2025-06-21 07:22:17
4447,PROD-04427,"Hisense Smart TV 65"" 4K UHD",Pantalla grande con Dolby Vision Atmos y control por voz - Modelo 2026,890.63,22,DISCONTINUED,2025-10-05 08:29:20,2025-11-19 17:26:24
4448,PROD-04428,"TCL Smart TV 40"" Full HD",Pantalla plana Full HD con puertos HDMI y USB multimedia - Modelo 2023,362.87,22,DISCONTINUED,2025-03-16 11:04:45,2025-04-18 23:29:43
4449,PROD-04429,"TCL Smart TV 65"" 4K UHD",Pantalla grande con Dolby Vision Atmos y control por voz - Modelo 2024,876.23,78,ACTIVE,2026-06-10 20:11:13,2026-07-25 11:38:51
4450,PROD-04430,"Panasonic Smart TV 32"" HD LED",Televisor LED HD con Roku integrado y sonido Dolby Audio - Modelo 2025,232.8,84,ACTIVE,2025-11-14 22:23:53,2025-11-19 05:32:09
4451,PROD-04431,"LG Smart TV 40"" Full HD",Pantalla plana Full HD con puertos HDMI y USB multimedia - Modelo 2026,330.25,116,INACTIVE,2026-05-04 13:52:50,2026-06-14 19:19:29
4452,PROD-04432,"Samsung Smart TV 50"" 4K Crystal",Pantalla UHD con procesador Crystal 4K y PurColor - Modelo 2023,542.89,4,INACTIVE,2025-10-07 19:07:22,2025-10-25 08:02:52
4453,PROD-04433,"Sony Smart TV 40"" Full HD",Pantalla plana Full HD con puertos HDMI y USB multimedia - Modelo 2024,301.55,95,DISCONTINUED,2026-05-03 17:26:55,2026-06-18 21:38:25
4454,PROD-04434,"Panasonic Smart TV 65"" 4K UHD",Pantalla grande con Dolby Vision Atmos y control por voz - Modelo 2025,891.55,148,INACTIVE,2026-02-09 05:12:50,2026-02-12 09:25:00
4455,PROD-04435,"LG Smart TV 75"" 4K Frameless",Televisor sin bordes de gran formato con panel LED avanzado - Modelo 2026,1314.95,112,INACTIVE,2025-03-02 07:03:39,2025-04-12 11:42:05
4456,PROD-04436,"Hisense Smart TV 40"" Full HD",Pantalla plana Full HD con puertos HDMI y USB multimedia - Modelo 2023,286.39,65,ACTIVE,2026-01-17 11:25:47,2026-02-17 19:19:25
4457,PROD-04437,"TCL Smart TV 50"" 4K Crystal",Pantalla UHD con procesador Crystal 4K y PurColor - Modelo 2024,525.58,63,ACTIVE,2026-03-10 06:37:28,2026-03-23 22:09:37
4458,PROD-04438,"TCL Smart TV 50"" 4K Crystal",Pantalla UHD con procesador Crystal 4K y PurColor - Modelo 2025,500.54,84,INACTIVE,2025-09-02 05:58:36,2025-10-18 11:46:26
4459,PROD-04439,"Panasonic Smart TV 50"" 4K Crystal",Pantalla UHD con procesador Crystal 4K y PurColor - Modelo 2026,524.42,50,ACTIVE,2025-11-02 22:30:17,2025-11-06 22:05:00
4460,PROD-04440,"TCL Smart TV 65"" 4K UHD",Pantalla grande con Dolby Vision Atmos y control por voz - Modelo 2023,864.53,109,ACTIVE,2026-02-15 07:30:11,2026-03-31 01:14:51
4461,PROD-04441,"Philips Smart TV 85"" 8K Master",Pantalla premium de máxima resolución con inteligencia artificial - Modelo 2024,2992.62,4,INACTIVE,2025-08-19 16:10:30,2025-09-18 13:02:10
4462,PROD-04442,"Hisense Smart TV 55"" 4K QLED",Televisor QLED con tecnología Quantum Dot y diseño ultra fino - Modelo 2025,636.03,61,INACTIVE,2026-05-22 10:04:11,2026-06-20 12:45:50
4463,PROD-04443,"Samsung Smart TV 75"" 4K Frameless",Televisor sin bordes de gran formato con panel LED avanzado - Modelo 2026,1173.73,132,ACTIVE,2026-06-08 04:42:02,2026-07-05 05:00:24
4464,PROD-04444,"TCL Smart TV 65"" 4K UHD",Pantalla grande con Dolby Vision Atmos y control por voz - Modelo 2023,823.64,50,DISCONTINUED,2025-02-03 17:41:22,2025-02-15 17:27:46
4465,PROD-04445,"LG Smart TV 50"" 4K Crystal",Pantalla UHD con procesador Crystal 4K y PurColor - Modelo 2024,514.08,61,ACTIVE,2026-01-17 16:47:45,2026-02-05 12:10:54
4466,PROD-04446,"Sony Smart TV 32"" HD LED",Televisor LED HD con Roku integrado y sonido Dolby Audio - Modelo 2025,227.93,0,ACTIVE,2026-03-28 13:20:19,2026-04-26 02:25:19
4467,PROD-04447,"Xiaomi Smart TV 40"" Full HD",Pantalla plana Full HD con puertos HDMI y USB multimedia - Modelo 2026,336.01,146,DISCONTINUED,2026-08-19 09:27:43,2026-09-25 05:06:22
4468,PROD-04448,"TCL Smart TV 55"" 4K QLED",Televisor QLED con tecnología Quantum Dot y diseño ultra fino - Modelo 2023,670.21,69,ACTIVE,2025-02-17 09:04:42,2025-03-22 05:05:11
4469,PROD-04449,"Sony Smart TV 85"" 8K Master",Pantalla premium de máxima resolución con inteligencia artificial - Modelo 2024,2651.95,132,INACTIVE,2025-03-26 03:52:17,2025-05-11 10:55:25
4470,PROD-04450,"Samsung Smart TV 32"" HD LED",Televisor LED HD con Roku integrado y sonido Dolby Audio - Modelo 2025,244.85,15,DISCONTINUED,2026-07-13 08:13:10,2026-07-27 17:49:06
4471,PROD-04451,"Philips Smart TV 50"" 4K Crystal",Pantalla UHD con procesador Crystal 4K y PurColor - Modelo 2026,527.23,134,ACTIVE,2026-02-16 04:12:03,2026-04-04 14:11:37
4472,PROD-04452,"TCL Smart TV 65"" 4K UHD",Pantalla grande con Dolby Vision Atmos y control por voz - Modelo 2023,883.52,150,INACTIVE,2025-10-09 08:05:30,2025-10-21 15:26:17
4473,PROD-04453,"Sony Smart TV 55"" 4K QLED",Televisor QLED con tecnología Quantum Dot y diseño ultra fino - Modelo 2024,648.79,63,ACTIVE,2026-03-02 06:09:14,2026-03-15 20:11:44
4474,PROD-04454,"TCL Smart TV 40"" Full HD",Pantalla plana Full HD con puertos HDMI y USB multimedia - Modelo 2025,312.3,66,ACTIVE,2025-03-29 06:58:29,2025-04-29 12:09:24
4475,PROD-04455,"Panasonic Smart TV 50"" 4K Crystal",Pantalla UHD con procesador Crystal 4K y PurColor - Modelo 2026,501.64,109,ACTIVE,2026-03-01 12:03:38,2026-04-08 05:46:52
4476,PROD-04456,"LG Smart TV 75"" 4K Frameless",Televisor sin bordes de gran formato con panel LED avanzado - Modelo 2023,1290.4,127,INACTIVE,2025-05-06 01:08:41,2025-05-27 22:56:54
4477,PROD-04457,"LG Smart TV 55"" 4K QLED",Televisor QLED con tecnología Quantum Dot y diseño ultra fino - Modelo 2024,675.04,102,DISCONTINUED,2026-07-25 00:24:19,2026-08-06 05:28:15
4478,PROD-04458,"Xiaomi Smart TV 55"" 4K QLED",Televisor QLED con tecnología Quantum Dot y diseño ultra fino - Modelo 2025,654.46,70,ACTIVE,2025-09-14 11:47:56,2025-10-20 12:15:30
4479,PROD-04459,"Hisense Smart TV 50"" 4K Crystal",Pantalla UHD con procesador Crystal 4K y PurColor - Modelo 2026,460.27,56,DISCONTINUED,2025-04-12 12:20:29,2025-05-09 17:21:39
4480,PROD-04460,"Hisense Smart TV 75"" 4K Frameless",Televisor sin bordes de gran formato con panel LED avanzado - Modelo 2023,1277.99,49,ACTIVE,2026-08-03 19:37:33,2026-09-01 03:16:30
4481,PROD-04461,"Panasonic Smart TV 40"" Full HD",Pantalla plana Full HD con puertos HDMI y USB multimedia - Modelo 2024,287.32,71,ACTIVE,2025-09-26 11:52:50,2025-10-14 06:59:40
4482,PROD-04462,"TCL Smart TV 32"" HD LED",Televisor LED HD con Roku integrado y sonido Dolby Audio - Modelo 2025,202.44,13,DISCONTINUED,2025-12-26 08:20:56,2026-01-20 14:54:56
4483,PROD-04463,"Philips Smart TV 50"" 4K Crystal",Pantalla UHD con procesador Crystal 4K y PurColor - Modelo 2026,537.47,94,ACTIVE,2026-05-07 00:50:44,2026-05-26 03:41:26
4484,PROD-04464,"Sony Smart TV 75"" 4K Frameless",Televisor sin bordes de gran formato con panel LED avanzado - Modelo 2023,1224.9,60,ACTIVE,2025-07-22 15:57:24,2025-08-30 02:16:20
4485,PROD-04465,"TCL Smart TV 65"" 4K UHD",Pantalla grande con Dolby Vision Atmos y control por voz - Modelo 2024,824.42,97,DISCONTINUED,2025-04-04 16:29:05,2025-04-16 09:25:31
4486,PROD-04466,"Samsung Smart TV 85"" 8K Master",Pantalla premium de máxima resolución con inteligencia artificial - Modelo 2025,2666.53,27,ACTIVE,2025-11-24 02:16:48,2026-01-09 02:09:42
4487,PROD-04467,"TCL Smart TV 40"" Full HD",Pantalla plana Full HD con puertos HDMI y USB multimedia - Modelo 2026,326.6,38,INACTIVE,2026-05-10 01:16:33,2026-05-30 08:26:14
4488,PROD-04468,"Xiaomi Smart TV 32"" HD LED",Televisor LED HD con Roku integrado y sonido Dolby Audio - Modelo 2023,248.59,146,DISCONTINUED,2026-05-16 16:12:41,2026-07-01 02:12:54
4489,PROD-04469,"Philips Smart TV 65"" 4K UHD",Pantalla grande con Dolby Vision Atmos y control por voz - Modelo 2024,784.16,107,ACTIVE,2025-09-02 07:50:41,2025-09-14 09:48:10
4490,PROD-04470,"Hisense Smart TV 75"" 4K Frameless",Televisor sin bordes de gran formato con panel LED avanzado - Modelo 2025,1346.99,39,ACTIVE,2026-03-17 04:13:37,2026-03-24 13:29:06
4491,PROD-04471,"Xiaomi Smart TV 65"" 4K UHD",Pantalla grande con Dolby Vision Atmos y control por voz - Modelo 2026,847.74,138,DISCONTINUED,2025-10-24 08:26:35,2025-11-15 08:26:56
4492,PROD-04472,"LG Smart TV 85"" 8K Master",Pantalla premium de máxima resolución con inteligencia artificial - Modelo 2023,2910.04,41,ACTIVE,2025-09-01 15:14:08,2025-09-10 17:40:07
4493,PROD-04473,"LG Smart TV 43"" 4K UHD",Televisor inteligente con HDR10+ y sistema operativo webOS - Modelo 2024,425.97,12,ACTIVE,2025-04-11 23:19:26,2025-05-25 18:08:00
4494,PROD-04474,"TCL Smart TV 55"" 4K QLED",Televisor QLED con tecnología Quantum Dot y diseño ultra fino - Modelo 2025,623.53,125,ACTIVE,2025-12-03 03:53:10,2026-01-03 03:51:22
4495,PROD-04475,"Hisense Smart TV 40"" Full HD",Pantalla plana Full HD con puertos HDMI y USB multimedia - Modelo 2026,339.1,73,DISCONTINUED,2026-05-18 00:56:07,2026-06-26 06:34:52
4496,PROD-04476,"TCL Smart TV 43"" 4K UHD",Televisor inteligente con HDR10+ y sistema operativo webOS - Modelo 2023,410.73,112,ACTIVE,2025-11-01 04:29:51,2025-12-01 13:29:36
4497,PROD-04477,"TCL Smart TV 75"" 4K Frameless",Televisor sin bordes de gran formato con panel LED avanzado - Modelo 2024,1177.79,132,ACTIVE,2026-04-19 03:19:48,2026-05-29 13:59:03
4498,PROD-04478,"Samsung Smart TV 50"" 4K Crystal",Pantalla UHD con procesador Crystal 4K y PurColor - Modelo 2025,459.25,69,ACTIVE,2025-12-28 08:49:15,2026-01-15 14:11:44
4499,PROD-04479,"Philips Smart TV 75"" 4K Frameless",Televisor sin bordes de gran formato con panel LED avanzado - Modelo 2026,1320.4,96,INACTIVE,2025-07-16 10:02:12,2025-08-04 19:50:38
4500,PROD-04480,"Samsung Smart TV 65"" 4K UHD",Pantalla grande con Dolby Vision Atmos y control por voz - Modelo 2023,850.37,124,ACTIVE,2025-10-29 00:07:14,2025-12-06 10:53:39
4501,PROD-04481,"Samsung Smart TV 32"" HD LED",Televisor LED HD con Roku integrado y sonido Dolby Audio - Modelo 2024,216.4,14,DISCONTINUED,2025-04-27 00:47:59,2025-05-29 22:48:01
4502,PROD-04482,"Philips Smart TV 85"" 8K Master",Pantalla premium de máxima resolución con inteligencia artificial - Modelo 2025,2850.19,55,DISCONTINUED,2025-06-13 23:04:18,2025-07-20 10:33:03
4503,PROD-04483,"Sony Smart TV 43"" 4K UHD",Televisor inteligente con HDR10+ y sistema operativo webOS - Modelo 2026,443.76,23,DISCONTINUED,2026-05-13 17:58:17,2026-06-03 15:16:58
4504,PROD-04484,"Sony Smart TV 50"" 4K Crystal",Pantalla UHD con procesador Crystal 4K y PurColor - Modelo 2023,507.86,63,INACTIVE,2026-04-05 22:13:29,2026-05-15 18:42:27
4505,PROD-04485,"LG Smart TV 43"" 4K UHD",Televisor inteligente con HDR10+ y sistema operativo webOS - Modelo 2024,453.07,116,INACTIVE,2025-02-11 03:58:48,2025-03-12 16:49:42
4506,PROD-04486,"Samsung Smart TV 50"" 4K Crystal",Pantalla UHD con procesador Crystal 4K y PurColor - Modelo 2025,433.26,37,ACTIVE,2025-01-07 22:04:05,2025-01-21 02:20:24
4507,PROD-04487,"Sony Smart TV 43"" 4K UHD",Televisor inteligente con HDR10+ y sistema operativo webOS - Modelo 2026,406.98,68,DISCONTINUED,2025-02-17 11:23:51,2025-03-23 15:45:49
4508,PROD-04488,"TCL Smart TV 43"" 4K UHD",Televisor inteligente con HDR10+ y sistema operativo webOS - Modelo 2023,373.16,139,INACTIVE,2025-10-10 05:46:22,2025-10-28 22:50:19
4509,PROD-04489,"Panasonic Smart TV 85"" 8K Master",Pantalla premium de máxima resolución con inteligencia artificial - Modelo 2024,2706.58,144,DISCONTINUED,2025-04-01 08:50:31,2025-05-03 22:39:54
4510,PROD-04490,"Samsung Smart TV 50"" 4K Crystal",Pantalla UHD con procesador Crystal 4K y PurColor - Modelo 2025,460.46,30,ACTIVE,2026-02-14 22:59:24,2026-03-14 22:22:22
4511,PROD-04491,"LG Smart TV 55"" 4K QLED",Televisor QLED con tecnología Quantum Dot y diseño ultra fino - Modelo 2026,585.02,75,ACTIVE,2026-01-24 05:36:13,2026-03-04 04:43:30
4512,PROD-04492,"Samsung Smart TV 75"" 4K Frameless",Televisor sin bordes de gran formato con panel LED avanzado - Modelo 2023,1258.31,51,INACTIVE,2025-03-04 17:42:21,2025-04-01 15:09:24
4513,PROD-04493,"TCL Smart TV 43"" 4K UHD",Televisor inteligente con HDR10+ y sistema operativo webOS - Modelo 2024,349.59,124,ACTIVE,2025-01-21 08:01:23,2025-02-26 05:44:24
4514,PROD-04494,"Hisense Smart TV 75"" 4K Frameless",Televisor sin bordes de gran formato con panel LED avanzado - Modelo 2025,1365.48,103,ACTIVE,2026-05-26 08:49:32,2026-06-18 18:47:20
4515,PROD-04495,"Hisense Smart TV 32"" HD LED",Televisor LED HD con Roku integrado y sonido Dolby Audio - Modelo 2026,221.14,106,ACTIVE,2025-09-02 03:32:11,2025-09-17 04:06:31
4516,PROD-04496,"Panasonic Smart TV 43"" 4K UHD",Televisor inteligente con HDR10+ y sistema operativo webOS - Modelo 2023,452.27,94,INACTIVE,2025-03-07 21:13:44,2025-04-23 03:43:19
4517,PROD-04497,"Xiaomi Smart TV 85"" 8K Master",Pantalla premium de máxima resolución con inteligencia artificial - Modelo 2024,2624.91,33,ACTIVE,2026-01-04 05:02:59,2026-02-17 17:49:17
4518,PROD-04498,"TCL Smart TV 75"" 4K Frameless",Televisor sin bordes de gran formato con panel LED avanzado - Modelo 2025,1141.41,138,DISCONTINUED,2025-01-01 01:27:47,2025-02-16 02:34:05
4519,PROD-04499,"TCL Smart TV 75"" 4K Frameless",Televisor sin bordes de gran formato con panel LED avanzado - Modelo 2026,1295.51,133,INACTIVE,2025-08-26 10:55:26,2025-09-25 00:57:46
4520,PROD-04500,"TCL Smart TV 43"" 4K UHD",Televisor inteligente con HDR10+ y sistema operativo webOS - Modelo 2023,446.73,98,INACTIVE,2025-04-09 16:45:02,2025-05-19 12:44:27
4521,PROD-04501,"Hisense Smart TV 40"" Full HD",Pantalla plana Full HD con puertos HDMI y USB multimedia - Modelo 2024,285.54,111,ACTIVE,2026-05-28 01:14:14,2026-06-06 13:33:27
4522,PROD-04502,"Hisense Smart TV 85"" 8K Master",Pantalla premium de máxima resolución con inteligencia artificial - Modelo 2025,2786.52,1,ACTIVE,2025-02-24 08:54:48,2025-03-18 11:00:47
4523,PROD-04503,"Samsung Smart TV 40"" Full HD",Pantalla plana Full HD con puertos HDMI y USB multimedia - Modelo 2026,309.8,147,ACTIVE,2025-10-24 02:48:47,2025-11-05 23:57:02
4524,PROD-04504,"Sony Smart TV 85"" 8K Master",Pantalla premium de máxima resolución con inteligencia artificial - Modelo 2023,2655.93,147,ACTIVE,2025-03-30 11:30:52,2025-04-18 05:36:43
4525,PROD-04505,"LG Smart TV 75"" 4K Frameless",Televisor sin bordes de gran formato con panel LED avanzado - Modelo 2024,1251.79,22,ACTIVE,2025-08-06 15:28:34,2025-08-30 18:56:22
4526,PROD-04506,"TCL Smart TV 32"" HD LED",Televisor LED HD con Roku integrado y sonido Dolby Audio - Modelo 2025,267.67,72,INACTIVE,2025-11-16 05:00:49,2025-11-25 22:03:12
4527,PROD-04507,"Samsung Smart TV 50"" 4K Crystal",Pantalla UHD con procesador Crystal 4K y PurColor - Modelo 2026,441.64,127,INACTIVE,2026-05-21 14:41:38,2026-06-19 09:44:20
4528,PROD-04508,"Hisense Smart TV 43"" 4K UHD",Televisor inteligente con HDR10+ y sistema operativo webOS - Modelo 2023,400.56,82,ACTIVE,2025-10-23 14:29:05,2025-11-20 11:25:26
4529,PROD-04509,"Xiaomi Smart TV 50"" 4K Crystal",Pantalla UHD con procesador Crystal 4K y PurColor - Modelo 2024,482.75,87,ACTIVE,2025-06-03 19:58:11,2025-07-01 15:31:38
4530,PROD-04510,"Philips Smart TV 75"" 4K Frameless",Televisor sin bordes de gran formato con panel LED avanzado - Modelo 2025,1241.21,53,DISCONTINUED,2025-08-20 12:14:20,2025-09-15 02:48:29
4531,PROD-04511,"Hisense Smart TV 75"" 4K Frameless",Televisor sin bordes de gran formato con panel LED avanzado - Modelo 2026,1147.65,131,DISCONTINUED,2025-05-21 03:54:56,2025-06-23 19:29:06
4532,PROD-04512,"Xiaomi Smart TV 65"" 4K UHD",Pantalla grande con Dolby Vision Atmos y control por voz - Modelo 2023,874.26,11,ACTIVE,2025-09-11 03:24:05,2025-10-14 12:36:00
4533,PROD-04513,"TCL Smart TV 43"" 4K UHD",Televisor inteligente con HDR10+ y sistema operativo webOS - Modelo 2024,399.09,51,INACTIVE,2025-04-13 04:23:47,2025-04-17 11:16:12
4534,PROD-04514,"TCL Smart TV 65"" 4K UHD",Pantalla grande con Dolby Vision Atmos y control por voz - Modelo 2025,796.02,114,INACTIVE,2025-07-09 03:34:59,2025-08-02 01:23:18
4535,PROD-04515,"Hisense Smart TV 55"" 4K QLED",Televisor QLED con tecnología Quantum Dot y diseño ultra fino - Modelo 2026,653.14,109,ACTIVE,2026-08-13 06:09:39,2026-09-15 00:15:28
4536,PROD-04516,"Philips Smart TV 85"" 8K Master",Pantalla premium de máxima resolución con inteligencia artificial - Modelo 2023,2567.51,100,DISCONTINUED,2025-02-01 11:27:53,2025-02-23 19:52:34
4537,PROD-04517,"Panasonic Smart TV 43"" 4K UHD",Televisor inteligente con HDR10+ y sistema operativo webOS - Modelo 2024,414.04,125,ACTIVE,2025-07-08 03:40:53,2025-08-19 00:27:21
4538,PROD-04518,"Samsung Smart TV 32"" HD LED",Televisor LED HD con Roku integrado y sonido Dolby Audio - Modelo 2025,223.38,4,ACTIVE,2025-10-03 19:18:10,2025-10-17 00:29:23
4539,PROD-04519,"Hisense Smart TV 32"" HD LED",Televisor LED HD con Roku integrado y sonido Dolby Audio - Modelo 2026,238.12,128,ACTIVE,2025-12-14 02:54:54,2026-02-01 09:01:06
4540,PROD-04520,"TCL Smart TV 43"" 4K UHD",Televisor inteligente con HDR10+ y sistema operativo webOS - Modelo 2023,475.25,32,ACTIVE,2025-08-06 05:02:41,2025-08-06 09:29:08
4541,PROD-04521,"TCL Smart TV 75"" 4K Frameless",Televisor sin bordes de gran formato con panel LED avanzado - Modelo 2024,1195.73,68,ACTIVE,2025-12-21 11:11:11,2025-12-23 07:54:31
4542,PROD-04522,"Philips Smart TV 40"" Full HD",Pantalla plana Full HD con puertos HDMI y USB multimedia - Modelo 2025,358.62,110,ACTIVE,2025-07-14 18:09:00,2025-08-22 20:12:52
4543,PROD-04523,"Samsung Smart TV 85"" 8K Master",Pantalla premium de máxima resolución con inteligencia artificial - Modelo 2026,2588.27,34,DISCONTINUED,2025-05-22 16:54:07,2025-07-07 17:13:05
4544,PROD-04524,"Xiaomi Smart TV 85"" 8K Master",Pantalla premium de máxima resolución con inteligencia artificial - Modelo 2023,2746.71,54,INACTIVE,2025-01-03 14:39:29,2025-01-31 01:05:49
4545,PROD-04525,"Sony Smart TV 32"" HD LED",Televisor LED HD con Roku integrado y sonido Dolby Audio - Modelo 2024,299.14,103,INACTIVE,2025-08-13 20:36:56,2025-08-21 20:35:13
4546,PROD-04526,"Panasonic Smart TV 85"" 8K Master",Pantalla premium de máxima resolución con inteligencia artificial - Modelo 2025,2736.11,33,ACTIVE,2025-05-19 13:14:17,2025-06-23 21:40:10
4547,PROD-04527,"TCL Smart TV 32"" HD LED",Televisor LED HD con Roku integrado y sonido Dolby Audio - Modelo 2026,242.57,82,INACTIVE,2026-08-14 13:20:42,2026-09-28 23:11:46
4548,PROD-04528,"Sony Smart TV 85"" 8K Master",Pantalla premium de máxima resolución con inteligencia artificial - Modelo 2023,2625.44,32,DISCONTINUED,2025-04-01 04:07:47,2025-04-07 14:01:01
4549,PROD-04529,"TCL Smart TV 50"" 4K Crystal",Pantalla UHD con procesador Crystal 4K y PurColor - Modelo 2024,505.5,127,ACTIVE,2026-04-06 07:32:21,2026-04-30 12:49:11
4550,PROD-04530,"Hisense Smart TV 55"" 4K QLED",Televisor QLED con tecnología Quantum Dot y diseño ultra fino - Modelo 2025,645.43,7,ACTIVE,2025-10-20 04:13:23,2025-12-09 01:14:55
4551,PROD-04531,"LG Smart TV 40"" Full HD",Pantalla plana Full HD con puertos HDMI y USB multimedia - Modelo 2026,295.38,80,ACTIVE,2025-07-08 17:08:11,2025-08-26 20:30:05
4552,PROD-04532,"Sony Smart TV 75"" 4K Frameless",Televisor sin bordes de gran formato con panel LED avanzado - Modelo 2023,1233.85,21,INACTIVE,2026-05-30 17:44:04,2026-07-13 04:37:40
4553,PROD-04533,"LG Smart TV 43"" 4K UHD",Televisor inteligente con HDR10+ y sistema operativo webOS - Modelo 2024,451.23,66,ACTIVE,2025-06-26 08:29:23,2025-07-27 19:49:15
4554,PROD-04534,"TCL Smart TV 85"" 8K Master",Pantalla premium de máxima resolución con inteligencia artificial - Modelo 2025,2796.95,143,ACTIVE,2026-04-18 16:25:59,2026-04-21 20:42:49
4555,PROD-04535,"Panasonic Smart TV 65"" 4K UHD",Pantalla grande con Dolby Vision Atmos y control por voz - Modelo 2026,816.18,61,ACTIVE,2026-08-24 22:20:08,2026-09-26 00:44:13
4556,PROD-04536,"Hisense Smart TV 65"" 4K UHD",Pantalla grande con Dolby Vision Atmos y control por voz - Modelo 2023,949.88,141,ACTIVE,2025-12-24 01:36:08,2026-01-17 07:27:16
4557,PROD-04537,"TCL Smart TV 32"" HD LED",Televisor LED HD con Roku integrado y sonido Dolby Audio - Modelo 2024,259.55,92,ACTIVE,2026-07-27 07:14:00,2026-08-10 06:59:25
4558,PROD-04538,"Panasonic Smart TV 32"" HD LED",Televisor LED HD con Roku integrado y sonido Dolby Audio - Modelo 2025,302.37,83,INACTIVE,2026-06-10 00:58:27,2026-06-27 06:44:10
4559,PROD-04539,"Samsung Smart TV 55"" 4K QLED",Televisor QLED con tecnología Quantum Dot y diseño ultra fino - Modelo 2026,673.09,112,ACTIVE,2025-12-27 23:20:14,2026-01-01 20:46:23
4560,PROD-04540,"Panasonic Smart TV 43"" 4K UHD",Televisor inteligente con HDR10+ y sistema operativo webOS - Modelo 2023,384.55,10,ACTIVE,2025-06-25 02:42:21,2025-07-29 02:35:59
4561,PROD-04541,"Hisense Smart TV 43"" 4K UHD",Televisor inteligente con HDR10+ y sistema operativo webOS - Modelo 2024,381.14,88,ACTIVE,2026-01-20 13:45:14,2026-02-18 10:28:52
4562,PROD-04542,"Xiaomi Smart TV 55"" 4K QLED",Televisor QLED con tecnología Quantum Dot y diseño ultra fino - Modelo 2025,682.81,132,DISCONTINUED,2025-06-25 05:01:33,2025-07-12 17:30:48
4563,PROD-04543,"Samsung Smart TV 32"" HD LED",Televisor LED HD con Roku integrado y sonido Dolby Audio - Modelo 2026,272.16,74,INACTIVE,2025-11-17 00:21:06,2025-12-09 19:30:09
4564,PROD-04544,"LG Smart TV 43"" 4K UHD",Televisor inteligente con HDR10+ y sistema operativo webOS - Modelo 2023,365.98,14,DISCONTINUED,2025-02-10 19:29:13,2025-03-09 06:52:18
4565,PROD-04545,"Panasonic Smart TV 55"" 4K QLED",Televisor QLED con tecnología Quantum Dot y diseño ultra fino - Modelo 2024,728.03,109,ACTIVE,2025-01-25 08:45:20,2025-02-01 09:19:01
4566,PROD-04546,"Hisense Smart TV 50"" 4K Crystal",Pantalla UHD con procesador Crystal 4K y PurColor - Modelo 2025,504.22,117,DISCONTINUED,2025-08-01 19:01:32,2025-09-07 02:54:00
4567,PROD-04547,"Hisense Smart TV 85"" 8K Master",Pantalla premium de máxima resolución con inteligencia artificial - Modelo 2026,2820.64,122,INACTIVE,2026-07-14 11:20:46,2026-08-11 17:09:25
4568,PROD-04548,"Xiaomi Smart TV 50"" 4K Crystal",Pantalla UHD con procesador Crystal 4K y PurColor - Modelo 2023,488.77,22,DISCONTINUED,2025-03-09 15:15:04,2025-03-15 13:45:48
4569,PROD-04549,"Hisense Smart TV 55"" 4K QLED",Televisor QLED con tecnología Quantum Dot y diseño ultra fino - Modelo 2024,589.68,63,ACTIVE,2025-06-26 23:03:14,2025-07-30 19:32:26
4570,PROD-04550,"Samsung Smart TV 55"" 4K QLED",Televisor QLED con tecnología Quantum Dot y diseño ultra fino - Modelo 2025,663.04,67,ACTIVE,2025-03-20 04:03:01,2025-04-14 16:01:34
4571,PROD-04551,"Philips Smart TV 65"" 4K UHD",Pantalla grande con Dolby Vision Atmos y control por voz - Modelo 2026,898.5,1,ACTIVE,2025-05-06 11:46:41,2025-05-22 09:12:46
4572,PROD-04552,"Philips Smart TV 40"" Full HD",Pantalla plana Full HD con puertos HDMI y USB multimedia - Modelo 2023,321.7,107,DISCONTINUED,2026-07-11 15:05:55,2026-08-31 04:28:42
4573,PROD-04553,"Xiaomi Smart TV 75"" 4K Frameless",Televisor sin bordes de gran formato con panel LED avanzado - Modelo 2024,1136.25,56,ACTIVE,2026-04-06 01:50:05,2026-04-11 04:53:17
4574,PROD-04554,"Samsung Smart TV 43"" 4K UHD",Televisor inteligente con HDR10+ y sistema operativo webOS - Modelo 2025,372.88,103,ACTIVE,2025-11-30 05:31:46,2025-12-09 09:00:54
4575,PROD-04555,"Panasonic Smart TV 43"" 4K UHD",Televisor inteligente con HDR10+ y sistema operativo webOS - Modelo 2026,357.35,117,DISCONTINUED,2025-01-19 01:21:19,2025-03-07 02:50:45
4576,PROD-04556,"TCL Smart TV 32"" HD LED",Televisor LED HD con Roku integrado y sonido Dolby Audio - Modelo 2023,208.57,21,DISCONTINUED,2025-08-23 15:38:01,2025-09-03 19:43:54
4577,PROD-04557,"Xiaomi Smart TV 43"" 4K UHD",Televisor inteligente con HDR10+ y sistema operativo webOS - Modelo 2024,468.99,38,DISCONTINUED,2025-07-22 16:57:44,2025-09-06 20:12:58
4578,PROD-04558,"TCL Smart TV 85"" 8K Master",Pantalla premium de máxima resolución con inteligencia artificial - Modelo 2025,2771.57,142,DISCONTINUED,2025-07-04 02:51:17,2025-07-10 06:38:34
4579,PROD-04559,"Philips Smart TV 55"" 4K QLED",Televisor QLED con tecnología Quantum Dot y diseño ultra fino - Modelo 2026,666.38,2,ACTIVE,2025-12-05 07:30:15,2025-12-15 11:18:12
4580,PROD-04560,"Philips Smart TV 50"" 4K Crystal",Pantalla UHD con procesador Crystal 4K y PurColor - Modelo 2023,518.42,22,ACTIVE,2025-04-04 02:01:05,2025-05-12 13:58:17
4581,PROD-04561,"Xiaomi Smart TV 55"" 4K QLED",Televisor QLED con tecnología Quantum Dot y diseño ultra fino - Modelo 2024,694.73,108,DISCONTINUED,2025-06-09 21:10:02,2025-07-28 20:11:01
4582,PROD-04562,"Xiaomi Smart TV 65"" 4K UHD",Pantalla grande con Dolby Vision Atmos y control por voz - Modelo 2025,811.1,38,ACTIVE,2026-05-30 07:58:22,2026-06-05 22:40:25
4583,PROD-04563,"Philips Smart TV 50"" 4K Crystal",Pantalla UHD con procesador Crystal 4K y PurColor - Modelo 2026,478.09,81,DISCONTINUED,2026-07-12 12:15:01,2026-08-05 10:50:25
4584,PROD-04564,"TCL Smart TV 75"" 4K Frameless",Televisor sin bordes de gran formato con panel LED avanzado - Modelo 2023,1212.88,142,ACTIVE,2025-11-25 07:17:38,2026-01-10 21:23:27
4585,PROD-04565,"LG Smart TV 43"" 4K UHD",Televisor inteligente con HDR10+ y sistema operativo webOS - Modelo 2024,372.96,137,DISCONTINUED,2025-01-16 04:17:17,2025-02-22 02:03:27
4586,PROD-04566,"Philips Smart TV 85"" 8K Master",Pantalla premium de máxima resolución con inteligencia artificial - Modelo 2025,2871.54,26,ACTIVE,2026-01-15 07:55:36,2026-02-07 16:31:52
4587,PROD-04567,"Xiaomi Smart TV 55"" 4K QLED",Televisor QLED con tecnología Quantum Dot y diseño ultra fino - Modelo 2026,635.33,114,INACTIVE,2025-05-11 10:43:04,2025-05-25 19:24:00
4588,PROD-04568,"Hisense Smart TV 55"" 4K QLED",Televisor QLED con tecnología Quantum Dot y diseño ultra fino - Modelo 2023,668.03,23,INACTIVE,2025-11-15 17:24:54,2026-01-04 05:57:24
4589,PROD-04569,"Samsung Smart TV 40"" Full HD",Pantalla plana Full HD con puertos HDMI y USB multimedia - Modelo 2024,282.26,22,DISCONTINUED,2025-09-18 14:35:27,2025-10-03 21:44:23
4590,PROD-04570,"Hisense Smart TV 40"" Full HD",Pantalla plana Full HD con puertos HDMI y USB multimedia - Modelo 2025,339.62,113,DISCONTINUED,2025-02-01 07:07:47,2025-03-20 06:32:29
4591,PROD-04571,"TCL Smart TV 32"" HD LED",Televisor LED HD con Roku integrado y sonido Dolby Audio - Modelo 2026,282.82,120,ACTIVE,2026-05-08 22:23:46,2026-05-10 05:18:14
4592,PROD-04572,"LG Smart TV 32"" HD LED",Televisor LED HD con Roku integrado y sonido Dolby Audio - Modelo 2023,212.58,140,DISCONTINUED,2025-07-29 05:11:16,2025-08-14 11:35:28
4593,PROD-04573,"LG Smart TV 32"" HD LED",Televisor LED HD con Roku integrado y sonido Dolby Audio - Modelo 2024,227.08,129,ACTIVE,2026-08-01 18:02:18,2026-09-03 05:18:24
4594,PROD-04574,"Panasonic Smart TV 85"" 8K Master",Pantalla premium de máxima resolución con inteligencia artificial - Modelo 2025,2988.98,1,ACTIVE,2026-03-31 04:10:03,2026-04-24 12:44:36
4595,PROD-04575,"Sony Smart TV 55"" 4K QLED",Televisor QLED con tecnología Quantum Dot y diseño ultra fino - Modelo 2026,692.21,127,ACTIVE,2025-12-01 18:50:32,2026-01-20 06:42:16
4596,PROD-04576,"Xiaomi Smart TV 75"" 4K Frameless",Televisor sin bordes de gran formato con panel LED avanzado - Modelo 2023,1263.58,63,DISCONTINUED,2026-06-21 13:41:32,2026-08-06 18:36:42
4597,PROD-04577,"Sony Smart TV 32"" HD LED",Televisor LED HD con Roku integrado y sonido Dolby Audio - Modelo 2024,200.23,40,ACTIVE,2025-09-06 09:19:50,2025-09-19 06:02:54
4598,PROD-04578,"LG Smart TV 32"" HD LED",Televisor LED HD con Roku integrado y sonido Dolby Audio - Modelo 2025,248.99,76,ACTIVE,2026-02-15 09:58:37,2026-02-28 12:38:38
4599,PROD-04579,"Hisense Smart TV 85"" 8K Master",Pantalla premium de máxima resolución con inteligencia artificial - Modelo 2026,2826.13,75,ACTIVE,2025-11-28 11:14:50,2025-12-09 02:13:14
4600,PROD-04580,"LG Smart TV 85"" 8K Master",Pantalla premium de máxima resolución con inteligencia artificial - Modelo 2023,2888.37,58,DISCONTINUED,2025-08-01 14:44:04,2025-08-07 21:30:25
4601,PROD-04581,"LG Smart TV 40"" Full HD",Pantalla plana Full HD con puertos HDMI y USB multimedia - Modelo 2024,329.16,73,ACTIVE,2026-04-02 10:15:45,2026-05-04 04:24:40
4602,PROD-04582,"Philips Smart TV 50"" 4K Crystal",Pantalla UHD con procesador Crystal 4K y PurColor - Modelo 2025,471.29,7,ACTIVE,2026-03-31 20:11:34,2026-04-26 19:01:17
4603,PROD-04583,"Samsung Smart TV 43"" 4K UHD",Televisor inteligente con HDR10+ y sistema operativo webOS - Modelo 2026,398.18,112,INACTIVE,2025-09-27 12:09:58,2025-10-01 13:15:28
4604,PROD-04584,"Philips Smart TV 43"" 4K UHD",Televisor inteligente con HDR10+ y sistema operativo webOS - Modelo 2023,444.86,81,ACTIVE,2025-01-26 10:33:38,2025-02-21 22:57:52
4605,PROD-04585,"LG Smart TV 65"" 4K UHD",Pantalla grande con Dolby Vision Atmos y control por voz - Modelo 2024,901.91,38,ACTIVE,2025-05-26 12:37:45,2025-07-06 09:42:55
4606,PROD-04586,"LG Smart TV 55"" 4K QLED",Televisor QLED con tecnología Quantum Dot y diseño ultra fino - Modelo 2025,680.5,32,ACTIVE,2026-07-08 02:38:43,2026-07-20 20:37:51
4607,PROD-04587,"Panasonic Smart TV 50"" 4K Crystal",Pantalla UHD con procesador Crystal 4K y PurColor - Modelo 2026,489.89,59,ACTIVE,2026-05-22 04:56:16,2026-07-08 13:34:23
4608,PROD-04588,"Philips Smart TV 85"" 8K Master",Pantalla premium de máxima resolución con inteligencia artificial - Modelo 2023,2575.83,72,ACTIVE,2026-07-06 17:45:45,2026-08-14 21:58:17
4609,PROD-04589,"Sony Smart TV 55"" 4K QLED",Televisor QLED con tecnología Quantum Dot y diseño ultra fino - Modelo 2024,662.03,142,ACTIVE,2026-06-07 14:42:52,2026-06-12 19:16:18
4610,PROD-04590,"Xiaomi Smart TV 65"" 4K UHD",Pantalla grande con Dolby Vision Atmos y control por voz - Modelo 2025,883.34,18,DISCONTINUED,2025-11-06 18:20:54,2025-12-09 20:07:13
4611,PROD-04591,"Hisense Smart TV 40"" Full HD",Pantalla plana Full HD con puertos HDMI y USB multimedia - Modelo 2026,354.34,150,ACTIVE,2025-01-12 18:12:27,2025-02-07 19:18:00
4612,PROD-04592,"Panasonic Smart TV 43"" 4K UHD",Televisor inteligente con HDR10+ y sistema operativo webOS - Modelo 2023,442.94,100,ACTIVE,2026-05-29 17:27:33,2026-07-08 21:38:02
4613,PROD-04593,"TCL Smart TV 65"" 4K UHD",Pantalla grande con Dolby Vision Atmos y control por voz - Modelo 2024,922.47,14,ACTIVE,2025-06-23 22:18:53,2025-07-20 11:21:19
4614,PROD-04594,"Hisense Smart TV 50"" 4K Crystal",Pantalla UHD con procesador Crystal 4K y PurColor - Modelo 2025,549.69,150,ACTIVE,2025-01-12 20:06:00,2025-02-15 19:24:50
4615,PROD-04595,"TCL Smart TV 32"" HD LED",Televisor LED HD con Roku integrado y sonido Dolby Audio - Modelo 2026,229.76,146,INACTIVE,2026-08-04 02:45:05,2026-08-09 11:20:22
4616,PROD-04596,"Panasonic Smart TV 85"" 8K Master",Pantalla premium de máxima resolución con inteligencia artificial - Modelo 2023,2629.45,27,INACTIVE,2025-10-17 13:55:34,2025-10-21 13:22:26
4617,PROD-04597,"Samsung Smart TV 65"" 4K UHD",Pantalla grande con Dolby Vision Atmos y control por voz - Modelo 2024,798.05,18,ACTIVE,2025-06-11 08:38:14,2025-06-25 02:46:20
4618,PROD-04598,"Xiaomi Smart TV 40"" Full HD",Pantalla plana Full HD con puertos HDMI y USB multimedia - Modelo 2025,276.07,127,INACTIVE,2026-06-28 18:34:40,2026-08-01 07:27:50
4619,PROD-04599,"Hisense Smart TV 75"" 4K Frameless",Televisor sin bordes de gran formato con panel LED avanzado - Modelo 2026,1279.74,140,ACTIVE,2026-03-06 08:34:10,2026-04-15 00:15:14
4620,PROD-04600,"Xiaomi Smart TV 43"" 4K UHD",Televisor inteligente con HDR10+ y sistema operativo webOS - Modelo 2023,417.43,42,ACTIVE,2025-04-14 08:34:17,2025-05-13 09:39:49
4621,PROD-04601,"Philips Smart TV 40"" Full HD",Pantalla plana Full HD con puertos HDMI y USB multimedia - Modelo 2024,345.23,142,ACTIVE,2026-03-28 23:30:02,2026-04-24 11:20:32
4622,PROD-04602,"Philips Smart TV 43"" 4K UHD",Televisor inteligente con HDR10+ y sistema operativo webOS - Modelo 2025,395.19,123,INACTIVE,2025-05-07 09:29:34,2025-05-31 05:29:30
4623,PROD-04603,"Xiaomi Smart TV 75"" 4K Frameless",Televisor sin bordes de gran formato con panel LED avanzado - Modelo 2026,1285.97,63,ACTIVE,2026-06-13 19:14:35,2026-07-04 15:00:39
4624,PROD-04604,"TCL Smart TV 40"" Full HD",Pantalla plana Full HD con puertos HDMI y USB multimedia - Modelo 2023,289.4,83,DISCONTINUED,2025-01-15 02:12:09,2025-01-17 10:35:57
4625,PROD-04605,"Philips Smart TV 32"" HD LED",Televisor LED HD con Roku integrado y sonido Dolby Audio - Modelo 2024,250.89,119,ACTIVE,2026-02-13 21:51:56,2026-03-29 18:39:21
4626,PROD-04606,"Panasonic Smart TV 65"" 4K UHD",Pantalla grande con Dolby Vision Atmos y control por voz - Modelo 2025,899.63,39,ACTIVE,2026-04-18 17:56:24,2026-06-05 07:33:24
4627,PROD-04607,"Sony Smart TV 75"" 4K Frameless",Televisor sin bordes de gran formato con panel LED avanzado - Modelo 2026,1345.64,59,ACTIVE,2025-09-30 09:24:04,2025-10-11 18:09:21
4628,PROD-04608,"Philips Smart TV 85"" 8K Master",Pantalla premium de máxima resolución con inteligencia artificial - Modelo 2023,2962.36,111,DISCONTINUED,2025-09-07 15:09:44,2025-09-20 05:53:46
4629,PROD-04609,"Samsung Smart TV 65"" 4K UHD",Pantalla grande con Dolby Vision Atmos y control por voz - Modelo 2024,844.95,29,INACTIVE,2026-02-05 05:08:51,2026-02-14 22:41:24
4630,PROD-04610,"Panasonic Smart TV 32"" HD LED",Televisor LED HD con Roku integrado y sonido Dolby Audio - Modelo 2025,272.5,90,ACTIVE,2025-05-07 06:54:07,2025-06-23 18:21:18
4631,PROD-04611,"TCL Smart TV 65"" 4K UHD",Pantalla grande con Dolby Vision Atmos y control por voz - Modelo 2026,928.93,73,DISCONTINUED,2026-03-19 23:02:08,2026-04-14 04:57:17
4632,PROD-04612,"Samsung Smart TV 32"" HD LED",Televisor LED HD con Roku integrado y sonido Dolby Audio - Modelo 2023,271.29,19,ACTIVE,2025-08-30 12:30:12,2025-09-05 23:40:03
4633,PROD-04613,"Samsung Smart TV 75"" 4K Frameless",Televisor sin bordes de gran formato con panel LED avanzado - Modelo 2024,1204.07,51,INACTIVE,2025-02-04 01:25:17,2025-03-06 17:02:39
4634,PROD-04614,"Xiaomi Smart TV 55"" 4K QLED",Televisor QLED con tecnología Quantum Dot y diseño ultra fino - Modelo 2025,682.56,130,ACTIVE,2026-02-18 22:44:48,2026-03-27 14:13:25
4635,PROD-04615,"Philips Smart TV 32"" HD LED",Televisor LED HD con Roku integrado y sonido Dolby Audio - Modelo 2026,276.52,38,ACTIVE,2026-04-03 08:25:13,2026-04-13 04:59:05
4636,PROD-04616,"LG Smart TV 85"" 8K Master",Pantalla premium de máxima resolución con inteligencia artificial - Modelo 2023,2934.01,97,ACTIVE,2026-03-16 03:16:44,2026-04-04 03:08:54
4637,PROD-04617,"Xiaomi Smart TV 40"" Full HD",Pantalla plana Full HD con puertos HDMI y USB multimedia - Modelo 2024,295.4,119,INACTIVE,2026-02-12 09:39:24,2026-03-12 03:59:35
4638,PROD-04618,"LG Smart TV 55"" 4K QLED",Televisor QLED con tecnología Quantum Dot y diseño ultra fino - Modelo 2025,667.53,88,ACTIVE,2026-01-03 06:39:50,2026-01-22 19:38:48
4639,PROD-04619,"Xiaomi Smart TV 55"" 4K QLED",Televisor QLED con tecnología Quantum Dot y diseño ultra fino - Modelo 2026,646.16,76,DISCONTINUED,2026-04-07 21:26:06,2026-05-25 10:38:02
4640,PROD-04620,"Xiaomi Smart TV 65"" 4K UHD",Pantalla grande con Dolby Vision Atmos y control por voz - Modelo 2023,870.5,125,ACTIVE,2026-07-02 13:20:09,2026-08-10 12:32:46
4641,PROD-04621,"Panasonic Smart TV 75"" 4K Frameless",Televisor sin bordes de gran formato con panel LED avanzado - Modelo 2024,1216.62,98,DISCONTINUED,2026-03-06 11:38:52,2026-04-03 19:28:50
4642,PROD-04622,"Samsung Smart TV 50"" 4K Crystal",Pantalla UHD con procesador Crystal 4K y PurColor - Modelo 2025,535.72,8,ACTIVE,2025-02-28 22:51:49,2025-04-08 04:58:02
4643,PROD-04623,"Hisense Smart TV 85"" 8K Master",Pantalla premium de máxima resolución con inteligencia artificial - Modelo 2026,2872.38,77,ACTIVE,2025-01-12 13:27:53,2025-01-20 08:30:22
4644,PROD-04624,"Samsung Smart TV 65"" 4K UHD",Pantalla grande con Dolby Vision Atmos y control por voz - Modelo 2023,857.47,139,ACTIVE,2026-04-09 07:38:14,2026-04-27 16:12:43
4645,PROD-04625,"Philips Smart TV 50"" 4K Crystal",Pantalla UHD con procesador Crystal 4K y PurColor - Modelo 2024,464.32,64,INACTIVE,2025-05-21 05:34:06,2025-06-07 23:11:48
4646,PROD-04626,"Hisense Smart TV 43"" 4K UHD",Televisor inteligente con HDR10+ y sistema operativo webOS - Modelo 2025,475.92,136,ACTIVE,2026-07-04 14:58:13,2026-08-05 15:21:42
4647,PROD-04627,"Panasonic Smart TV 40"" Full HD",Pantalla plana Full HD con puertos HDMI y USB multimedia - Modelo 2026,332.76,59,ACTIVE,2025-12-26 11:10:23,2026-02-07 14:12:56
4648,PROD-04628,"Panasonic Smart TV 32"" HD LED",Televisor LED HD con Roku integrado y sonido Dolby Audio - Modelo 2023,316.35,83,ACTIVE,2026-06-28 02:09:41,2026-07-23 17:41:47
4649,PROD-04629,"LG Smart TV 43"" 4K UHD",Televisor inteligente con HDR10+ y sistema operativo webOS - Modelo 2024,408.13,113,DISCONTINUED,2025-11-15 03:41:26,2025-11-17 18:26:37
4650,PROD-04630,"LG Smart TV 50"" 4K Crystal",Pantalla UHD con procesador Crystal 4K y PurColor - Modelo 2025,494.52,63,ACTIVE,2026-08-22 23:42:22,2026-08-26 01:03:51
4651,PROD-04631,"Philips Smart TV 40"" Full HD",Pantalla plana Full HD con puertos HDMI y USB multimedia - Modelo 2026,298.3,119,ACTIVE,2025-10-11 20:33:58,2025-11-28 23:00:27
4652,PROD-04632,"Samsung Smart TV 50"" 4K Crystal",Pantalla UHD con procesador Crystal 4K y PurColor - Modelo 2023,453.32,73,ACTIVE,2026-03-02 02:34:38,2026-03-29 07:26:56
4653,PROD-04633,"Philips Smart TV 32"" HD LED",Televisor LED HD con Roku integrado y sonido Dolby Audio - Modelo 2024,267.25,64,ACTIVE,2025-11-21 01:13:24,2025-12-18 05:55:54
4654,PROD-04634,"TCL Smart TV 50"" 4K Crystal",Pantalla UHD con procesador Crystal 4K y PurColor - Modelo 2025,482.83,24,ACTIVE,2026-07-27 19:47:47,2026-08-05 14:03:16
4655,PROD-04635,"LG Smart TV 55"" 4K QLED",Televisor QLED con tecnología Quantum Dot y diseño ultra fino - Modelo 2026,722.46,119,INACTIVE,2026-07-10 02:41:51,2026-07-22 19:43:55
4656,PROD-04636,"Sony Smart TV 85"" 8K Master",Pantalla premium de máxima resolución con inteligencia artificial - Modelo 2023,2618.04,59,DISCONTINUED,2025-09-10 11:53:35,2025-09-12 14:33:50
4657,PROD-04637,"Sony Smart TV 85"" 8K Master",Pantalla premium de máxima resolución con inteligencia artificial - Modelo 2024,2816.28,18,ACTIVE,2025-08-02 20:38:07,2025-09-12 00:04:37
4658,PROD-04638,"LG Smart TV 85"" 8K Master",Pantalla premium de máxima resolución con inteligencia artificial - Modelo 2025,2578.02,35,INACTIVE,2026-08-06 18:40:50,2026-09-14 19:51:02
4659,PROD-04639,"TCL Smart TV 40"" Full HD",Pantalla plana Full HD con puertos HDMI y USB multimedia - Modelo 2026,366.81,81,ACTIVE,2026-03-17 15:33:18,2026-04-22 09:32:45
4660,PROD-04640,"Xiaomi Smart TV 55"" 4K QLED",Televisor QLED con tecnología Quantum Dot y diseño ultra fino - Modelo 2023,609.26,103,ACTIVE,2025-10-28 14:10:12,2025-11-09 15:32:29
4661,PROD-04641,"Xiaomi Smart TV 65"" 4K UHD",Pantalla grande con Dolby Vision Atmos y control por voz - Modelo 2024,772.2,106,INACTIVE,2025-12-15 20:34:12,2026-02-04 17:08:01
4662,PROD-04642,"Panasonic Smart TV 43"" 4K UHD",Televisor inteligente con HDR10+ y sistema operativo webOS - Modelo 2025,413.06,121,DISCONTINUED,2025-06-18 05:43:17,2025-07-08 01:51:40
4663,PROD-04643,"Hisense Smart TV 43"" 4K UHD",Televisor inteligente con HDR10+ y sistema operativo webOS - Modelo 2026,363.53,15,DISCONTINUED,2025-12-08 13:06:08,2026-01-15 06:20:18
4664,PROD-04644,"Samsung Smart TV 40"" Full HD",Pantalla plana Full HD con puertos HDMI y USB multimedia - Modelo 2023,268.33,37,DISCONTINUED,2025-08-30 10:54:04,2025-09-01 06:46:09
4665,PROD-04645,"LG Smart TV 40"" Full HD",Pantalla plana Full HD con puertos HDMI y USB multimedia - Modelo 2024,341.22,9,INACTIVE,2025-09-20 08:21:01,2025-10-27 02:43:27
4666,PROD-04646,"LG Smart TV 55"" 4K QLED",Televisor QLED con tecnología Quantum Dot y diseño ultra fino - Modelo 2025,674.03,32,INACTIVE,2025-04-19 05:06:06,2025-05-18 21:03:41
4667,PROD-04647,"LG Smart TV 85"" 8K Master",Pantalla premium de máxima resolución con inteligencia artificial - Modelo 2026,2828.83,11,ACTIVE,2025-08-18 23:58:43,2025-09-09 23:01:22
4668,PROD-04648,"Hisense Smart TV 55"" 4K QLED",Televisor QLED con tecnología Quantum Dot y diseño ultra fino - Modelo 2023,693.78,136,ACTIVE,2025-04-07 14:29:38,2025-04-28 13:42:47
4669,PROD-04649,"Sony Smart TV 32"" HD LED",Televisor LED HD con Roku integrado y sonido Dolby Audio - Modelo 2024,240.74,19,ACTIVE,2026-01-03 12:12:00,2026-01-04 00:59:20
4670,PROD-04650,"Philips Smart TV 40"" Full HD",Pantalla plana Full HD con puertos HDMI y USB multimedia - Modelo 2025,326.61,92,ACTIVE,2025-01-17 21:47:31,2025-01-30 08:55:06
4671,PROD-04651,"LG Smart TV 32"" HD LED",Televisor LED HD con Roku integrado y sonido Dolby Audio - Modelo 2026,265.38,64,ACTIVE,2025-02-05 13:04:09,2025-03-18 06:58:41
4672,PROD-04652,"TCL Smart TV 55"" 4K QLED",Televisor QLED con tecnología Quantum Dot y diseño ultra fino - Modelo 2023,706.56,124,INACTIVE,2025-12-13 16:06:32,2025-12-18 09:15:29
4673,PROD-04653,"Sony Smart TV 32"" HD LED",Televisor LED HD con Roku integrado y sonido Dolby Audio - Modelo 2024,260.77,42,DISCONTINUED,2025-04-21 16:11:22,2025-05-02 07:46:52
4674,PROD-04654,"Philips Smart TV 55"" 4K QLED",Televisor QLED con tecnología Quantum Dot y diseño ultra fino - Modelo 2025,679.62,126,ACTIVE,2025-11-20 10:21:26,2025-11-26 01:18:51
4675,PROD-04655,"Samsung Smart TV 32"" HD LED",Televisor LED HD con Roku integrado y sonido Dolby Audio - Modelo 2026,228.4,107,ACTIVE,2025-04-20 14:08:21,2025-05-04 20:29:44
4676,PROD-04656,"Samsung Smart TV 50"" 4K Crystal",Pantalla UHD con procesador Crystal 4K y PurColor - Modelo 2023,482.56,104,INACTIVE,2025-12-30 05:28:34,2026-02-13 21:50:17
4677,PROD-04657,"LG Smart TV 40"" Full HD",Pantalla plana Full HD con puertos HDMI y USB multimedia - Modelo 2024,278.88,6,ACTIVE,2025-09-05 07:38:36,2025-10-23 16:30:04
4678,PROD-04658,"Philips Smart TV 50"" 4K Crystal",Pantalla UHD con procesador Crystal 4K y PurColor - Modelo 2025,503.53,118,INACTIVE,2025-06-26 14:01:18,2025-08-11 23:05:16
4679,PROD-04659,"Samsung Smart TV 50"" 4K Crystal",Pantalla UHD con procesador Crystal 4K y PurColor - Modelo 2026,495.41,71,ACTIVE,2025-05-21 11:35:12,2025-05-25 17:13:50
4680,PROD-04660,"Xiaomi Smart TV 40"" Full HD",Pantalla plana Full HD con puertos HDMI y USB multimedia - Modelo 2023,329.7,19,ACTIVE,2026-06-12 01:57:25,2026-07-02 19:53:05
4681,PROD-04661,"Xiaomi Smart TV 50"" 4K Crystal",Pantalla UHD con procesador Crystal 4K y PurColor - Modelo 2024,449.87,2,INACTIVE,2025-06-07 07:37:55,2025-07-26 10:51:59
4682,PROD-04662,"Hisense Smart TV 85"" 8K Master",Pantalla premium de máxima resolución con inteligencia artificial - Modelo 2025,2674.98,39,ACTIVE,2025-06-06 15:51:35,2025-07-03 21:15:44
4683,PROD-04663,"Philips Smart TV 75"" 4K Frameless",Televisor sin bordes de gran formato con panel LED avanzado - Modelo 2026,1383.07,136,ACTIVE,2026-02-19 16:31:36,2026-03-09 17:21:40
4684,PROD-04664,"Sony Smart TV 50"" 4K Crystal",Pantalla UHD con procesador Crystal 4K y PurColor - Modelo 2023,459.11,30,ACTIVE,2026-01-01 12:54:16,2026-01-28 12:25:07
4685,PROD-04665,"Hisense Smart TV 32"" HD LED",Televisor LED HD con Roku integrado y sonido Dolby Audio - Modelo 2024,264.28,31,ACTIVE,2025-03-30 13:56:22,2025-04-12 16:13:58
4686,PROD-04666,"Hisense Smart TV 55"" 4K QLED",Televisor QLED con tecnología Quantum Dot y diseño ultra fino - Modelo 2025,590.91,94,INACTIVE,2026-07-09 14:55:50,2026-08-16 14:32:59
4687,PROD-04667,"Sony Smart TV 75"" 4K Frameless",Televisor sin bordes de gran formato con panel LED avanzado - Modelo 2026,1280.54,106,ACTIVE,2025-05-05 18:23:45,2025-05-22 00:11:30
4688,PROD-04668,"Sony Smart TV 85"" 8K Master",Pantalla premium de máxima resolución con inteligencia artificial - Modelo 2023,2675.03,70,ACTIVE,2025-08-25 15:38:51,2025-10-15 06:23:29
4689,PROD-04669,"Samsung Smart TV 65"" 4K UHD",Pantalla grande con Dolby Vision Atmos y control por voz - Modelo 2024,898.82,89,ACTIVE,2026-04-08 21:07:04,2026-04-15 07:50:08
4690,PROD-04670,"Sony Smart TV 55"" 4K QLED",Televisor QLED con tecnología Quantum Dot y diseño ultra fino - Modelo 2025,592.75,144,DISCONTINUED,2025-09-09 13:00:00,2025-10-28 03:55:07
4691,PROD-04671,"Samsung Smart TV 65"" 4K UHD",Pantalla grande con Dolby Vision Atmos y control por voz - Modelo 2026,888.47,128,ACTIVE,2026-03-12 15:11:54,2026-03-26 21:43:09
4692,PROD-04672,"Xiaomi Smart TV 50"" 4K Crystal",Pantalla UHD con procesador Crystal 4K y PurColor - Modelo 2023,490.48,93,DISCONTINUED,2026-01-24 03:22:49,2026-01-30 00:54:01
4693,PROD-04673,"Samsung Smart TV 32"" HD LED",Televisor LED HD con Roku integrado y sonido Dolby Audio - Modelo 2024,302.58,44,DISCONTINUED,2025-11-24 20:40:37,2025-12-14 09:40:06
4694,PROD-04674,"Philips Smart TV 50"" 4K Crystal",Pantalla UHD con procesador Crystal 4K y PurColor - Modelo 2025,461.39,77,INACTIVE,2026-07-28 07:56:44,2026-08-21 00:48:12
4695,PROD-04675,"LG Smart TV 32"" HD LED",Televisor LED HD con Roku integrado y sonido Dolby Audio - Modelo 2026,195.96,123,ACTIVE,2026-04-26 17:04:13,2026-06-04 13:12:19
4696,PROD-04676,"Sony Smart TV 43"" 4K UHD",Televisor inteligente con HDR10+ y sistema operativo webOS - Modelo 2023,452.48,88,INACTIVE,2025-01-01 10:01:34,2025-01-28 00:44:17
4697,PROD-04677,"Xiaomi Smart TV 75"" 4K Frameless",Televisor sin bordes de gran formato con panel LED avanzado - Modelo 2024,1256.74,136,ACTIVE,2026-07-17 20:47:25,2026-08-08 13:17:08
4698,PROD-04678,"Samsung Smart TV 85"" 8K Master",Pantalla premium de máxima resolución con inteligencia artificial - Modelo 2025,2536.22,98,DISCONTINUED,2026-08-11 23:59:31,2026-08-26 09:42:29
4699,PROD-04679,"Xiaomi Smart TV 55"" 4K QLED",Televisor QLED con tecnología Quantum Dot y diseño ultra fino - Modelo 2026,591.4,126,ACTIVE,2025-07-02 03:26:33,2025-08-13 16:38:09
4700,PROD-04680,"Xiaomi Smart TV 85"" 8K Master",Pantalla premium de máxima resolución con inteligencia artificial - Modelo 2023,2616.8,138,DISCONTINUED,2025-04-03 09:45:22,2025-05-03 22:12:42
4701,PROD-04681,"Philips Smart TV 32"" HD LED",Televisor LED HD con Roku integrado y sonido Dolby Audio - Modelo 2024,261.96,97,DISCONTINUED,2025-06-26 03:31:37,2025-08-14 02:31:54
4702,PROD-04682,"Hisense Smart TV 40"" Full HD",Pantalla plana Full HD con puertos HDMI y USB multimedia - Modelo 2025,348.08,50,DISCONTINUED,2026-03-12 10:52:07,2026-04-14 11:13:52
4703,PROD-04683,"Sony Smart TV 85"" 8K Master",Pantalla premium de máxima resolución con inteligencia artificial - Modelo 2026,2930.37,41,ACTIVE,2026-01-30 13:40:56,2026-02-20 07:49:02
4704,PROD-04684,"Sony Smart TV 85"" 8K Master",Pantalla premium de máxima resolución con inteligencia artificial - Modelo 2023,2835.2,50,INACTIVE,2026-04-09 10:23:37,2026-04-29 23:15:08
4705,PROD-04685,"Panasonic Smart TV 75"" 4K Frameless",Televisor sin bordes de gran formato con panel LED avanzado - Modelo 2024,1309.74,89,ACTIVE,2025-06-22 17:28:55,2025-06-24 15:35:11
4706,PROD-04686,"Philips Smart TV 85"" 8K Master",Pantalla premium de máxima resolución con inteligencia artificial - Modelo 2025,2686.74,101,ACTIVE,2025-05-09 16:19:34,2025-06-02 12:05:08
4707,PROD-04687,"LG Smart TV 40"" Full HD",Pantalla plana Full HD con puertos HDMI y USB multimedia - Modelo 2026,329.83,140,ACTIVE,2026-03-24 13:10:55,2026-04-29 17:46:12
4708,PROD-04688,"Samsung Smart TV 65"" 4K UHD",Pantalla grande con Dolby Vision Atmos y control por voz - Modelo 2023,936.83,140,ACTIVE,2025-03-11 08:29:47,2025-03-14 11:42:45
4709,PROD-04689,"Xiaomi Smart TV 75"" 4K Frameless",Televisor sin bordes de gran formato con panel LED avanzado - Modelo 2024,1256.0,29,DISCONTINUED,2026-04-16 03:39:09,2026-04-24 10:41:04
4710,PROD-04690,"Sony Smart TV 65"" 4K UHD",Pantalla grande con Dolby Vision Atmos y control por voz - Modelo 2025,897.61,88,DISCONTINUED,2025-11-03 06:00:03,2025-11-22 05:06:07
4711,PROD-04691,"Xiaomi Smart TV 75"" 4K Frameless",Televisor sin bordes de gran formato con panel LED avanzado - Modelo 2026,1294.81,101,ACTIVE,2025-03-26 13:32:12,2025-05-03 11:12:25
4712,PROD-04692,"Panasonic Smart TV 85"" 8K Master",Pantalla premium de máxima resolución con inteligencia artificial - Modelo 2023,2871.02,131,DISCONTINUED,2025-02-10 22:05:31,2025-02-16 02:26:03
4713,PROD-04693,"Samsung Smart TV 85"" 8K Master",Pantalla premium de máxima resolución con inteligencia artificial - Modelo 2024,2589.62,65,ACTIVE,2026-08-08 18:29:48,2026-09-25 11:51:17
4714,PROD-04694,"Panasonic Smart TV 50"" 4K Crystal",Pantalla UHD con procesador Crystal 4K y PurColor - Modelo 2025,492.23,54,INACTIVE,2025-08-22 02:38:33,2025-09-19 10:09:25
4715,PROD-04695,"TCL Smart TV 32"" HD LED",Televisor LED HD con Roku integrado y sonido Dolby Audio - Modelo 2026,259.33,44,ACTIVE,2025-07-30 15:47:17,2025-08-05 15:01:10
4716,PROD-04696,"LG Smart TV 43"" 4K UHD",Televisor inteligente con HDR10+ y sistema operativo webOS - Modelo 2023,413.76,28,ACTIVE,2025-10-28 22:47:21,2025-12-07 17:37:26
4717,PROD-04697,"Xiaomi Smart TV 40"" Full HD",Pantalla plana Full HD con puertos HDMI y USB multimedia - Modelo 2024,327.65,27,DISCONTINUED,2025-09-06 21:15:24,2025-10-01 10:45:24
4718,PROD-04698,"Philips Smart TV 40"" Full HD",Pantalla plana Full HD con puertos HDMI y USB multimedia - Modelo 2025,292.68,31,ACTIVE,2025-09-12 13:59:05,2025-09-30 09:42:14
4719,PROD-04699,"Panasonic Smart TV 50"" 4K Crystal",Pantalla UHD con procesador Crystal 4K y PurColor - Modelo 2026,463.37,125,ACTIVE,2025-01-23 12:15:56,2025-03-10 00:36:11
4720,PROD-04700,"Xiaomi Smart TV 55"" 4K QLED",Televisor QLED con tecnología Quantum Dot y diseño ultra fino - Modelo 2023,634.39,91,ACTIVE,2026-04-21 13:03:37,2026-04-29 22:12:08
4721,PROD-04701,"Samsung Smart TV 43"" 4K UHD",Televisor inteligente con HDR10+ y sistema operativo webOS - Modelo 2024,467.53,30,ACTIVE,2026-01-13 18:34:51,2026-02-23 00:12:50
4722,PROD-04702,"Sony Smart TV 40"" Full HD",Pantalla plana Full HD con puertos HDMI y USB multimedia - Modelo 2025,385.38,139,DISCONTINUED,2025-11-28 23:20:10,2025-12-19 08:54:59
4723,PROD-04703,"LG Smart TV 75"" 4K Frameless",Televisor sin bordes de gran formato con panel LED avanzado - Modelo 2026,1287.57,130,INACTIVE,2025-11-25 09:42:21,2025-12-18 01:03:32
4724,PROD-04704,"Panasonic Smart TV 43"" 4K UHD",Televisor inteligente con HDR10+ y sistema operativo webOS - Modelo 2023,420.34,149,ACTIVE,2025-11-30 05:02:27,2025-12-23 14:37:06
4725,PROD-04705,"Hisense Smart TV 65"" 4K UHD",Pantalla grande con Dolby Vision Atmos y control por voz - Modelo 2024,803.78,40,ACTIVE,2025-04-11 23:35:05,2025-05-29 17:16:21
4726,PROD-04706,"Philips Smart TV 43"" 4K UHD",Televisor inteligente con HDR10+ y sistema operativo webOS - Modelo 2025,392.73,78,ACTIVE,2026-07-16 12:58:07,2026-07-17 15:44:07
4727,PROD-04707,"Hisense Smart TV 32"" HD LED",Televisor LED HD con Roku integrado y sonido Dolby Audio - Modelo 2026,276.8,54,INACTIVE,2025-12-17 11:04:03,2025-12-22 13:16:42
4728,PROD-04708,"Hisense Smart TV 55"" 4K QLED",Televisor QLED con tecnología Quantum Dot y diseño ultra fino - Modelo 2023,579.62,135,INACTIVE,2026-05-26 17:02:52,2026-07-02 00:26:26
4729,PROD-04709,"Samsung Smart TV 40"" Full HD",Pantalla plana Full HD con puertos HDMI y USB multimedia - Modelo 2024,304.23,10,ACTIVE,2025-01-25 14:37:09,2025-03-11 08:12:53
4730,PROD-04710,"Sony Smart TV 75"" 4K Frameless",Televisor sin bordes de gran formato con panel LED avanzado - Modelo 2025,1271.31,34,INACTIVE,2025-06-28 17:56:31,2025-08-06 06:31:49
4731,PROD-04711,"Hisense Smart TV 32"" HD LED",Televisor LED HD con Roku integrado y sonido Dolby Audio - Modelo 2026,233.66,90,ACTIVE,2025-10-12 01:31:22,2025-10-17 08:01:23
4732,PROD-04712,"Sony Smart TV 32"" HD LED",Televisor LED HD con Roku integrado y sonido Dolby Audio - Modelo 2023,223.45,97,ACTIVE,2026-07-28 03:54:39,2026-08-29 15:59:02
4733,PROD-04713,"Samsung Smart TV 40"" Full HD",Pantalla plana Full HD con puertos HDMI y USB multimedia - Modelo 2024,327.57,96,ACTIVE,2026-08-07 10:09:46,2026-09-15 13:58:31
4734,PROD-04714,"TCL Smart TV 40"" Full HD",Pantalla plana Full HD con puertos HDMI y USB multimedia - Modelo 2025,380.83,123,ACTIVE,2025-12-15 23:49:45,2026-02-01 17:19:40
4735,PROD-04715,"LG Smart TV 43"" 4K UHD",Televisor inteligente con HDR10+ y sistema operativo webOS - Modelo 2026,367.36,47,INACTIVE,2025-07-26 12:04:37,2025-08-03 07:41:29
4736,PROD-04716,"TCL Smart TV 43"" 4K UHD",Televisor inteligente con HDR10+ y sistema operativo webOS - Modelo 2023,449.96,130,DISCONTINUED,2025-03-25 15:04:20,2025-04-05 17:39:32
4737,PROD-04717,"Philips Smart TV 55"" 4K QLED",Televisor QLED con tecnología Quantum Dot y diseño ultra fino - Modelo 2024,603.92,115,ACTIVE,2025-07-02 02:06:38,2025-07-05 09:35:17
4738,PROD-04718,"TCL Smart TV 50"" 4K Crystal",Pantalla UHD con procesador Crystal 4K y PurColor - Modelo 2025,440.63,116,INACTIVE,2026-03-01 04:04:56,2026-03-31 19:09:50
4739,PROD-04719,"Philips Smart TV 85"" 8K Master",Pantalla premium de máxima resolución con inteligencia artificial - Modelo 2026,2641.3,71,DISCONTINUED,2025-11-23 05:12:27,2025-11-23 07:38:45
4740,PROD-04720,"Samsung Smart TV 65"" 4K UHD",Pantalla grande con Dolby Vision Atmos y control por voz - Modelo 2023,918.73,53,ACTIVE,2026-08-20 05:32:31,2026-09-24 13:13:39
4741,PROD-04721,"LG Smart TV 43"" 4K UHD",Televisor inteligente con HDR10+ y sistema operativo webOS - Modelo 2024,461.36,60,ACTIVE,2025-05-28 18:05:24,2025-06-28 00:54:27
4742,PROD-04722,"Samsung Smart TV 43"" 4K UHD",Televisor inteligente con HDR10+ y sistema operativo webOS - Modelo 2025,366.19,28,ACTIVE,2026-06-10 05:32:39,2026-07-05 20:51:57
4743,PROD-04723,"Sony Smart TV 65"" 4K UHD",Pantalla grande con Dolby Vision Atmos y control por voz - Modelo 2026,852.19,143,DISCONTINUED,2025-10-07 21:51:00,2025-11-15 16:36:49
4744,PROD-04724,"TCL Smart TV 43"" 4K UHD",Televisor inteligente con HDR10+ y sistema operativo webOS - Modelo 2023,484.91,92,ACTIVE,2025-08-07 08:27:05,2025-08-11 23:42:14
4745,PROD-04725,"Samsung Smart TV 43"" 4K UHD",Televisor inteligente con HDR10+ y sistema operativo webOS - Modelo 2024,361.96,129,ACTIVE,2026-01-19 01:09:21,2026-03-07 04:59:41
4746,PROD-04726,"LG Smart TV 55"" 4K QLED",Televisor QLED con tecnología Quantum Dot y diseño ultra fino - Modelo 2025,616.93,5,INACTIVE,2025-08-14 12:33:11,2025-09-22 19:54:57
4747,PROD-04727,"Xiaomi Smart TV 32"" HD LED",Televisor LED HD con Roku integrado y sonido Dolby Audio - Modelo 2026,289.23,35,ACTIVE,2026-01-22 04:40:48,2026-02-03 06:08:24
4748,PROD-04728,"LG Smart TV 43"" 4K UHD",Televisor inteligente con HDR10+ y sistema operativo webOS - Modelo 2023,384.36,11,ACTIVE,2026-07-30 10:33:52,2026-08-05 13:51:59
4749,PROD-04729,"Xiaomi Smart TV 43"" 4K UHD",Televisor inteligente con HDR10+ y sistema operativo webOS - Modelo 2024,396.59,28,ACTIVE,2026-05-15 20:32:04,2026-06-28 23:42:44
4750,PROD-04730,"Sony Smart TV 65"" 4K UHD",Pantalla grande con Dolby Vision Atmos y control por voz - Modelo 2025,815.84,124,ACTIVE,2025-07-05 09:31:45,2025-07-12 13:02:19
4751,PROD-04731,"Panasonic Smart TV 65"" 4K UHD",Pantalla grande con Dolby Vision Atmos y control por voz - Modelo 2026,859.06,89,ACTIVE,2026-08-06 05:03:11,2026-08-13 00:04:30
4752,PROD-04732,"Philips Smart TV 55"" 4K QLED",Televisor QLED con tecnología Quantum Dot y diseño ultra fino - Modelo 2023,639.33,9,ACTIVE,2025-10-23 20:42:01,2025-11-18 04:21:52
4753,PROD-04733,"Philips Smart TV 40"" Full HD",Pantalla plana Full HD con puertos HDMI y USB multimedia - Modelo 2024,320.7,102,ACTIVE,2025-06-28 16:44:56,2025-07-17 20:36:33
4754,PROD-04734,"Samsung Smart TV 43"" 4K UHD",Televisor inteligente con HDR10+ y sistema operativo webOS - Modelo 2025,392.95,97,INACTIVE,2026-07-15 10:30:36,2026-09-03 12:39:53
4755,PROD-04735,"Sony Smart TV 40"" Full HD",Pantalla plana Full HD con puertos HDMI y USB multimedia - Modelo 2026,297.46,72,ACTIVE,2026-08-21 02:51:55,2026-10-01 01:10:49
4756,PROD-04736,"TCL Smart TV 55"" 4K QLED",Televisor QLED con tecnología Quantum Dot y diseño ultra fino - Modelo 2023,674.31,131,INACTIVE,2025-07-04 21:42:26,2025-08-23 22:42:48
4757,PROD-04737,"Samsung Smart TV 75"" 4K Frameless",Televisor sin bordes de gran formato con panel LED avanzado - Modelo 2024,1329.89,144,ACTIVE,2025-01-16 15:11:24,2025-01-22 16:10:37
4758,PROD-04738,"Samsung Smart TV 75"" 4K Frameless",Televisor sin bordes de gran formato con panel LED avanzado - Modelo 2025,1247.99,99,ACTIVE,2026-08-03 00:32:17,2026-08-25 01:19:59
4759,PROD-04739,"Samsung Smart TV 65"" 4K UHD",Pantalla grande con Dolby Vision Atmos y control por voz - Modelo 2026,780.46,18,ACTIVE,2025-06-16 23:40:32,2025-07-21 06:53:52
4760,PROD-04740,"Sony Smart TV 55"" 4K QLED",Televisor QLED con tecnología Quantum Dot y diseño ultra fino - Modelo 2023,630.66,122,DISCONTINUED,2026-01-27 18:11:17,2026-02-13 22:30:19
4761,PROD-04741,"Samsung Smart TV 65"" 4K UHD",Pantalla grande con Dolby Vision Atmos y control por voz - Modelo 2024,870.49,89,ACTIVE,2025-05-17 06:01:26,2025-07-05 22:32:22
4762,PROD-04742,"Hisense Smart TV 55"" 4K QLED",Televisor QLED con tecnología Quantum Dot y diseño ultra fino - Modelo 2025,665.69,148,INACTIVE,2026-03-19 18:36:45,2026-03-28 14:31:01
4763,PROD-04743,"TCL Smart TV 85"" 8K Master",Pantalla premium de máxima resolución con inteligencia artificial - Modelo 2026,2688.22,29,ACTIVE,2025-10-04 03:59:14,2025-10-20 18:14:07
4764,PROD-04744,"Sony Smart TV 50"" 4K Crystal",Pantalla UHD con procesador Crystal 4K y PurColor - Modelo 2023,499.95,29,ACTIVE,2026-02-01 11:02:03,2026-02-16 20:45:39
4765,PROD-04745,"Sony Smart TV 43"" 4K UHD",Televisor inteligente con HDR10+ y sistema operativo webOS - Modelo 2024,347.44,2,ACTIVE,2025-09-28 17:33:43,2025-10-19 02:47:54
4766,PROD-04746,"Xiaomi Smart TV 65"" 4K UHD",Pantalla grande con Dolby Vision Atmos y control por voz - Modelo 2025,921.16,31,INACTIVE,2026-02-10 06:24:32,2026-03-13 17:39:40
4767,PROD-04747,"Hisense Smart TV 43"" 4K UHD",Televisor inteligente con HDR10+ y sistema operativo webOS - Modelo 2026,394.31,78,INACTIVE,2025-08-18 20:40:47,2025-10-04 18:49:45
4768,PROD-04748,"Hisense Smart TV 55"" 4K QLED",Televisor QLED con tecnología Quantum Dot y diseño ultra fino - Modelo 2023,595.28,16,INACTIVE,2025-08-12 14:17:28,2025-09-26 03:16:25
4769,PROD-04749,"Xiaomi Smart TV 55"" 4K QLED",Televisor QLED con tecnología Quantum Dot y diseño ultra fino - Modelo 2024,591.59,138,INACTIVE,2026-01-15 02:52:01,2026-02-24 23:47:56
4770,PROD-04750,"Hisense Smart TV 75"" 4K Frameless",Televisor sin bordes de gran formato con panel LED avanzado - Modelo 2025,1333.47,96,ACTIVE,2026-02-28 20:17:19,2026-04-01 09:02:26
4771,PROD-04751,"Panasonic Smart TV 50"" 4K Crystal",Pantalla UHD con procesador Crystal 4K y PurColor - Modelo 2026,491.19,136,INACTIVE,2026-02-25 09:45:44,2026-04-16 13:48:17
4772,PROD-04752,"Xiaomi Smart TV 85"" 8K Master",Pantalla premium de máxima resolución con inteligencia artificial - Modelo 2023,2884.81,28,DISCONTINUED,2025-07-24 08:55:38,2025-07-31 17:45:51
4773,PROD-04753,"Xiaomi Smart TV 50"" 4K Crystal",Pantalla UHD con procesador Crystal 4K y PurColor - Modelo 2024,447.39,150,DISCONTINUED,2026-05-26 11:38:44,2026-06-22 05:32:39
4774,PROD-04754,"Sony Smart TV 75"" 4K Frameless",Televisor sin bordes de gran formato con panel LED avanzado - Modelo 2025,1348.45,115,ACTIVE,2026-03-02 20:39:05,2026-04-06 15:52:12
4775,PROD-04755,"Samsung Smart TV 55"" 4K QLED",Televisor QLED con tecnología Quantum Dot y diseño ultra fino - Modelo 2026,586.97,103,INACTIVE,2026-04-29 10:05:53,2026-05-09 04:57:47
4776,PROD-04756,"Sony Smart TV 40"" Full HD",Pantalla plana Full HD con puertos HDMI y USB multimedia - Modelo 2023,337.81,120,ACTIVE,2026-08-08 22:12:16,2026-08-12 11:31:17
4777,PROD-04757,"LG Smart TV 50"" 4K Crystal",Pantalla UHD con procesador Crystal 4K y PurColor - Modelo 2024,452.14,32,DISCONTINUED,2025-06-27 11:03:40,2025-07-25 01:10:50
4778,PROD-04758,"Sony Smart TV 85"" 8K Master",Pantalla premium de máxima resolución con inteligencia artificial - Modelo 2025,2851.96,45,ACTIVE,2026-08-13 19:47:25,2026-09-27 04:26:58
4779,PROD-04759,"Panasonic Smart TV 85"" 8K Master",Pantalla premium de máxima resolución con inteligencia artificial - Modelo 2026,2890.14,22,ACTIVE,2025-10-22 22:30:45,2025-11-02 18:46:24
4780,PROD-04760,"Samsung Smart TV 85"" 8K Master",Pantalla premium de máxima resolución con inteligencia artificial - Modelo 2023,2642.77,57,ACTIVE,2026-06-07 13:42:13,2026-06-23 03:57:39
4781,PROD-04761,"Philips Smart TV 50"" 4K Crystal",Pantalla UHD con procesador Crystal 4K y PurColor - Modelo 2024,510.0,116,DISCONTINUED,2026-04-21 11:26:25,2026-04-25 08:19:11
4782,PROD-04762,"Philips Smart TV 32"" HD LED",Televisor LED HD con Roku integrado y sonido Dolby Audio - Modelo 2025,266.32,0,ACTIVE,2025-11-30 23:37:13,2025-12-27 06:44:30
4783,PROD-04763,"TCL Smart TV 43"" 4K UHD",Televisor inteligente con HDR10+ y sistema operativo webOS - Modelo 2026,454.65,121,DISCONTINUED,2025-12-06 22:44:22,2025-12-28 10:26:43
4784,PROD-04764,"Xiaomi Smart TV 65"" 4K UHD",Pantalla grande con Dolby Vision Atmos y control por voz - Modelo 2023,815.21,44,ACTIVE,2026-01-17 22:02:41,2026-02-06 00:17:35
4785,PROD-04765,"Hisense Smart TV 40"" Full HD",Pantalla plana Full HD con puertos HDMI y USB multimedia - Modelo 2024,267.14,109,ACTIVE,2025-11-04 19:16:05,2025-12-19 09:43:59
4786,PROD-04766,"Sony Smart TV 65"" 4K UHD",Pantalla grande con Dolby Vision Atmos y control por voz - Modelo 2025,893.27,52,ACTIVE,2026-03-17 02:56:23,2026-04-06 18:15:42
4787,PROD-04767,"Philips Smart TV 43"" 4K UHD",Televisor inteligente con HDR10+ y sistema operativo webOS - Modelo 2026,434.84,41,INACTIVE,2026-08-17 22:24:11,2026-08-29 21:23:33
4788,PROD-04768,"Samsung Smart TV 32"" HD LED",Televisor LED HD con Roku integrado y sonido Dolby Audio - Modelo 2023,274.79,62,DISCONTINUED,2025-01-09 15:05:23,2025-01-31 08:01:07
4789,PROD-04769,"TCL Smart TV 43"" 4K UHD",Televisor inteligente con HDR10+ y sistema operativo webOS - Modelo 2024,408.77,134,ACTIVE,2025-09-23 20:12:47,2025-10-30 11:38:02
4790,PROD-04770,"Philips Smart TV 85"" 8K Master",Pantalla premium de máxima resolución con inteligencia artificial - Modelo 2025,2654.29,102,DISCONTINUED,2026-03-07 22:48:17,2026-03-22 03:36:11
4791,PROD-04771,"Samsung Smart TV 75"" 4K Frameless",Televisor sin bordes de gran formato con panel LED avanzado - Modelo 2026,1240.13,79,DISCONTINUED,2025-10-10 16:03:28,2025-11-30 05:48:48
4792,PROD-04772,"Sony Smart TV 40"" Full HD",Pantalla plana Full HD con puertos HDMI y USB multimedia - Modelo 2023,322.27,130,ACTIVE,2025-05-26 13:07:34,2025-06-13 16:10:04
4793,PROD-04773,"Sony Smart TV 43"" 4K UHD",Televisor inteligente con HDR10+ y sistema operativo webOS - Modelo 2024,417.41,66,ACTIVE,2025-11-05 03:19:38,2025-11-06 13:02:24
4794,PROD-04774,"LG Smart TV 50"" 4K Crystal",Pantalla UHD con procesador Crystal 4K y PurColor - Modelo 2025,523.22,105,ACTIVE,2026-04-07 05:24:26,2026-04-15 06:39:35
4795,PROD-04775,"Philips Smart TV 65"" 4K UHD",Pantalla grande con Dolby Vision Atmos y control por voz - Modelo 2026,949.0,39,INACTIVE,2025-12-02 21:07:42,2026-01-09 05:13:55
4796,PROD-04776,"Samsung Smart TV 65"" 4K UHD",Pantalla grande con Dolby Vision Atmos y control por voz - Modelo 2023,832.46,87,ACTIVE,2025-05-14 00:28:16,2025-06-22 18:41:03
4797,PROD-04777,"Philips Smart TV 50"" 4K Crystal",Pantalla UHD con procesador Crystal 4K y PurColor - Modelo 2024,480.2,91,INACTIVE,2026-05-21 04:32:00,2026-07-06 20:55:01
4798,PROD-04778,"Hisense Smart TV 85"" 8K Master",Pantalla premium de máxima resolución con inteligencia artificial - Modelo 2025,2823.1,90,ACTIVE,2025-12-25 07:58:42,2026-01-05 20:30:13
4799,PROD-04779,"TCL Smart TV 32"" HD LED",Televisor LED HD con Roku integrado y sonido Dolby Audio - Modelo 2026,245.12,37,ACTIVE,2025-01-05 07:18:38,2025-01-09 08:01:13
4800,PROD-04780,"Sony Smart TV 43"" 4K UHD",Televisor inteligente con HDR10+ y sistema operativo webOS - Modelo 2023,385.42,38,ACTIVE,2025-03-31 19:36:10,2025-05-10 14:31:12
4801,PROD-04781,"Sony Smart TV 32"" HD LED",Televisor LED HD con Roku integrado y sonido Dolby Audio - Modelo 2024,225.02,10,ACTIVE,2025-03-28 14:31:21,2025-05-16 04:11:17
4802,PROD-04782,"Hisense Smart TV 50"" 4K Crystal",Pantalla UHD con procesador Crystal 4K y PurColor - Modelo 2025,418.63,87,ACTIVE,2025-06-20 15:27:05,2025-06-24 23:50:56
4803,PROD-04783,"Panasonic Smart TV 85"" 8K Master",Pantalla premium de máxima resolución con inteligencia artificial - Modelo 2026,2541.28,58,ACTIVE,2026-07-11 23:08:32,2026-07-22 12:40:46
4804,PROD-04784,"Sony Smart TV 85"" 8K Master",Pantalla premium de máxima resolución con inteligencia artificial - Modelo 2023,2604.72,93,INACTIVE,2026-01-27 18:16:40,2026-02-11 11:03:42
4805,PROD-04785,"Panasonic Smart TV 55"" 4K QLED",Televisor QLED con tecnología Quantum Dot y diseño ultra fino - Modelo 2024,624.1,58,INACTIVE,2025-12-21 00:42:44,2026-02-02 22:36:47
4806,PROD-04786,"Xiaomi Smart TV 40"" Full HD",Pantalla plana Full HD con puertos HDMI y USB multimedia - Modelo 2025,263.04,140,ACTIVE,2025-06-01 02:37:21,2025-07-06 23:47:15
4807,PROD-04787,"Philips Smart TV 40"" Full HD",Pantalla plana Full HD con puertos HDMI y USB multimedia - Modelo 2026,342.4,64,ACTIVE,2026-01-22 16:53:46,2026-02-05 01:30:13
4808,PROD-04788,"Hisense Smart TV 85"" 8K Master",Pantalla premium de máxima resolución con inteligencia artificial - Modelo 2023,2724.33,98,ACTIVE,2025-05-05 10:20:10,2025-05-20 12:37:17
4809,PROD-04789,"Xiaomi Smart TV 40"" Full HD",Pantalla plana Full HD con puertos HDMI y USB multimedia - Modelo 2024,297.94,135,INACTIVE,2025-09-19 23:10:31,2025-09-22 20:51:17
4810,PROD-04790,"TCL Smart TV 85"" 8K Master",Pantalla premium de máxima resolución con inteligencia artificial - Modelo 2025,2706.25,10,ACTIVE,2026-03-17 20:06:46,2026-04-20 14:33:09
4811,PROD-04791,"Samsung Smart TV 40"" Full HD",Pantalla plana Full HD con puertos HDMI y USB multimedia - Modelo 2026,365.25,57,INACTIVE,2025-06-03 23:52:35,2025-06-21 15:40:24
4812,PROD-04792,"Sony Smart TV 32"" HD LED",Televisor LED HD con Roku integrado y sonido Dolby Audio - Modelo 2023,252.34,39,ACTIVE,2025-07-24 16:04:21,2025-08-22 15:44:05
4813,PROD-04793,"Panasonic Smart TV 55"" 4K QLED",Televisor QLED con tecnología Quantum Dot y diseño ultra fino - Modelo 2024,668.73,123,ACTIVE,2025-05-23 09:57:49,2025-06-18 07:57:52
4814,PROD-04794,"Xiaomi Smart TV 65"" 4K UHD",Pantalla grande con Dolby Vision Atmos y control por voz - Modelo 2025,872.38,107,DISCONTINUED,2026-06-19 02:26:22,2026-06-24 13:29:07
4815,PROD-04795,"TCL Smart TV 85"" 8K Master",Pantalla premium de máxima resolución con inteligencia artificial - Modelo 2026,2960.88,134,ACTIVE,2026-06-05 10:18:46,2026-06-30 19:53:50
4816,PROD-04796,"Hisense Smart TV 32"" HD LED",Televisor LED HD con Roku integrado y sonido Dolby Audio - Modelo 2023,241.04,62,ACTIVE,2026-07-10 12:50:01,2026-08-08 11:13:49
4817,PROD-04797,"Samsung Smart TV 55"" 4K QLED",Televisor QLED con tecnología Quantum Dot y diseño ultra fino - Modelo 2024,651.4,6,ACTIVE,2026-01-17 08:47:19,2026-02-10 21:03:38
4818,PROD-04798,"LG Smart TV 32"" HD LED",Televisor LED HD con Roku integrado y sonido Dolby Audio - Modelo 2025,213.39,41,ACTIVE,2025-12-12 04:01:43,2026-01-26 12:49:55
4819,PROD-04799,"Panasonic Smart TV 65"" 4K UHD",Pantalla grande con Dolby Vision Atmos y control por voz - Modelo 2026,784.5,114,INACTIVE,2026-07-16 09:35:00,2026-08-21 11:15:53
4820,PROD-04800,"Sony Smart TV 55"" 4K QLED",Televisor QLED con tecnología Quantum Dot y diseño ultra fino - Modelo 2023,640.93,89,ACTIVE,2025-07-10 08:16:12,2025-07-18 08:30:33
4821,PROD-04801,"TCL Smart TV 65"" 4K UHD",Pantalla grande con Dolby Vision Atmos y control por voz - Modelo 2024,921.35,3,ACTIVE,2025-04-07 06:32:28,2025-05-04 12:10:19
4822,PROD-04802,"Panasonic Smart TV 55"" 4K QLED",Televisor QLED con tecnología Quantum Dot y diseño ultra fino - Modelo 2025,731.29,139,ACTIVE,2025-06-07 15:08:36,2025-07-27 08:13:34
4823,PROD-04803,"Hisense Smart TV 43"" 4K UHD",Televisor inteligente con HDR10+ y sistema operativo webOS - Modelo 2026,458.15,134,ACTIVE,2026-07-07 13:57:17,2026-08-08 11:01:42
4824,PROD-04804,"Samsung Smart TV 50"" 4K Crystal",Pantalla UHD con procesador Crystal 4K y PurColor - Modelo 2023,461.31,0,ACTIVE,2026-01-09 23:39:32,2026-01-31 16:50:39
4825,PROD-04805,"Sony Smart TV 55"" 4K QLED",Televisor QLED con tecnología Quantum Dot y diseño ultra fino - Modelo 2024,609.41,33,INACTIVE,2025-06-15 16:24:23,2025-07-11 21:49:19
4826,PROD-04806,"TCL Smart TV 85"" 8K Master",Pantalla premium de máxima resolución con inteligencia artificial - Modelo 2025,2909.98,133,ACTIVE,2026-03-10 06:57:02,2026-03-29 15:44:37
4827,PROD-04807,"LG Smart TV 85"" 8K Master",Pantalla premium de máxima resolución con inteligencia artificial - Modelo 2026,2786.79,150,INACTIVE,2025-04-24 05:43:59,2025-05-25 15:51:21
4828,PROD-04808,"Xiaomi Smart TV 75"" 4K Frameless",Televisor sin bordes de gran formato con panel LED avanzado - Modelo 2023,1278.02,93,INACTIVE,2025-04-13 19:38:02,2025-05-29 10:34:22
4829,PROD-04809,"Sony Smart TV 32"" HD LED",Televisor LED HD con Roku integrado y sonido Dolby Audio - Modelo 2024,262.79,41,ACTIVE,2025-03-10 06:52:26,2025-04-22 19:53:36
4830,PROD-04810,"TCL Smart TV 75"" 4K Frameless",Televisor sin bordes de gran formato con panel LED avanzado - Modelo 2025,1234.43,134,INACTIVE,2025-07-11 21:38:22,2025-07-23 20:46:01
4831,PROD-04811,"Xiaomi Smart TV 32"" HD LED",Televisor LED HD con Roku integrado y sonido Dolby Audio - Modelo 2026,252.98,71,ACTIVE,2025-12-06 01:04:00,2025-12-23 09:03:51
4832,PROD-04812,"Samsung Smart TV 43"" 4K UHD",Televisor inteligente con HDR10+ y sistema operativo webOS - Modelo 2023,382.13,112,INACTIVE,2026-04-30 02:41:25,2026-06-13 00:33:51
4833,PROD-04813,"Samsung Smart TV 50"" 4K Crystal",Pantalla UHD con procesador Crystal 4K y PurColor - Modelo 2024,540.57,51,INACTIVE,2026-06-22 05:28:46,2026-07-14 14:51:34
4834,PROD-04814,"LG Smart TV 65"" 4K UHD",Pantalla grande con Dolby Vision Atmos y control por voz - Modelo 2025,952.07,134,ACTIVE,2025-12-14 06:04:39,2026-01-21 02:27:38
4835,PROD-04815,"Sony Smart TV 75"" 4K Frameless",Televisor sin bordes de gran formato con panel LED avanzado - Modelo 2026,1324.38,18,DISCONTINUED,2026-03-22 11:42:29,2026-04-03 22:25:46
4836,PROD-04816,"Hisense Smart TV 40"" Full HD",Pantalla plana Full HD con puertos HDMI y USB multimedia - Modelo 2023,274.86,120,ACTIVE,2026-04-19 20:59:11,2026-05-19 05:43:03
4837,PROD-04817,"Xiaomi Smart TV 85"" 8K Master",Pantalla premium de máxima resolución con inteligencia artificial - Modelo 2024,2652.96,87,ACTIVE,2025-06-30 08:35:48,2025-07-26 19:46:49
4838,PROD-04818,"Philips Smart TV 65"" 4K UHD",Pantalla grande con Dolby Vision Atmos y control por voz - Modelo 2025,891.03,5,ACTIVE,2025-08-06 23:03:15,2025-09-22 23:23:52
4839,PROD-04819,"LG Smart TV 75"" 4K Frameless",Televisor sin bordes de gran formato con panel LED avanzado - Modelo 2026,1159.56,142,INACTIVE,2026-08-22 10:25:36,2026-10-06 16:11:23
4840,PROD-04820,"TCL Smart TV 32"" HD LED",Televisor LED HD con Roku integrado y sonido Dolby Audio - Modelo 2023,210.72,103,DISCONTINUED,2025-02-15 18:17:58,2025-02-20 18:31:54
4841,PROD-04821,"Sony Smart TV 32"" HD LED",Televisor LED HD con Roku integrado y sonido Dolby Audio - Modelo 2024,225.25,17,ACTIVE,2026-03-14 21:43:27,2026-04-30 00:41:21
4842,PROD-04822,"Philips Smart TV 40"" Full HD",Pantalla plana Full HD con puertos HDMI y USB multimedia - Modelo 2025,330.36,133,ACTIVE,2026-07-15 14:41:47,2026-08-21 01:40:29
4843,PROD-04823,"Philips Smart TV 50"" 4K Crystal",Pantalla UHD con procesador Crystal 4K y PurColor - Modelo 2026,434.75,59,ACTIVE,2025-05-18 17:13:51,2025-06-25 06:07:00
4844,PROD-04824,"TCL Smart TV 50"" 4K Crystal",Pantalla UHD con procesador Crystal 4K y PurColor - Modelo 2023,456.23,0,ACTIVE,2026-02-09 23:27:30,2026-03-06 10:53:42
4845,PROD-04825,"Hisense Smart TV 65"" 4K UHD",Pantalla grande con Dolby Vision Atmos y control por voz - Modelo 2024,922.68,140,DISCONTINUED,2025-10-29 00:28:39,2025-12-16 16:40:53
4846,PROD-04826,"Sony Smart TV 32"" HD LED",Televisor LED HD con Roku integrado y sonido Dolby Audio - Modelo 2025,254.83,115,DISCONTINUED,2025-04-07 06:22:59,2025-04-29 03:31:14
4847,PROD-04827,"LG Smart TV 65"" 4K UHD",Pantalla grande con Dolby Vision Atmos y control por voz - Modelo 2026,929.06,143,INACTIVE,2025-11-21 04:32:31,2026-01-10 21:22:49
4848,PROD-04828,"Xiaomi Smart TV 32"" HD LED",Televisor LED HD con Roku integrado y sonido Dolby Audio - Modelo 2023,234.64,29,ACTIVE,2025-07-18 21:17:06,2025-07-19 05:03:26
4849,PROD-04829,"Hisense Smart TV 75"" 4K Frameless",Televisor sin bordes de gran formato con panel LED avanzado - Modelo 2024,1215.47,135,ACTIVE,2025-03-01 20:00:05,2025-03-17 19:51:37
4850,PROD-04830,"Panasonic Smart TV 65"" 4K UHD",Pantalla grande con Dolby Vision Atmos y control por voz - Modelo 2025,808.82,25,ACTIVE,2025-09-23 07:36:09,2025-10-18 20:52:40
4851,PROD-04831,"Philips Smart TV 55"" 4K QLED",Televisor QLED con tecnología Quantum Dot y diseño ultra fino - Modelo 2026,604.29,17,INACTIVE,2025-02-01 08:00:29,2025-02-18 05:05:14
4852,PROD-04832,"LG Smart TV 32"" HD LED",Televisor LED HD con Roku integrado y sonido Dolby Audio - Modelo 2023,256.08,99,INACTIVE,2025-05-28 07:29:18,2025-07-10 00:55:01
4853,PROD-04833,"LG Smart TV 50"" 4K Crystal",Pantalla UHD con procesador Crystal 4K y PurColor - Modelo 2024,554.03,9,ACTIVE,2025-06-24 06:37:24,2025-07-31 19:58:21
4854,PROD-04834,"Xiaomi Smart TV 55"" 4K QLED",Televisor QLED con tecnología Quantum Dot y diseño ultra fino - Modelo 2025,592.2,59,INACTIVE,2026-06-11 00:43:34,2026-07-21 14:00:22
4855,PROD-04835,"Philips Smart TV 55"" 4K QLED",Televisor QLED con tecnología Quantum Dot y diseño ultra fino - Modelo 2026,630.54,30,DISCONTINUED,2025-06-27 10:46:26,2025-07-10 06:56:48
4856,PROD-04836,"Hisense Smart TV 55"" 4K QLED",Televisor QLED con tecnología Quantum Dot y diseño ultra fino - Modelo 2023,671.32,8,INACTIVE,2025-06-11 12:36:58,2025-06-19 21:19:41
4857,PROD-04837,"Samsung Smart TV 65"" 4K UHD",Pantalla grande con Dolby Vision Atmos y control por voz - Modelo 2024,868.19,46,ACTIVE,2025-05-09 20:47:35,2025-06-16 16:37:19
4858,PROD-04838,"Philips Smart TV 75"" 4K Frameless",Televisor sin bordes de gran formato con panel LED avanzado - Modelo 2025,1235.58,69,ACTIVE,2025-05-03 01:18:47,2025-06-01 17:23:33
4859,PROD-04839,"Panasonic Smart TV 40"" Full HD",Pantalla plana Full HD con puertos HDMI y USB multimedia - Modelo 2026,354.4,55,DISCONTINUED,2026-08-10 20:23:15,2026-09-30 16:37:49
4860,PROD-04840,"LG Smart TV 40"" Full HD",Pantalla plana Full HD con puertos HDMI y USB multimedia - Modelo 2023,301.87,34,ACTIVE,2026-08-21 21:57:35,2026-09-20 03:28:40
4861,PROD-04841,"Samsung Smart TV 43"" 4K UHD",Televisor inteligente con HDR10+ y sistema operativo webOS - Modelo 2024,378.14,41,INACTIVE,2026-04-05 15:55:40,2026-05-05 10:32:01
4862,PROD-04842,"Panasonic Smart TV 43"" 4K UHD",Televisor inteligente con HDR10+ y sistema operativo webOS - Modelo 2025,397.12,26,ACTIVE,2025-03-16 03:18:54,2025-03-22 04:38:38
4863,PROD-04843,"Philips Smart TV 50"" 4K Crystal",Pantalla UHD con procesador Crystal 4K y PurColor - Modelo 2026,526.15,143,ACTIVE,2026-02-04 02:27:11,2026-03-08 00:00:56
4864,PROD-04844,"Hisense Smart TV 75"" 4K Frameless",Televisor sin bordes de gran formato con panel LED avanzado - Modelo 2023,1344.14,100,ACTIVE,2025-07-23 01:31:38,2025-07-28 15:03:44
4865,PROD-04845,"TCL Smart TV 40"" Full HD",Pantalla plana Full HD con puertos HDMI y USB multimedia - Modelo 2024,351.89,31,ACTIVE,2025-08-08 12:46:40,2025-08-27 08:46:24
4866,PROD-04846,"Panasonic Smart TV 65"" 4K UHD",Pantalla grande con Dolby Vision Atmos y control por voz - Modelo 2025,909.33,4,ACTIVE,2025-04-12 18:00:30,2025-04-23 00:27:38
4867,PROD-04847,"Hisense Smart TV 50"" 4K Crystal",Pantalla UHD con procesador Crystal 4K y PurColor - Modelo 2026,473.44,16,ACTIVE,2026-03-10 23:30:51,2026-04-06 02:24:15
4868,PROD-04848,"Samsung Smart TV 65"" 4K UHD",Pantalla grande con Dolby Vision Atmos y control por voz - Modelo 2023,902.8,147,ACTIVE,2025-04-01 17:34:45,2025-04-19 06:28:11
4869,PROD-04849,"TCL Smart TV 40"" Full HD",Pantalla plana Full HD con puertos HDMI y USB multimedia - Modelo 2024,298.4,140,ACTIVE,2026-06-07 12:18:04,2026-06-22 18:45:48
4870,PROD-04850,"Samsung Smart TV 40"" Full HD",Pantalla plana Full HD con puertos HDMI y USB multimedia - Modelo 2025,349.19,12,ACTIVE,2025-01-01 18:24:47,2025-02-13 05:24:04
4871,PROD-04851,"Samsung Smart TV 40"" Full HD",Pantalla plana Full HD con puertos HDMI y USB multimedia - Modelo 2026,341.28,17,INACTIVE,2025-08-18 05:56:52,2025-08-28 01:00:46
4872,PROD-04852,"Panasonic Smart TV 85"" 8K Master",Pantalla premium de máxima resolución con inteligencia artificial - Modelo 2023,2700.6,45,INACTIVE,2025-03-16 06:16:19,2025-04-01 21:50:47
4873,PROD-04853,"LG Smart TV 65"" 4K UHD",Pantalla grande con Dolby Vision Atmos y control por voz - Modelo 2024,914.26,120,ACTIVE,2025-04-25 08:37:03,2025-05-15 13:32:43
4874,PROD-04854,"Sony Smart TV 50"" 4K Crystal",Pantalla UHD con procesador Crystal 4K y PurColor - Modelo 2025,493.79,150,DISCONTINUED,2025-09-17 03:05:53,2025-10-22 12:06:37
4875,PROD-04855,"Hisense Smart TV 43"" 4K UHD",Televisor inteligente con HDR10+ y sistema operativo webOS - Modelo 2026,401.27,134,DISCONTINUED,2026-05-19 19:48:06,2026-07-03 13:00:41
4876,PROD-04856,"Samsung Smart TV 75"" 4K Frameless",Televisor sin bordes de gran formato con panel LED avanzado - Modelo 2023,1340.56,91,ACTIVE,2025-01-15 13:21:55,2025-01-27 01:23:16
4877,PROD-04857,"Xiaomi Smart TV 55"" 4K QLED",Televisor QLED con tecnología Quantum Dot y diseño ultra fino - Modelo 2024,624.77,9,ACTIVE,2025-10-05 04:31:04,2025-10-06 08:39:51
4878,PROD-04858,"Hisense Smart TV 32"" HD LED",Televisor LED HD con Roku integrado y sonido Dolby Audio - Modelo 2025,219.73,111,ACTIVE,2025-10-07 18:50:43,2025-11-09 03:55:09
4879,PROD-04859,"Panasonic Smart TV 75"" 4K Frameless",Televisor sin bordes de gran formato con panel LED avanzado - Modelo 2026,1268.87,134,INACTIVE,2026-03-23 17:01:13,2026-04-27 15:34:24
4880,PROD-04860,"LG Smart TV 85"" 8K Master",Pantalla premium de máxima resolución con inteligencia artificial - Modelo 2023,2942.59,32,INACTIVE,2025-09-03 11:44:40,2025-09-24 18:09:48
4881,PROD-04861,"Xiaomi Smart TV 65"" 4K UHD",Pantalla grande con Dolby Vision Atmos y control por voz - Modelo 2024,891.09,64,ACTIVE,2025-11-05 19:05:09,2025-11-20 10:18:03
4882,PROD-04862,"Hisense Smart TV 40"" Full HD",Pantalla plana Full HD con puertos HDMI y USB multimedia - Modelo 2025,317.24,115,ACTIVE,2025-08-22 17:46:24,2025-09-27 01:44:56
4883,PROD-04863,"TCL Smart TV 43"" 4K UHD",Televisor inteligente con HDR10+ y sistema operativo webOS - Modelo 2026,422.95,128,ACTIVE,2025-03-04 16:24:15,2025-04-09 02:10:42
4884,PROD-04864,"LG Smart TV 55"" 4K QLED",Televisor QLED con tecnología Quantum Dot y diseño ultra fino - Modelo 2023,609.8,103,ACTIVE,2025-02-18 19:47:09,2025-03-15 20:41:31
4885,PROD-04865,"Philips Smart TV 75"" 4K Frameless",Televisor sin bordes de gran formato con panel LED avanzado - Modelo 2024,1275.14,10,ACTIVE,2025-08-28 05:19:30,2025-09-18 16:04:15
4886,PROD-04866,"Philips Smart TV 50"" 4K Crystal",Pantalla UHD con procesador Crystal 4K y PurColor - Modelo 2025,547.57,124,ACTIVE,2025-09-03 09:45:38,2025-10-24 03:21:57
4887,PROD-04867,"TCL Smart TV 40"" Full HD",Pantalla plana Full HD con puertos HDMI y USB multimedia - Modelo 2026,302.87,65,INACTIVE,2025-11-27 13:57:18,2025-12-12 08:57:25
4888,PROD-04868,"Panasonic Smart TV 85"" 8K Master",Pantalla premium de máxima resolución con inteligencia artificial - Modelo 2023,2786.71,21,INACTIVE,2026-02-20 03:06:47,2026-03-08 04:33:13
4889,PROD-04869,"LG Smart TV 43"" 4K UHD",Televisor inteligente con HDR10+ y sistema operativo webOS - Modelo 2024,392.76,48,ACTIVE,2025-07-08 22:06:23,2025-07-20 09:20:28
4890,PROD-04870,"Panasonic Smart TV 32"" HD LED",Televisor LED HD con Roku integrado y sonido Dolby Audio - Modelo 2025,221.37,127,INACTIVE,2025-05-22 04:49:02,2025-06-20 14:21:29
4891,PROD-04871,"TCL Smart TV 85"" 8K Master",Pantalla premium de máxima resolución con inteligencia artificial - Modelo 2026,2835.97,52,DISCONTINUED,2026-04-06 05:12:05,2026-04-20 19:12:01
4892,PROD-04872,"Xiaomi Smart TV 40"" Full HD",Pantalla plana Full HD con puertos HDMI y USB multimedia - Modelo 2023,321.06,10,DISCONTINUED,2026-01-15 01:13:38,2026-01-20 03:30:05
4893,PROD-04873,"Samsung Smart TV 75"" 4K Frameless",Televisor sin bordes de gran formato con panel LED avanzado - Modelo 2024,1156.09,35,ACTIVE,2025-08-02 17:27:00,2025-08-03 00:30:07
4894,PROD-04874,"Philips Smart TV 85"" 8K Master",Pantalla premium de máxima resolución con inteligencia artificial - Modelo 2025,2737.14,57,DISCONTINUED,2026-01-07 20:52:25,2026-02-19 05:00:55
4895,PROD-04875,"Panasonic Smart TV 40"" Full HD",Pantalla plana Full HD con puertos HDMI y USB multimedia - Modelo 2026,288.82,123,INACTIVE,2026-03-12 00:22:02,2026-04-08 09:09:43
4896,PROD-04876,"Panasonic Smart TV 85"" 8K Master",Pantalla premium de máxima resolución con inteligencia artificial - Modelo 2023,2681.07,92,DISCONTINUED,2025-07-20 03:53:26,2025-08-11 13:16:45
4897,PROD-04877,"Panasonic Smart TV 75"" 4K Frameless",Televisor sin bordes de gran formato con panel LED avanzado - Modelo 2024,1232.09,2,ACTIVE,2026-05-23 17:18:18,2026-07-12 23:50:13
4898,PROD-04878,"Sony Smart TV 65"" 4K UHD",Pantalla grande con Dolby Vision Atmos y control por voz - Modelo 2025,810.94,117,ACTIVE,2026-01-28 11:04:37,2026-02-27 12:40:49
4899,PROD-04879,"Xiaomi Smart TV 65"" 4K UHD",Pantalla grande con Dolby Vision Atmos y control por voz - Modelo 2026,857.6,24,ACTIVE,2025-12-08 00:28:41,2026-01-18 01:57:21
4900,PROD-04880,"TCL Smart TV 32"" HD LED",Televisor LED HD con Roku integrado y sonido Dolby Audio - Modelo 2023,267.41,22,ACTIVE,2026-04-22 03:42:52,2026-05-17 03:20:39
4901,PROD-04881,"Panasonic Smart TV 55"" 4K QLED",Televisor QLED con tecnología Quantum Dot y diseño ultra fino - Modelo 2024,679.57,113,ACTIVE,2026-07-06 21:40:00,2026-07-18 22:49:22
4902,PROD-04882,"Panasonic Smart TV 85"" 8K Master",Pantalla premium de máxima resolución con inteligencia artificial - Modelo 2025,2629.74,51,ACTIVE,2026-08-08 03:51:57,2026-09-07 02:49:41
4903,PROD-04883,"Xiaomi Smart TV 65"" 4K UHD",Pantalla grande con Dolby Vision Atmos y control por voz - Modelo 2026,890.48,125,DISCONTINUED,2026-01-27 14:29:56,2026-01-27 16:21:51
4904,PROD-04884,"Samsung Smart TV 50"" 4K Crystal",Pantalla UHD con procesador Crystal 4K y PurColor - Modelo 2023,495.05,97,ACTIVE,2026-03-17 13:29:50,2026-03-26 04:51:23
4905,PROD-04885,"Philips Smart TV 55"" 4K QLED",Televisor QLED con tecnología Quantum Dot y diseño ultra fino - Modelo 2024,658.43,96,ACTIVE,2026-05-08 08:54:35,2026-06-25 17:19:53
4906,PROD-04886,"Philips Smart TV 43"" 4K UHD",Televisor inteligente con HDR10+ y sistema operativo webOS - Modelo 2025,404.94,144,DISCONTINUED,2025-08-23 02:16:12,2025-09-20 01:34:37
4907,PROD-04887,"LG Smart TV 40"" Full HD",Pantalla plana Full HD con puertos HDMI y USB multimedia - Modelo 2026,287.41,46,ACTIVE,2026-05-10 21:47:06,2026-06-16 01:48:54
4908,PROD-04888,"Xiaomi Smart TV 55"" 4K QLED",Televisor QLED con tecnología Quantum Dot y diseño ultra fino - Modelo 2023,682.88,25,ACTIVE,2025-02-18 03:54:34,2025-04-04 01:21:09
4909,PROD-04889,"Sony Smart TV 85"" 8K Master",Pantalla premium de máxima resolución con inteligencia artificial - Modelo 2024,2679.86,19,INACTIVE,2025-04-27 07:35:00,2025-06-02 04:33:51
4910,PROD-04890,"Panasonic Smart TV 32"" HD LED",Televisor LED HD con Roku integrado y sonido Dolby Audio - Modelo 2025,250.64,96,ACTIVE,2025-10-02 18:42:08,2025-10-23 09:09:06
4911,PROD-04891,"Xiaomi Smart TV 50"" 4K Crystal",Pantalla UHD con procesador Crystal 4K y PurColor - Modelo 2026,455.78,121,DISCONTINUED,2025-09-20 15:53:44,2025-09-29 18:58:58
4912,PROD-04892,"TCL Smart TV 85"" 8K Master",Pantalla premium de máxima resolución con inteligencia artificial - Modelo 2023,2962.86,93,ACTIVE,2026-07-29 12:56:13,2026-09-09 07:42:32
4913,PROD-04893,"TCL Smart TV 50"" 4K Crystal",Pantalla UHD con procesador Crystal 4K y PurColor - Modelo 2024,552.48,139,ACTIVE,2025-01-03 20:00:28,2025-01-30 11:29:59
4914,PROD-04894,"Panasonic Smart TV 55"" 4K QLED",Televisor QLED con tecnología Quantum Dot y diseño ultra fino - Modelo 2025,694.37,48,ACTIVE,2025-05-15 12:16:12,2025-05-18 22:50:59
4915,PROD-04895,"Hisense Smart TV 43"" 4K UHD",Televisor inteligente con HDR10+ y sistema operativo webOS - Modelo 2026,471.48,53,DISCONTINUED,2026-05-25 20:39:33,2026-06-28 23:58:47
4916,PROD-04896,"LG Smart TV 85"" 8K Master",Pantalla premium de máxima resolución con inteligencia artificial - Modelo 2023,2972.94,148,DISCONTINUED,2025-04-18 07:05:24,2025-05-10 10:38:08
4917,PROD-04897,"Hisense Smart TV 50"" 4K Crystal",Pantalla UHD con procesador Crystal 4K y PurColor - Modelo 2024,515.2,129,DISCONTINUED,2026-06-28 08:02:37,2026-07-09 07:55:46
4918,PROD-04898,"Panasonic Smart TV 85"" 8K Master",Pantalla premium de máxima resolución con inteligencia artificial - Modelo 2025,2589.86,96,ACTIVE,2025-08-26 20:41:57,2025-10-05 09:35:21
4919,PROD-04899,"Sony Smart TV 55"" 4K QLED",Televisor QLED con tecnología Quantum Dot y diseño ultra fino - Modelo 2026,638.72,64,DISCONTINUED,2025-02-09 01:34:28,2025-03-27 19:45:33
4920,PROD-04900,"LG Smart TV 40"" Full HD",Pantalla plana Full HD con puertos HDMI y USB multimedia - Modelo 2023,342.06,8,ACTIVE,2025-02-03 04:31:48,2025-02-21 09:47:10
4921,PROD-04901,"Panasonic Smart TV 50"" 4K Crystal",Pantalla UHD con procesador Crystal 4K y PurColor - Modelo 2024,495.06,38,INACTIVE,2026-07-28 12:58:35,2026-08-08 20:37:47
4922,PROD-04902,"LG Smart TV 43"" 4K UHD",Televisor inteligente con HDR10+ y sistema operativo webOS - Modelo 2025,429.57,107,ACTIVE,2025-11-04 20:55:49,2025-12-18 13:05:22
4923,PROD-04903,"Philips Smart TV 43"" 4K UHD",Televisor inteligente con HDR10+ y sistema operativo webOS - Modelo 2026,400.81,141,DISCONTINUED,2026-04-03 04:53:55,2026-04-04 06:27:19
4924,PROD-04904,"Philips Smart TV 50"" 4K Crystal",Pantalla UHD con procesador Crystal 4K y PurColor - Modelo 2023,507.09,124,INACTIVE,2025-06-18 18:39:13,2025-07-20 04:48:01
4925,PROD-04905,"Panasonic Smart TV 40"" Full HD",Pantalla plana Full HD con puertos HDMI y USB multimedia - Modelo 2024,339.29,26,ACTIVE,2026-01-31 20:04:29,2026-03-14 17:12:00
4926,PROD-04906,"LG Smart TV 65"" 4K UHD",Pantalla grande con Dolby Vision Atmos y control por voz - Modelo 2025,819.72,41,INACTIVE,2025-08-26 23:58:08,2025-10-08 20:49:45
4927,PROD-04907,"Sony Smart TV 55"" 4K QLED",Televisor QLED con tecnología Quantum Dot y diseño ultra fino - Modelo 2026,665.41,148,ACTIVE,2025-11-04 03:26:16,2025-12-23 11:46:29
4928,PROD-04908,"Samsung Smart TV 43"" 4K UHD",Televisor inteligente con HDR10+ y sistema operativo webOS - Modelo 2023,409.82,58,ACTIVE,2026-01-28 11:28:59,2026-03-02 10:29:53
4929,PROD-04909,"Hisense Smart TV 55"" 4K QLED",Televisor QLED con tecnología Quantum Dot y diseño ultra fino - Modelo 2024,678.08,47,ACTIVE,2025-08-28 01:32:59,2025-10-07 17:19:04
4930,PROD-04910,"Hisense Smart TV 55"" 4K QLED",Televisor QLED con tecnología Quantum Dot y diseño ultra fino - Modelo 2025,627.27,120,ACTIVE,2025-03-27 14:58:18,2025-04-24 22:04:13
4931,PROD-04911,"Hisense Smart TV 65"" 4K UHD",Pantalla grande con Dolby Vision Atmos y control por voz - Modelo 2026,873.42,131,INACTIVE,2025-12-17 04:17:57,2026-01-02 15:15:27
4932,PROD-04912,"Sony Smart TV 75"" 4K Frameless",Televisor sin bordes de gran formato con panel LED avanzado - Modelo 2023,1214.51,43,DISCONTINUED,2025-09-16 21:28:25,2025-10-18 02:57:48
4933,PROD-04913,"LG Smart TV 50"" 4K Crystal",Pantalla UHD con procesador Crystal 4K y PurColor - Modelo 2024,438.66,93,INACTIVE,2025-06-14 17:09:25,2025-07-12 18:33:27
4934,PROD-04914,"TCL Smart TV 40"" Full HD",Pantalla plana Full HD con puertos HDMI y USB multimedia - Modelo 2025,339.05,89,INACTIVE,2025-07-11 18:23:44,2025-07-13 05:52:29
4935,PROD-04915,"LG Smart TV 75"" 4K Frameless",Televisor sin bordes de gran formato con panel LED avanzado - Modelo 2026,1203.29,115,ACTIVE,2025-01-30 11:12:18,2025-02-02 08:55:52
4936,PROD-04916,"LG Smart TV 43"" 4K UHD",Televisor inteligente con HDR10+ y sistema operativo webOS - Modelo 2023,414.08,38,ACTIVE,2025-12-15 14:07:21,2026-02-01 04:42:58
4937,PROD-04917,"Samsung Smart TV 55"" 4K QLED",Televisor QLED con tecnología Quantum Dot y diseño ultra fino - Modelo 2024,629.96,142,ACTIVE,2026-01-18 15:22:36,2026-03-10 14:51:03
4938,PROD-04918,"Sony Smart TV 32"" HD LED",Televisor LED HD con Roku integrado y sonido Dolby Audio - Modelo 2025,241.21,81,ACTIVE,2025-04-19 23:53:48,2025-05-28 00:18:42
4939,PROD-04919,"Xiaomi Smart TV 32"" HD LED",Televisor LED HD con Roku integrado y sonido Dolby Audio - Modelo 2026,208.82,147,ACTIVE,2026-07-10 03:18:18,2026-07-26 03:12:45
4940,PROD-04920,"Sony Smart TV 55"" 4K QLED",Televisor QLED con tecnología Quantum Dot y diseño ultra fino - Modelo 2023,689.74,21,ACTIVE,2026-05-15 23:51:48,2026-05-27 15:54:01
4941,PROD-04921,"Samsung Smart TV 85"" 8K Master",Pantalla premium de máxima resolución con inteligencia artificial - Modelo 2024,2948.05,34,ACTIVE,2025-11-03 12:00:55,2025-11-04 06:07:18
4942,PROD-04922,"Hisense Smart TV 65"" 4K UHD",Pantalla grande con Dolby Vision Atmos y control por voz - Modelo 2025,933.19,94,DISCONTINUED,2025-07-23 12:35:30,2025-08-21 13:26:50
4943,PROD-04923,"Philips Smart TV 55"" 4K QLED",Televisor QLED con tecnología Quantum Dot y diseño ultra fino - Modelo 2026,703.08,18,ACTIVE,2025-05-09 10:17:09,2025-06-04 10:05:20
4944,PROD-04924,"LG Smart TV 55"" 4K QLED",Televisor QLED con tecnología Quantum Dot y diseño ultra fino - Modelo 2023,669.39,27,ACTIVE,2025-12-06 18:11:45,2025-12-11 00:37:01
4945,PROD-04925,"Hisense Smart TV 85"" 8K Master",Pantalla premium de máxima resolución con inteligencia artificial - Modelo 2024,2581.13,70,ACTIVE,2025-07-30 18:18:44,2025-09-02 06:38:32
4946,PROD-04926,"Samsung Smart TV 43"" 4K UHD",Televisor inteligente con HDR10+ y sistema operativo webOS - Modelo 2025,388.84,130,INACTIVE,2025-06-28 07:35:57,2025-08-13 08:14:24
4947,PROD-04927,"TCL Smart TV 85"" 8K Master",Pantalla premium de máxima resolución con inteligencia artificial - Modelo 2026,2844.76,101,INACTIVE,2026-04-14 13:09:34,2026-05-21 02:59:52
4948,PROD-04928,"Sony Smart TV 32"" HD LED",Televisor LED HD con Roku integrado y sonido Dolby Audio - Modelo 2023,219.34,101,INACTIVE,2025-09-06 22:25:14,2025-09-23 00:15:18
4949,PROD-04929,"LG Smart TV 32"" HD LED",Televisor LED HD con Roku integrado y sonido Dolby Audio - Modelo 2024,272.86,28,ACTIVE,2025-03-29 05:37:17,2025-05-16 15:29:35
4950,PROD-04930,"TCL Smart TV 55"" 4K QLED",Televisor QLED con tecnología Quantum Dot y diseño ultra fino - Modelo 2025,646.3,83,DISCONTINUED,2025-05-04 15:20:49,2025-05-16 05:44:27
4951,PROD-04931,"Philips Smart TV 50"" 4K Crystal",Pantalla UHD con procesador Crystal 4K y PurColor - Modelo 2026,463.95,27,INACTIVE,2025-03-14 12:45:20,2025-04-30 11:21:35
4952,PROD-04932,"Samsung Smart TV 43"" 4K UHD",Televisor inteligente con HDR10+ y sistema operativo webOS - Modelo 2023,426.96,82,DISCONTINUED,2025-05-11 17:50:18,2025-05-15 13:57:58
4953,PROD-04933,"Panasonic Smart TV 65"" 4K UHD",Pantalla grande con Dolby Vision Atmos y control por voz - Modelo 2024,880.79,56,INACTIVE,2025-03-26 12:51:36,2025-04-20 05:53:01
4954,PROD-04934,"Xiaomi Smart TV 65"" 4K UHD",Pantalla grande con Dolby Vision Atmos y control por voz - Modelo 2025,927.99,64,INACTIVE,2025-01-10 20:53:32,2025-01-24 21:37:31
4955,PROD-04935,"Philips Smart TV 32"" HD LED",Televisor LED HD con Roku integrado y sonido Dolby Audio - Modelo 2026,244.6,94,INACTIVE,2025-08-31 02:58:22,2025-10-06 00:01:48
4956,PROD-04936,"LG Smart TV 75"" 4K Frameless",Televisor sin bordes de gran formato con panel LED avanzado - Modelo 2023,1371.1,67,DISCONTINUED,2025-11-29 00:27:41,2025-12-16 09:50:00
4957,PROD-04937,"TCL Smart TV 50"" 4K Crystal",Pantalla UHD con procesador Crystal 4K y PurColor - Modelo 2024,459.99,68,DISCONTINUED,2025-08-13 11:36:45,2025-08-26 01:42:14
4958,PROD-04938,"Panasonic Smart TV 40"" Full HD",Pantalla plana Full HD con puertos HDMI y USB multimedia - Modelo 2025,310.7,130,DISCONTINUED,2025-02-22 19:39:42,2025-03-08 12:37:17
4959,PROD-04939,"Hisense Smart TV 85"" 8K Master",Pantalla premium de máxima resolución con inteligencia artificial - Modelo 2026,2617.02,137,ACTIVE,2026-03-13 04:49:24,2026-03-13 17:58:12
4960,PROD-04940,"Hisense Smart TV 85"" 8K Master",Pantalla premium de máxima resolución con inteligencia artificial - Modelo 2023,2877.66,29,DISCONTINUED,2025-09-10 03:24:46,2025-10-12 19:01:35
4961,PROD-04941,"TCL Smart TV 32"" HD LED",Televisor LED HD con Roku integrado y sonido Dolby Audio - Modelo 2024,271.73,136,ACTIVE,2025-10-27 21:46:18,2025-12-12 09:14:34
4962,PROD-04942,"Hisense Smart TV 50"" 4K Crystal",Pantalla UHD con procesador Crystal 4K y PurColor - Modelo 2025,458.52,44,INACTIVE,2025-04-27 05:06:50,2025-05-30 12:43:10
4963,PROD-04943,"Sony Smart TV 85"" 8K Master",Pantalla premium de máxima resolución con inteligencia artificial - Modelo 2026,2578.64,15,ACTIVE,2026-07-18 19:14:09,2026-08-31 02:35:48
4964,PROD-04944,"LG Smart TV 65"" 4K UHD",Pantalla grande con Dolby Vision Atmos y control por voz - Modelo 2023,884.71,35,ACTIVE,2025-06-29 03:54:12,2025-08-10 07:52:30
4965,PROD-04945,"Philips Smart TV 43"" 4K UHD",Televisor inteligente con HDR10+ y sistema operativo webOS - Modelo 2024,459.12,52,DISCONTINUED,2026-07-20 07:33:06,2026-08-23 07:32:31
4966,PROD-04946,"Samsung Smart TV 65"" 4K UHD",Pantalla grande con Dolby Vision Atmos y control por voz - Modelo 2025,885.36,60,DISCONTINUED,2025-03-07 07:24:53,2025-04-09 09:43:51
4967,PROD-04947,"LG Smart TV 65"" 4K UHD",Pantalla grande con Dolby Vision Atmos y control por voz - Modelo 2026,808.64,137,DISCONTINUED,2026-05-21 15:41:14,2026-06-20 11:00:39
4968,PROD-04948,"Philips Smart TV 40"" Full HD",Pantalla plana Full HD con puertos HDMI y USB multimedia - Modelo 2023,312.51,145,DISCONTINUED,2026-04-16 06:59:43,2026-05-11 21:09:42
4969,PROD-04949,"Xiaomi Smart TV 40"" Full HD",Pantalla plana Full HD con puertos HDMI y USB multimedia - Modelo 2024,340.07,115,ACTIVE,2025-07-26 19:08:15,2025-08-16 03:53:46
4970,PROD-04950,"Philips Smart TV 43"" 4K UHD",Televisor inteligente con HDR10+ y sistema operativo webOS - Modelo 2025,410.94,111,DISCONTINUED,2025-07-24 13:20:46,2025-08-27 15:52:15
4971,PROD-04951,"TCL Smart TV 65"" 4K UHD",Pantalla grande con Dolby Vision Atmos y control por voz - Modelo 2026,890.01,73,ACTIVE,2026-04-08 02:40:49,2026-04-21 20:11:15
4972,PROD-04952,"Sony Smart TV 43"" 4K UHD",Televisor inteligente con HDR10+ y sistema operativo webOS - Modelo 2023,433.52,57,INACTIVE,2025-07-27 14:12:41,2025-09-06 01:34:47
4973,PROD-04953,"TCL Smart TV 75"" 4K Frameless",Televisor sin bordes de gran formato con panel LED avanzado - Modelo 2024,1239.26,4,ACTIVE,2026-04-19 15:03:26,2026-06-08 05:56:36
4974,PROD-04954,"Xiaomi Smart TV 85"" 8K Master",Pantalla premium de máxima resolución con inteligencia artificial - Modelo 2025,2705.29,9,ACTIVE,2025-05-02 11:45:05,2025-06-05 07:20:21
4975,PROD-04955,"TCL Smart TV 65"" 4K UHD",Pantalla grande con Dolby Vision Atmos y control por voz - Modelo 2026,908.36,137,ACTIVE,2026-07-25 08:40:37,2026-09-07 10:03:42
4976,PROD-04956,"Samsung Smart TV 43"" 4K UHD",Televisor inteligente con HDR10+ y sistema operativo webOS - Modelo 2023,435.44,122,ACTIVE,2025-04-02 09:22:27,2025-05-11 18:16:48
4977,PROD-04957,"Xiaomi Smart TV 43"" 4K UHD",Televisor inteligente con HDR10+ y sistema operativo webOS - Modelo 2024,377.3,33,INACTIVE,2026-01-21 16:38:25,2026-02-09 07:45:41
4978,PROD-04958,"Panasonic Smart TV 43"" 4K UHD",Televisor inteligente con HDR10+ y sistema operativo webOS - Modelo 2025,347.87,19,ACTIVE,2025-07-21 08:37:47,2025-08-25 22:22:21
4979,PROD-04959,"Samsung Smart TV 75"" 4K Frameless",Televisor sin bordes de gran formato con panel LED avanzado - Modelo 2026,1282.22,63,ACTIVE,2026-06-28 20:22:51,2026-07-11 02:20:36
4980,PROD-04960,"Philips Smart TV 43"" 4K UHD",Televisor inteligente con HDR10+ y sistema operativo webOS - Modelo 2023,447.66,112,INACTIVE,2025-01-05 03:33:56,2025-01-14 21:43:13
4981,PROD-04961,"Hisense Smart TV 50"" 4K Crystal",Pantalla UHD con procesador Crystal 4K y PurColor - Modelo 2024,452.85,30,ACTIVE,2025-10-14 08:52:48,2025-11-15 17:05:18
4982,PROD-04962,"Samsung Smart TV 75"" 4K Frameless",Televisor sin bordes de gran formato con panel LED avanzado - Modelo 2025,1292.54,60,INACTIVE,2026-01-11 12:24:04,2026-01-20 15:31:18
4983,PROD-04963,"LG Smart TV 55"" 4K QLED",Televisor QLED con tecnología Quantum Dot y diseño ultra fino - Modelo 2026,652.99,112,ACTIVE,2026-02-28 22:39:55,2026-03-04 01:59:41
4984,PROD-04964,"Samsung Smart TV 50"" 4K Crystal",Pantalla UHD con procesador Crystal 4K y PurColor - Modelo 2023,444.79,26,DISCONTINUED,2025-01-16 19:13:18,2025-01-22 03:27:51
4985,PROD-04965,"LG Smart TV 43"" 4K UHD",Televisor inteligente con HDR10+ y sistema operativo webOS - Modelo 2024,423.6,85,DISCONTINUED,2025-01-21 21:05:02,2025-02-09 08:22:53
4986,PROD-04966,"Samsung Smart TV 85"" 8K Master",Pantalla premium de máxima resolución con inteligencia artificial - Modelo 2025,2877.47,66,INACTIVE,2025-05-28 16:41:43,2025-06-03 08:58:07
4987,PROD-04967,"Xiaomi Smart TV 40"" Full HD",Pantalla plana Full HD con puertos HDMI y USB multimedia - Modelo 2026,345.51,12,ACTIVE,2025-12-15 04:29:00,2026-01-15 13:59:49
4988,PROD-04968,"Philips Smart TV 65"" 4K UHD",Pantalla grande con Dolby Vision Atmos y control por voz - Modelo 2023,816.58,144,ACTIVE,2025-11-06 09:10:13,2025-12-08 17:12:28
4989,PROD-04969,"Hisense Smart TV 43"" 4K UHD",Televisor inteligente con HDR10+ y sistema operativo webOS - Modelo 2024,342.38,147,ACTIVE,2026-04-06 03:30:54,2026-04-16 00:56:12
4990,PROD-04970,"Xiaomi Smart TV 55"" 4K QLED",Televisor QLED con tecnología Quantum Dot y diseño ultra fino - Modelo 2025,719.81,108,ACTIVE,2025-01-11 22:21:23,2025-02-23 03:28:31
4991,PROD-04971,"Samsung Smart TV 32"" HD LED",Televisor LED HD con Roku integrado y sonido Dolby Audio - Modelo 2026,269.01,12,INACTIVE,2025-11-10 07:59:02,2025-12-27 06:40:17
4992,PROD-04972,"TCL Smart TV 40"" Full HD",Pantalla plana Full HD con puertos HDMI y USB multimedia - Modelo 2023,305.52,124,ACTIVE,2026-02-10 12:27:25,2026-02-22 17:55:47
4993,PROD-04973,"Panasonic Smart TV 85"" 8K Master",Pantalla premium de máxima resolución con inteligencia artificial - Modelo 2024,2808.87,1,ACTIVE,2026-07-19 20:52:42,2026-08-06 09:02:51
4994,PROD-04974,"Samsung Smart TV 65"" 4K UHD",Pantalla grande con Dolby Vision Atmos y control por voz - Modelo 2025,844.95,24,DISCONTINUED,2026-01-15 19:03:52,2026-03-03 08:57:24
4995,PROD-04975,"Hisense Smart TV 32"" HD LED",Televisor LED HD con Roku integrado y sonido Dolby Audio - Modelo 2026,291.54,40,ACTIVE,2025-10-10 10:24:37,2025-10-16 14:58:29
4996,PROD-04976,"Hisense Smart TV 50"" 4K Crystal",Pantalla UHD con procesador Crystal 4K y PurColor - Modelo 2023,507.06,66,ACTIVE,2025-01-27 22:24:16,2025-01-29 07:29:54
4997,PROD-04977,"Samsung Smart TV 65"" 4K UHD",Pantalla grande con Dolby Vision Atmos y control por voz - Modelo 2024,805.8,73,DISCONTINUED,2026-08-22 21:06:35,2026-08-23 17:10:55
4998,PROD-04978,"Hisense Smart TV 65"" 4K UHD",Pantalla grande con Dolby Vision Atmos y control por voz - Modelo 2025,899.56,70,INACTIVE,2026-07-12 05:08:20,2026-08-16 14:14:08
4999,PROD-04979,"TCL Smart TV 40"" Full HD",Pantalla plana Full HD con puertos HDMI y USB multimedia - Modelo 2026,325.38,16,ACTIVE,2025-09-15 10:54:33,2025-09-17 08:06:40
5000,PROD-04980,"Panasonic Smart TV 40"" Full HD",Pantalla plana Full HD con puertos HDMI y USB multimedia - Modelo 2023,290.79,9,INACTIVE,2026-04-08 02:00:01,2026-05-18 22:39:07
5001,PROD-04981,"Xiaomi Smart TV 40"" Full HD",Pantalla plana Full HD con puertos HDMI y USB multimedia - Modelo 2024,296.54,119,ACTIVE,2025-10-24 00:55:23,2025-10-28 20:50:09
5002,PROD-04982,"Philips Smart TV 75"" 4K Frameless",Televisor sin bordes de gran formato con panel LED avanzado - Modelo 2025,1308.8,107,ACTIVE,2026-07-01 14:48:17,2026-07-23 10:16:17
5003,PROD-04983,"Sony Smart TV 50"" 4K Crystal",Pantalla UHD con procesador Crystal 4K y PurColor - Modelo 2026,482.89,65,DISCONTINUED,2025-05-31 18:50:50,2025-06-12 12:38:35
5004,PROD-04984,"Samsung Smart TV 65"" 4K UHD",Pantalla grande con Dolby Vision Atmos y control por voz - Modelo 2023,831.0,6,DISCONTINUED,2026-06-15 15:24:30,2026-07-01 15:22:13
5005,PROD-04985,"TCL Smart TV 85"" 8K Master",Pantalla premium de máxima resolución con inteligencia artificial - Modelo 2024,2753.1,97,ACTIVE,2026-06-11 16:23:41,2026-07-17 00:20:35
5006,PROD-04986,"TCL Smart TV 50"" 4K Crystal",Pantalla UHD con procesador Crystal 4K y PurColor - Modelo 2025,484.28,137,INACTIVE,2025-11-03 17:02:09,2025-11-10 16:52:36
5007,PROD-04987,"Xiaomi Smart TV 85"" 8K Master",Pantalla premium de máxima resolución con inteligencia artificial - Modelo 2026,2741.25,121,ACTIVE,2025-10-27 22:35:26,2025-11-05 10:32:49
5008,PROD-04988,"Sony Smart TV 40"" Full HD",Pantalla plana Full HD con puertos HDMI y USB multimedia - Modelo 2023,352.17,3,ACTIVE,2025-06-04 08:26:52,2025-06-28 07:35:02
5009,PROD-04989,"LG Smart TV 40"" Full HD",Pantalla plana Full HD con puertos HDMI y USB multimedia - Modelo 2024,279.93,32,ACTIVE,2026-01-24 18:40:28,2026-03-11 21:15:08
5010,PROD-04990,"Xiaomi Smart TV 50"" 4K Crystal",Pantalla UHD con procesador Crystal 4K y PurColor - Modelo 2025,466.61,35,ACTIVE,2025-11-13 20:15:40,2026-01-02 17:36:44
5011,PROD-04991,"Samsung Smart TV 40"" Full HD",Pantalla plana Full HD con puertos HDMI y USB multimedia - Modelo 2026,288.91,88,ACTIVE,2025-05-23 23:36:44,2025-06-03 05:40:22
5012,PROD-04992,"Philips Smart TV 75"" 4K Frameless",Televisor sin bordes de gran formato con panel LED avanzado - Modelo 2023,1298.24,55,ACTIVE,2026-01-12 01:45:41,2026-01-13 08:37:55
5013,PROD-04993,"Xiaomi Smart TV 40"" Full HD",Pantalla plana Full HD con puertos HDMI y USB multimedia - Modelo 2024,299.63,83,ACTIVE,2026-06-09 19:32:46,2026-07-04 02:27:18
5014,PROD-04994,"Panasonic Smart TV 43"" 4K UHD",Televisor inteligente con HDR10+ y sistema operativo webOS - Modelo 2025,413.45,55,INACTIVE,2025-04-30 05:28:43,2025-06-17 03:51:18
5015,PROD-04995,"Samsung Smart TV 65"" 4K UHD",Pantalla grande con Dolby Vision Atmos y control por voz - Modelo 2026,916.5,56,INACTIVE,2025-07-06 13:37:06,2025-07-27 20:53:23
5016,PROD-04996,"Xiaomi Smart TV 32"" HD LED",Televisor LED HD con Roku integrado y sonido Dolby Audio - Modelo 2023,215.66,107,ACTIVE,2026-05-11 06:56:28,2026-06-22 17:13:11
5017,PROD-04997,"Sony Smart TV 43"" 4K UHD",Televisor inteligente con HDR10+ y sistema operativo webOS - Modelo 2024,354.93,123,DISCONTINUED,2026-02-25 09:55:34,2026-02-25 12:47:38
5018,PROD-04998,"Sony Smart TV 85"" 8K Master",Pantalla premium de máxima resolución con inteligencia artificial - Modelo 2025,2729.82,2,DISCONTINUED,2026-03-12 08:17:37,2026-03-16 15:20:22
5019,PROD-04999,"Philips Smart TV 32"" HD LED",Televisor LED HD con Roku integrado y sonido Dolby Audio - Modelo 2026,237.01,67,ACTIVE,2025-06-07 18:42:22,2025-07-01 16:23:50
5020,PROD-05000,"Xiaomi Smart TV 32"" HD LED",Televisor LED HD con Roku integrado y sonido Dolby Audio - Modelo 2023,248.99,29,ACTIVE,2025-12-12 04:52:26,2026-01-10 22:41:13
5021,PROD-05001,"Sony Smart TV 75"" 4K Frameless",Televisor sin bordes de gran formato con panel LED avanzado - Modelo 2024,1306.85,99,ACTIVE,2026-01-09 18:50:04,2026-02-24 00:50:48
5022,PROD-05002,"Samsung Smart TV 65"" 4K UHD",Pantalla grande con Dolby Vision Atmos y control por voz - Modelo 2025,956.62,142,ACTIVE,2026-01-30 09:13:30,2026-02-12 20:26:25
5023,PROD-05003,"Panasonic Smart TV 50"" 4K Crystal",Pantalla UHD con procesador Crystal 4K y PurColor - Modelo 2026,465.88,93,DISCONTINUED,2025-01-24 15:56:38,2025-01-26 05:27:33
5024,PROD-05004,"Philips Smart TV 55"" 4K QLED",Televisor QLED con tecnología Quantum Dot y diseño ultra fino - Modelo 2023,667.93,51,ACTIVE,2026-05-12 10:36:37,2026-06-14 09:15:59
5025,PROD-05005,"TCL Smart TV 43"" 4K UHD",Televisor inteligente con HDR10+ y sistema operativo webOS - Modelo 2024,387.82,61,ACTIVE,2026-04-29 08:13:43,2026-05-16 00:23:42
5026,PROD-05006,"Samsung Smart TV 43"" 4K UHD",Televisor inteligente con HDR10+ y sistema operativo webOS - Modelo 2025,398.06,48,ACTIVE,2025-05-06 09:36:51,2025-06-01 15:05:10
5027,PROD-05007,"Panasonic Smart TV 43"" 4K UHD",Televisor inteligente con HDR10+ y sistema operativo webOS - Modelo 2026,401.68,121,ACTIVE,2025-12-24 13:15:35,2026-01-29 15:14:40
